title,brand,price,image_urls,description,url
Jewel Neck Flare Dress,Monique Lhuillier,2995.0,"[""https://harpersbazaarprod.vtexassets.com/unsafe/154x0/center/middle/filters:quality(60)/https%3A%2F%2Fharpersbazaarprod.vtexassets.com%2Farquivos%2Fids%2F231682%2Fimage_1.jpg%3Fv%3D638574359252400000"", ""https://harpersbazaarprod.vtexassets.com/unsafe/154x0/center/middle/filters:quality(60)/https%3A%2F%2Fharpersbazaarprod.vtexassets.com%2Farquivos%2Fids%2F231684%2Fimage_2.jpg%3Fv%3D638574359257530000"", ""https://harpersbazaarprod.vtexassets.com/unsafe/154x0/center/middle/filters:quality(60)/https%3A%2F%2Fharpersbazaarprod.vtexassets.com%2Farquivos%2Fids%2F231683%2Fimage_3.jpg%3Fv%3D638574359255670000"", ""https://harpersbazaarprod.vtexassets.com/unsafe/154x0/center/middle/filters:quality(60)/https%3A%2F%2Fharpersbazaarprod.vtexassets.com%2Farquivos%2Fids%2F231681%2Fimage_4.jpg%3Fv%3D638574359249900000""]","Monique Lhuillier Jewel Neck Flare Dress in French rose.
100% Polyester
Spot Clean
Made in USA",https://shop.harpersbazaar.com/jewel-neck-flare-dress-1721839124460-12964/p
Striped Floral Midi Dress,Maison Common,2495.0,"[""https://harpersbazaarprod.vtexassets.com/unsafe/154x0/center/middle/filters:quality(60)/https%3A%2F%2Fharpersbazaarprod.vtexassets.com%2Farquivos%2Fids%2F546423%2Fimage_1.jpg%3Fv%3D638640954197130000"", ""https://harpersbazaarprod.vtexassets.com/unsafe/154x0/center/middle/filters:quality(60)/https%3A%2F%2Fharpersbazaarprod.vtexassets.com%2Farquivos%2Fids%2F546425%2Fimage_2.jpg%3Fv%3D638640954200400000"", ""https://harpersbazaarprod.vtexassets.com/unsafe/154x0/center/middle/filters:quality(60)/https%3A%2F%2Fharpersbazaarprod.vtexassets.com%2Farquivos%2Fids%2F546424%2Fimage_3.jpg%3Fv%3D638640954198670000"", ""https://harpersbazaarprod.vtexassets.com/unsafe/154x0/center/middle/filters:quality(60)/https%3A%2F%2Fharpersbazaarprod.vtexassets.com%2Farquivos%2Fids%2F546420%2Fimage_4.jpg%3Fv%3D638640954191870000"", ""https://harpersbazaarprod.vtexassets.com/unsafe/154x0/center/middle/filters:quality(60)/https%3A%2F%2Fharpersbazaarprod.vtexassets.com%2Farquivos%2Fids%2F546419%2Fimage_5.jpg%3Fv%3D638640954190930000"", ""https://harpersbazaarprod.vtexassets.com/unsafe/154x0/center/middle/filters:quality(60)/https%3A%2F%2Fharpersbazaarprod.vtexassets.com%2Farquivos%2Fids%2F546422%2Fimage_6.jpg%3Fv%3D638640954196070000"", ""https://harpersbazaarprod.vtexassets.com/unsafe/154x0/center/middle/filters:quality(60)/https%3A%2F%2Fharpersbazaarprod.vtexassets.com%2Farquivos%2Fids%2F546421%2Fimage_7.jpg%3Fv%3D638640954193100000"", ""https://harpersbazaarprod.vtexassets.com/unsafe/154x0/center/middle/filters:quality(60)/https%3A%2F%2Fharpersbazaarprod.vtexassets.com%2Farquivos%2Fids%2F546418%2Fimage_8.jpg%3Fv%3D638640954189200000""]","Maison Common Striped Floral Midi Dress in Pink and White. 
100% Cotton 
Dry Clean 
Made in Germany",https://shop.harpersbazaar.com/striped-floral-midi-dress-1728496807059-70970/p
Boatneck Maxi Dress,Majestic Filatures,195.0,"[""https://harpersbazaarprod.vtexassets.com/unsafe/154x0/center/middle/filters:quality(60)/https%3A%2F%2Fharpersbazaarprod.vtexassets.com%2Farquivos%2Fids%2F546261%2Fimage_1.jpg%3Fv%3D638640900090300000"", ""https://harpersbazaarprod.vtexassets.com/unsafe/154x0/center/middle/filters:quality(60)/https%3A%2F%2Fharpersbazaarprod.vtexassets.com%2Farquivos%2Fids%2F546263%2Fimage_2.jpg%3Fv%3D638640900096100000"", ""https://harpersbazaarprod.vtexassets.com/unsafe/154x0/center/middle/filters:quality(60)/https%3A%2F%2Fharpersbazaarprod.vtexassets.com%2Farquivos%2Fids%2F546262%2Fimage_3.jpg%3Fv%3D638640900094070000"", ""https://harpersbazaarprod.vtexassets.com/unsafe/154x0/center/middle/filters:quality(60)/https%3A%2F%2Fharpersbazaarprod.vtexassets.com%2Farquivos%2Fids%2F546260%2Fimage_4.jpg%3Fv%3D638640900089170000"", ""https://harpersbazaarprod.vtexassets.com/unsafe/154x0/center/middle/filters:quality(60)/https%3A%2F%2Fharpersbazaarprod.vtexassets.com%2Farquivos%2Fids%2F546259%2Fimage_5.jpg%3Fv%3D638640900087000000""]","Majestic Filatures Boatneck Maxi Dress in Marine.
94% Viscose, 6% Elastane
Machine Wash
Imported",https://shop.harpersbazaar.com/boatneck-maxi-dress-1728493208269-70937/p
Lily Dress,Altuzarra,1885.0,"[""https://harpersbazaarprod.vtexassets.com/unsafe/154x0/center/middle/filters:quality(60)/https%3A%2F%2Fharpersbazaarprod.vtexassets.com%2Farquivos%2Fids%2F633304%2Fimage_1.jpg%3Fv%3D638671122123130000"", ""https://harpersbazaarprod.vtexassets.com/unsafe/154x0/center/middle/filters:quality(60)/https%3A%2F%2Fharpersbazaarprod.vtexassets.com%2Farquivos%2Fids%2F633305%2Fimage_2.jpg%3Fv%3D638671122127670000"", ""https://harpersbazaarprod.vtexassets.com/unsafe/154x0/center/middle/filters:quality(60)/https%3A%2F%2Fharpersbazaarprod.vtexassets.com%2Farquivos%2Fids%2F534152%2Fimage_3.jpg%3Fv%3D638640036169970000"", ""https://harpersbazaarprod.vtexassets.com/unsafe/154x0/center/middle/filters:quality(60)/https%3A%2F%2Fharpersbazaarprod.vtexassets.com%2Farquivos%2Fids%2F542893%2Fimage_4.jpg%3Fv%3D638640036164770000""]",The ultimate rouched eyelet dress. Strolling along the Seine in France... or meeting your friends for brunch. This dress is a must have.,https://shop.harpersbazaar.com/lily-dress-1727809324937-68543/p
The Ellie Dress,Kirna Zabête,395.0,"[""https://harpersbazaarprod.vtexassets.com/unsafe/154x0/center/middle/filters:quality(60)/https%3A%2F%2Fharpersbazaarprod.vtexassets.com%2Farquivos%2Fids%2F533440%2Fimage_1.jpg%3Fv%3D638633918427270000"", ""https://harpersbazaarprod.vtexassets.com/unsafe/154x0/center/middle/filters:quality(60)/https%3A%2F%2Fharpersbazaarprod.vtexassets.com%2Farquivos%2Fids%2F533442%2Fimage_2.jpg%3Fv%3D638641530080900000"", ""https://harpersbazaarprod.vtexassets.com/unsafe/154x0/center/middle/filters:quality(60)/https%3A%2F%2Fharpersbazaarprod.vtexassets.com%2Farquivos%2Fids%2F533441%2Fimage_3.jpg%3Fv%3D638641530079000000"", ""https://harpersbazaarprod.vtexassets.com/unsafe/154x0/center/middle/filters:quality(60)/https%3A%2F%2Fharpersbazaarprod.vtexassets.com%2Farquivos%2Fids%2F533439%2Fimage_4.jpg%3Fv%3D638641530076830000"", ""https://harpersbazaarprod.vtexassets.com/unsafe/154x0/center/middle/filters:quality(60)/https%3A%2F%2Fharpersbazaarprod.vtexassets.com%2Farquivos%2Fids%2F533438%2Fimage_5.jpg%3Fv%3D638641530074630000""]","The Ellie Dress is a minimalist's dream summer shirtdress. It has a clean and pure silhouette in a lightweight denim. With a focus on the perfect fit, this dress nicely lays through the middle and gently grazes the body. This button-down shirtdress features an elbow-length sleeve. 
Designed by founder Beth Buccini.
Composition: 100% Cotton
Size and Fit: Runs True to Size. 
Model is 5'9"" and wears a size S.
Origin: Made in USA",https://shop.harpersbazaar.com/the-ellie-dress-1727795041600-68367/p
The Gigi Dress,Kirna Zabête,395.0,"[""https://harpersbazaarprod.vtexassets.com/unsafe/154x0/center/middle/filters:quality(60)/https%3A%2F%2Fharpersbazaarprod.vtexassets.com%2Farquivos%2Fids%2F533463%2Fimage_1.jpg%3Fv%3D638641332085600000"", ""https://harpersbazaarprod.vtexassets.com/unsafe/154x0/center/middle/filters:quality(60)/https%3A%2F%2Fharpersbazaarprod.vtexassets.com%2Farquivos%2Fids%2F533464%2Fimage_2.jpg%3Fv%3D638641332088100000""]","The Gigi Dress is a Midi-Length version of our best-selling Virginia Dress. This timeless Belted Shirt Dress Silhouette Exudes Elegance, making it the perfect Breezy Warm Weather Dress. Featuring a point Collar and Cap Sleeves, the Gigi Dress has front button fastening with a removable belt for a cinched waistline. Complete with a ruffled hem for added volume, this dress will be your no-brainer style throughout the summer. Did we mention it has pockets? Designed by founder Beth Buccini.",https://shop.harpersbazaar.com/the-gigi-dress-1727795030731-68372/p
Georgia Dress,Dwarmis,595.0,"[""https://harpersbazaarprod.vtexassets.com/unsafe/154x0/center/middle/filters:quality(60)/https%3A%2F%2Fharpersbazaarprod.vtexassets.com%2Farquivos%2Fids%2F222247%2Fimage_1.jpg%3Fv%3D638601948128330000"", ""https://harpersbazaarprod.vtexassets.com/unsafe/154x0/center/middle/filters:quality(60)/https%3A%2F%2Fharpersbazaarprod.vtexassets.com%2Farquivos%2Fids%2F222249%2Fimage_2.jpg%3Fv%3D638601948132870000"", ""https://harpersbazaarprod.vtexassets.com/unsafe/154x0/center/middle/filters:quality(60)/https%3A%2F%2Fharpersbazaarprod.vtexassets.com%2Farquivos%2Fids%2F222248%2Fimage_3.jpg%3Fv%3D638601948130200000"", ""https://harpersbazaarprod.vtexassets.com/unsafe/154x0/center/middle/filters:quality(60)/https%3A%2F%2Fharpersbazaarprod.vtexassets.com%2Farquivos%2Fids%2F222246%2Fimage_4.jpg%3Fv%3D638601948123800000"", ""https://harpersbazaarprod.vtexassets.com/unsafe/154x0/center/middle/filters:quality(60)/https%3A%2F%2Fharpersbazaarprod.vtexassets.com%2Farquivos%2Fids%2F459349%2Fimage_5.jpg%3Fv%3D638601948121770000"", ""https://harpersbazaarprod.vtexassets.com/unsafe/154x0/center/middle/filters:quality(60)/https%3A%2F%2Fharpersbazaarprod.vtexassets.com%2Farquivos%2Fids%2F459350%2Fimage_6.jpg%3Fv%3D638601948126300000""]","Product Details:

Sleek effortless is reimagined in our opulent silk open back dress. The glamorous loose silhouette falls above the ankle and it has a side slit for ease of movement. Finished with heavy topstitch this dress will make you feel at your best and extremely comfortable.
Made in New York City

Material and Care:

-Woven Silk Satin/Silk Georgette: Silk (100%)
-No lining
-Silk Georgette tie at neck
-Open back
-Side slit
-Dry Clean
-Length: 50″ (127 cm) base on size XS/Small
-Style number: 4070",https://shop.harpersbazaar.com/georgia-dress-1721673020846-10756/p
Valerie Dress,Dwarmis,475.0,"[""https://harpersbazaarprod.vtexassets.com/unsafe/154x0/center/middle/filters:quality(60)/https%3A%2F%2Fharpersbazaarprod.vtexassets.com%2Farquivos%2Fids%2F222229%2Fimage_1.jpg%3Fv%3D638572698164400000"", ""https://harpersbazaarprod.vtexassets.com/unsafe/154x0/center/middle/filters:quality(60)/https%3A%2F%2Fharpersbazaarprod.vtexassets.com%2Farquivos%2Fids%2F222231%2Fimage_2.jpg%3Fv%3D638572698168470000"", ""https://harpersbazaarprod.vtexassets.com/unsafe/154x0/center/middle/filters:quality(60)/https%3A%2F%2Fharpersbazaarprod.vtexassets.com%2Farquivos%2Fids%2F222230%2Fimage_3.jpg%3Fv%3D638572698165330000"", ""https://harpersbazaarprod.vtexassets.com/unsafe/154x0/center/middle/filters:quality(60)/https%3A%2F%2Fharpersbazaarprod.vtexassets.com%2Farquivos%2Fids%2F222228%2Fimage_4.jpg%3Fv%3D638572698162500000""]","Product Details :
The Valerie Dress is easy perfect dress for the everyday. It has slightly opening on the back with self ties, bringing femininity to very cool shape.
Made in New York City

Material and Care:

-Dobby stripe fabric: (100% Cotton)
-Loose fit
-Fits from XS to L
-Cotton voile lining
-body length: 47 3/4″ (121.28cm) ; sleeve length: 22.5″ (57.15cm)
-style number: 406",https://shop.harpersbazaar.com/valerie-dress-1721673015874-10751/p
Cavola Embroidered Long Dress,Loulou De Saison,710.0,"[""https://harpersbazaarprod.vtexassets.com/unsafe/154x0/center/middle/filters:quality(60)/https%3A%2F%2Fharpersbazaarprod.vtexassets.com%2Farquivos%2Fids%2F458455%2Fimage_1.jpg%3Fv%3D638600130138270000"", ""https://harpersbazaarprod.vtexassets.com/unsafe/154x0/center/middle/filters:quality(60)/https%3A%2F%2Fharpersbazaarprod.vtexassets.com%2Farquivos%2Fids%2F429455%2Fimage_2.jpg%3Fv%3D638584759660200000"", ""https://harpersbazaarprod.vtexassets.com/unsafe/154x0/center/middle/filters:quality(60)/https%3A%2F%2Fharpersbazaarprod.vtexassets.com%2Farquivos%2Fids%2F429454%2Fimage_3.jpg%3Fv%3D638584759658470000"", ""https://harpersbazaarprod.vtexassets.com/unsafe/154x0/center/middle/filters:quality(60)/https%3A%2F%2Fharpersbazaarprod.vtexassets.com%2Farquivos%2Fids%2F429452%2Fimage_4.jpg%3Fv%3D638600130133900000"", ""https://harpersbazaarprod.vtexassets.com/unsafe/154x0/center/middle/filters:quality(60)/https%3A%2F%2Fharpersbazaarprod.vtexassets.com%2Farquivos%2Fids%2F429451%2Fimage_5.jpg%3Fv%3D638600130131500000"", ""https://harpersbazaarprod.vtexassets.com/unsafe/154x0/center/middle/filters:quality(60)/https%3A%2F%2Fharpersbazaarprod.vtexassets.com%2Farquivos%2Fids%2F429453%2Fimage_6.jpg%3Fv%3D638600130135600000""]",Embroidered Empire Elegance. This dress is absolutely beautiful with the textured fabric detail. It also has pockets!! Style this for your next bridal event or wear it with a causal shoe for a simple look.,https://shop.harpersbazaar.com/cavola-embroidered-long-dress-1722879157898-43631/p
Edna Dress,Sara Roka,1550.0,"[""https://harpersbazaarprod.vtexassets.com/unsafe/154x0/center/middle/filters:quality(60)/https%3A%2F%2Fharpersbazaarprod.vtexassets.com%2Farquivos%2Fids%2F428691%2Fimage_1.jpg%3Fv%3D638585028040670000"", ""https://harpersbazaarprod.vtexassets.com/unsafe/154x0/center/middle/filters:quality(60)/https%3A%2F%2Fharpersbazaarprod.vtexassets.com%2Farquivos%2Fids%2F428693%2Fimage_2.jpg%3Fv%3D638597772074400000"", ""https://harpersbazaarprod.vtexassets.com/unsafe/154x0/center/middle/filters:quality(60)/https%3A%2F%2Fharpersbazaarprod.vtexassets.com%2Farquivos%2Fids%2F428692%2Fimage_3.jpg%3Fv%3D638597772072500000"", ""https://harpersbazaarprod.vtexassets.com/unsafe/154x0/center/middle/filters:quality(60)/https%3A%2F%2Fharpersbazaarprod.vtexassets.com%2Farquivos%2Fids%2F428690%2Fimage_4.jpg%3Fv%3D638597772069870000"", ""https://harpersbazaarprod.vtexassets.com/unsafe/154x0/center/middle/filters:quality(60)/https%3A%2F%2Fharpersbazaarprod.vtexassets.com%2Farquivos%2Fids%2F428689%2Fimage_5.jpg%3Fv%3D638597772067670000""]","Sara Roka Edna dress in Pink/Magenta Degrade.
69% Cotton, 31% Silk 1° Interno: 100% Cotton 2° Interno: 100% Polyamide 
Dry clean only
Made in Italy",https://shop.harpersbazaar.com/edna-dress-1722636154016-43458/p
Butterfly Eyelet Gown,Alberta Ferretti,2795.0,"[""https://harpersbazaarprod.vtexassets.com/unsafe/154x0/center/middle/filters:quality(60)/https%3A%2F%2Fharpersbazaarprod.vtexassets.com%2Farquivos%2Fids%2F427510%2Fimage_1.jpg%3Fv%3D638581446165970000"", ""https://harpersbazaarprod.vtexassets.com/unsafe/154x0/center/middle/filters:quality(60)/https%3A%2F%2Fharpersbazaarprod.vtexassets.com%2Farquivos%2Fids%2F427512%2Fimage_2.jpg%3Fv%3D638597430038900000"", ""https://harpersbazaarprod.vtexassets.com/unsafe/154x0/center/middle/filters:quality(60)/https%3A%2F%2Fharpersbazaarprod.vtexassets.com%2Farquivos%2Fids%2F427511%2Fimage_3.jpg%3Fv%3D638597430037200000"", ""https://harpersbazaarprod.vtexassets.com/unsafe/154x0/center/middle/filters:quality(60)/https%3A%2F%2Fharpersbazaarprod.vtexassets.com%2Farquivos%2Fids%2F427509%2Fimage_4.jpg%3Fv%3D638597430034370000""]","Alberta Ferretti Butterfly Eyelet Gown in Turquoise.
51% Cotton 49% Polyester
Dry Clean
Made in Italy",https://shop.harpersbazaar.com/butterfly-eyelet-gown-1722544244099-43206/p
Xochi Dress,Veronica Beard,498.0,"[""https://harpersbazaarprod.vtexassets.com/unsafe/154x0/center/middle/filters:quality(60)/https%3A%2F%2Fharpersbazaarprod.vtexassets.com%2Farquivos%2Fids%2F419557%2Fimage_1.jpg%3Fv%3D638582526266570000"", ""https://harpersbazaarprod.vtexassets.com/unsafe/154x0/center/middle/filters:quality(60)/https%3A%2F%2Fharpersbazaarprod.vtexassets.com%2Farquivos%2Fids%2F419559%2Fimage_2.jpg%3Fv%3D638697024887330000"", ""https://harpersbazaarprod.vtexassets.com/unsafe/154x0/center/middle/filters:quality(60)/https%3A%2F%2Fharpersbazaarprod.vtexassets.com%2Farquivos%2Fids%2F419558%2Fimage_3.jpg%3Fv%3D638697024884200000"", ""https://harpersbazaarprod.vtexassets.com/unsafe/154x0/center/middle/filters:quality(60)/https%3A%2F%2Fharpersbazaarprod.vtexassets.com%2Farquivos%2Fids%2F419556%2Fimage_4.jpg%3Fv%3D638580602416000000"", ""https://harpersbazaarprod.vtexassets.com/unsafe/154x0/center/middle/filters:quality(60)/https%3A%2F%2Fharpersbazaarprod.vtexassets.com%2Farquivos%2Fids%2F419555%2Fimage_5.jpg%3Fv%3D638580602411930000""]","Veronica Beard Xochi Dress in Off White Coral.
90% Cotton, 8% Acrylic, 2% Polyester; Lining: 100% Polyester
Dry Clean
Imported",https://shop.harpersbazaar.com/xochi-dress-1722463440618-42010/p
Heirbaluisa Maxi Dress,Agua By Agua Bendita,1300.0,"[""https://harpersbazaarprod.vtexassets.com/unsafe/154x0/center/middle/filters:quality(60)/https%3A%2F%2Fharpersbazaarprod.vtexassets.com%2Farquivos%2Fids%2F419600%2Fimage_1.jpg%3Fv%3D638580602553670000"", ""https://harpersbazaarprod.vtexassets.com/unsafe/154x0/center/middle/filters:quality(60)/https%3A%2F%2Fharpersbazaarprod.vtexassets.com%2Farquivos%2Fids%2F419602%2Fimage_2.jpg%3Fv%3D638591598183470000"", ""https://harpersbazaarprod.vtexassets.com/unsafe/154x0/center/middle/filters:quality(60)/https%3A%2F%2Fharpersbazaarprod.vtexassets.com%2Farquivos%2Fids%2F419601%2Fimage_3.jpg%3Fv%3D638591598173570000"", ""https://harpersbazaarprod.vtexassets.com/unsafe/154x0/center/middle/filters:quality(60)/https%3A%2F%2Fharpersbazaarprod.vtexassets.com%2Farquivos%2Fids%2F419599%2Fimage_4.jpg%3Fv%3D638580602551630000""]","Agau By Agua Bendita Heirbaluisa Maxi Dress in Amanecer
100% Polyester
Dry Clean Only
Imported",https://shop.harpersbazaar.com/heirbaluisa-maxi-dress-1722463431923-42020/p
Valencia Dress - Black Floral,Christy Lynn,725.0,"[""https://harpersbazaarprod.vtexassets.com/unsafe/154x0/center/middle/filters:quality(60)/https%3A%2F%2Fharpersbazaarprod.vtexassets.com%2Farquivos%2Fids%2F417397%2Fimage_1.jpg%3Fv%3D638587584112400000"", ""https://harpersbazaarprod.vtexassets.com/unsafe/154x0/center/middle/filters:quality(60)/https%3A%2F%2Fharpersbazaarprod.vtexassets.com%2Farquivos%2Fids%2F429042%2Fimage_2.jpg%3Fv%3D638587584119270000"", ""https://harpersbazaarprod.vtexassets.com/unsafe/154x0/center/middle/filters:quality(60)/https%3A%2F%2Fharpersbazaarprod.vtexassets.com%2Farquivos%2Fids%2F438657%2Fimage_3.jpg%3Fv%3D638587584117400000""]","The Valencia Dress is a mid-thigh dress that features semi puff sleeves and buttons all the way down the front. Ships with a black stretch poly slip and a self-tie belt.

Composition: Italian Embroidered Linen
Care: Dry Clean Only
Made in New York.  Fabric imported from Italy.",https://shop.harpersbazaar.com/valencia-dress-black-floral-1722450732950-41472/p
Carrie Dress - Porcelain,Christy Lynn,725.0,"[""https://harpersbazaarprod.vtexassets.com/unsafe/154x0/center/middle/filters:quality(60)/https%3A%2F%2Fharpersbazaarprod.vtexassets.com%2Farquivos%2Fids%2F417327%2Fimage_1.jpg%3Fv%3D638587566214170000"", ""https://harpersbazaarprod.vtexassets.com/unsafe/154x0/center/middle/filters:quality(60)/https%3A%2F%2Fharpersbazaarprod.vtexassets.com%2Farquivos%2Fids%2F417329%2Fimage_2.jpg%3Fv%3D638587566220300000"", ""https://harpersbazaarprod.vtexassets.com/unsafe/154x0/center/middle/filters:quality(60)/https%3A%2F%2Fharpersbazaarprod.vtexassets.com%2Farquivos%2Fids%2F417328%2Fimage_3.jpg%3Fv%3D638587566217330000"", ""https://harpersbazaarprod.vtexassets.com/unsafe/154x0/center/middle/filters:quality(60)/https%3A%2F%2Fharpersbazaarprod.vtexassets.com%2Farquivos%2Fids%2F417325%2Fimage_4.jpg%3Fv%3D638587566211500000"", ""https://harpersbazaarprod.vtexassets.com/unsafe/154x0/center/middle/filters:quality(60)/https%3A%2F%2Fharpersbazaarprod.vtexassets.com%2Farquivos%2Fids%2F417324%2Fimage_5.jpg%3Fv%3D638587566208330000""]","Crafted in our Vegan Leather, the Carrie Dress is a Classic Silhouette reimagined with modern Floral Embroidery. The dress has a feminine Short Sleeve with a drop-waist, Single-Tier Skirt. It is complete with a Trapunto-Stitched self-tie belt, snap closures at the front placket and a matching slip.
Composition: Vegan Leather
Care: Dry Clean Only
Imported",https://shop.harpersbazaar.com/carrie-dress-porcelain-1722450716817-41453/p
Isadora Dress - Cosmos,Christy Lynn,695.0,"[""https://harpersbazaarprod.vtexassets.com/unsafe/154x0/center/middle/filters:quality(60)/https%3A%2F%2Fharpersbazaarprod.vtexassets.com%2Farquivos%2Fids%2F417306%2Fimage_1.jpg%3Fv%3D638581245517300000"", ""https://harpersbazaarprod.vtexassets.com/unsafe/154x0/center/middle/filters:quality(60)/https%3A%2F%2Fharpersbazaarprod.vtexassets.com%2Farquivos%2Fids%2F417308%2Fimage_2.jpg%3Fv%3D638591688551900000"", ""https://harpersbazaarprod.vtexassets.com/unsafe/154x0/center/middle/filters:quality(60)/https%3A%2F%2Fharpersbazaarprod.vtexassets.com%2Farquivos%2Fids%2F417307%2Fimage_3.jpg%3Fv%3D638591688548400000"", ""https://harpersbazaarprod.vtexassets.com/unsafe/154x0/center/middle/filters:quality(60)/https%3A%2F%2Fharpersbazaarprod.vtexassets.com%2Farquivos%2Fids%2F417303%2Fimage_4.jpg%3Fv%3D638591688537370000"", ""https://harpersbazaarprod.vtexassets.com/unsafe/154x0/center/middle/filters:quality(60)/https%3A%2F%2Fharpersbazaarprod.vtexassets.com%2Farquivos%2Fids%2F417302%2Fimage_5.jpg%3Fv%3D638591688532530000"", ""https://harpersbazaarprod.vtexassets.com/unsafe/154x0/center/middle/filters:quality(60)/https%3A%2F%2Fharpersbazaarprod.vtexassets.com%2Farquivos%2Fids%2F417305%2Fimage_6.jpg%3Fv%3D638591688544070000"", ""https://harpersbazaarprod.vtexassets.com/unsafe/154x0/center/middle/filters:quality(60)/https%3A%2F%2Fharpersbazaarprod.vtexassets.com%2Farquivos%2Fids%2F417304%2Fimage_7.jpg%3Fv%3D638591688540630000""]","The Isadora Dress in cosmos is made from luxurious crinkle silk chiffon in a stunning, flowy silhouette. Carefully crated with our signature hand smocking and delicate picot edge ruffles, this dress falls at mid calf and features a 2 tiered skirt. This fastens with self covered buttons at the front neck and is complete with a detachable self tie belt and matching stretch slip.
Composition: 100% Silk Crinkle Chiffon
Care: Dry Clean Only
Imported.",https://shop.harpersbazaar.com/isadora-dress-cosmos-1722450708207-41447/p
Penelope Dress - White,Christy Lynn,850.0,"[""https://harpersbazaarprod.vtexassets.com/unsafe/154x0/center/middle/filters:quality(60)/https%3A%2F%2Fharpersbazaarprod.vtexassets.com%2Farquivos%2Fids%2F417272%2Fimage_1.jpg%3Fv%3D638587548168600000"", ""https://harpersbazaarprod.vtexassets.com/unsafe/154x0/center/middle/filters:quality(60)/https%3A%2F%2Fharpersbazaarprod.vtexassets.com%2Farquivos%2Fids%2F438588%2Fimage_2.jpg%3Fv%3D638587548171870000"", ""https://harpersbazaarprod.vtexassets.com/unsafe/154x0/center/middle/filters:quality(60)/https%3A%2F%2Fharpersbazaarprod.vtexassets.com%2Farquivos%2Fids%2F438587%2Fimage_3.jpg%3Fv%3D638587548170470000""]","The Penelope is a Mid-Calf dress that features semi puff sleeves and buttons all the way down the front. Ships with a matching stretch poly slip and a self-tie belt.

Composition: Italian Embroidered Linen
Care: Dry Clean Only
Made in New York.  Fabric imported from Italy.",https://shop.harpersbazaar.com/penelope-dress-white-1722450697437-41437/p
Nikiya Dress - Pearl Prism,Christy Lynn,875.0,"[""https://harpersbazaarprod.vtexassets.com/unsafe/154x0/center/middle/filters:quality(60)/https%3A%2F%2Fharpersbazaarprod.vtexassets.com%2Farquivos%2Fids%2F417283%2Fimage_1.jpg%3Fv%3D638587566185930000"", ""https://harpersbazaarprod.vtexassets.com/unsafe/154x0/center/middle/filters:quality(60)/https%3A%2F%2Fharpersbazaarprod.vtexassets.com%2Farquivos%2Fids%2F417285%2Fimage_2.jpg%3Fv%3D638587566189070000"", ""https://harpersbazaarprod.vtexassets.com/unsafe/154x0/center/middle/filters:quality(60)/https%3A%2F%2Fharpersbazaarprod.vtexassets.com%2Farquivos%2Fids%2F417284%2Fimage_3.jpg%3Fv%3D638587566187800000"", ""https://harpersbazaarprod.vtexassets.com/unsafe/154x0/center/middle/filters:quality(60)/https%3A%2F%2Fharpersbazaarprod.vtexassets.com%2Farquivos%2Fids%2F417280%2Fimage_4.jpg%3Fv%3D638587566177300000"", ""https://harpersbazaarprod.vtexassets.com/unsafe/154x0/center/middle/filters:quality(60)/https%3A%2F%2Fharpersbazaarprod.vtexassets.com%2Farquivos%2Fids%2F417279%2Fimage_5.jpg%3Fv%3D638587566174800000"", ""https://harpersbazaarprod.vtexassets.com/unsafe/154x0/center/middle/filters:quality(60)/https%3A%2F%2Fharpersbazaarprod.vtexassets.com%2Farquivos%2Fids%2F417282%2Fimage_6.jpg%3Fv%3D638587566184000000"", ""https://harpersbazaarprod.vtexassets.com/unsafe/154x0/center/middle/filters:quality(60)/https%3A%2F%2Fharpersbazaarprod.vtexassets.com%2Farquivos%2Fids%2F417281%2Fimage_7.jpg%3Fv%3D638587566179800000""]","This mid-length, asymmetrical dress combines sexy and feminine into one look with the fitted waist and the elegant flow of the skirt. The Nikiya Dress is crafted in our custom floral Silk Burnout, making this special number a statement in any wardrobe. This fastens with an invisible zipper at the side and features a neck sash that lends a timeless grace. Complete with a nude stretch slip.

Composition: Silk Burnout
Care: Dry Clean Only
Imported.",https://shop.harpersbazaar.com/nikiya-dress-pearl-prism-1722450694978-41441/p
Penelope Dress,Lela Rose,1590.0,"[""https://harpersbazaarprod.vtexassets.com/unsafe/154x0/center/middle/filters:quality(60)/https%3A%2F%2Fharpersbazaarprod.vtexassets.com%2Farquivos%2Fids%2F417017%2Fimage_1.jpg%3Fv%3D638581245547200000"", ""https://harpersbazaarprod.vtexassets.com/unsafe/154x0/center/middle/filters:quality(60)/https%3A%2F%2Fharpersbazaarprod.vtexassets.com%2Farquivos%2Fids%2F417019%2Fimage_2.jpg%3Fv%3D638591436155300000"", ""https://harpersbazaarprod.vtexassets.com/unsafe/154x0/center/middle/filters:quality(60)/https%3A%2F%2Fharpersbazaarprod.vtexassets.com%2Farquivos%2Fids%2F417018%2Fimage_3.jpg%3Fv%3D638581245549630000"", ""https://harpersbazaarprod.vtexassets.com/unsafe/154x0/center/middle/filters:quality(60)/https%3A%2F%2Fharpersbazaarprod.vtexassets.com%2Farquivos%2Fids%2F417016%2Fimage_4.jpg%3Fv%3D638591436153400000""]","Lela Rose Penelope Dress in Magenta.
Viscose, Polyester
Dry Clean
Imported",https://shop.harpersbazaar.com/penelope-dress-1722445258262-41347/p
Halter Bodysuit,Michael Kors Collection,490.0,"[""https://harpersbazaarprod.vtexassets.com/unsafe/154x0/center/middle/filters:quality(60)/https%3A%2F%2Fharpersbazaarprod.vtexassets.com%2Farquivos%2Fids%2F416936%2Fimage_1.jpg%3Fv%3D638579775992230000"", ""https://harpersbazaarprod.vtexassets.com/unsafe/154x0/center/middle/filters:quality(60)/https%3A%2F%2Fharpersbazaarprod.vtexassets.com%2Farquivos%2Fids%2F416938%2Fimage_2.jpg%3Fv%3D638590824203100000"", ""https://harpersbazaarprod.vtexassets.com/unsafe/154x0/center/middle/filters:quality(60)/https%3A%2F%2Fharpersbazaarprod.vtexassets.com%2Farquivos%2Fids%2F416937%2Fimage_3.jpg%3Fv%3D638590824199530000""]","Michael Kors Halter Bodysuit in Optic White.
79% Viscose, 16% Polyester, 4% Nylon, 1% Elastane
Dry Clean
Imported",https://shop.harpersbazaar.com/halter-bodysuit-1722380798839-41327/p
Nansi Jumpsuit - Vermilion,Adam Lippes,2490.0,"[""https://harpersbazaarprod.vtexassets.com/unsafe/154x0/center/middle/filters:quality(60)/https%3A%2F%2Fharpersbazaarprod.vtexassets.com%2Farquivos%2Fids%2F415288%2Fimage_1.jpg%3Fv%3D638580384260930000"", ""https://harpersbazaarprod.vtexassets.com/unsafe/154x0/center/middle/filters:quality(60)/https%3A%2F%2Fharpersbazaarprod.vtexassets.com%2Farquivos%2Fids%2F415290%2Fimage_2.jpg%3Fv%3D638580384263600000"", ""https://harpersbazaarprod.vtexassets.com/unsafe/154x0/center/middle/filters:quality(60)/https%3A%2F%2Fharpersbazaarprod.vtexassets.com%2Farquivos%2Fids%2F415289%2Fimage_3.jpg%3Fv%3D638579718055200000"", ""https://harpersbazaarprod.vtexassets.com/unsafe/154x0/center/middle/filters:quality(60)/https%3A%2F%2Fharpersbazaarprod.vtexassets.com%2Farquivos%2Fids%2F415285%2Fimage_4.jpg%3Fv%3D638579718047570000"", ""https://harpersbazaarprod.vtexassets.com/unsafe/154x0/center/middle/filters:quality(60)/https%3A%2F%2Fharpersbazaarprod.vtexassets.com%2Farquivos%2Fids%2F415284%2Fimage_5.jpg%3Fv%3D638579718045700000"", ""https://harpersbazaarprod.vtexassets.com/unsafe/154x0/center/middle/filters:quality(60)/https%3A%2F%2Fharpersbazaarprod.vtexassets.com%2Farquivos%2Fids%2F415287%2Fimage_6.jpg%3Fv%3D638579718051130000"", ""https://harpersbazaarprod.vtexassets.com/unsafe/154x0/center/middle/filters:quality(60)/https%3A%2F%2Fharpersbazaarprod.vtexassets.com%2Farquivos%2Fids%2F415286%2Fimage_7.jpg%3Fv%3D638579718049130000"", ""https://harpersbazaarprod.vtexassets.com/unsafe/154x0/center/middle/filters:quality(60)/https%3A%2F%2Fharpersbazaarprod.vtexassets.com%2Farquivos%2Fids%2F415283%2Fimage_8.jpg%3Fv%3D638579718043800000""]","Adam Lippes Nansi Jumpsuit in Vermilion.
100% Silk
Dry Clean Only
Made in UNITED STATES",https://shop.harpersbazaar.com/nansi-jumpsuit-vermilion-1722375003532-40935/p
Sleeveless Turbino Midi Dress,Dolce&Gabbana,2345.0,"[""https://harpersbazaarprod.vtexassets.com/unsafe/154x0/center/middle/filters:quality(60)/https%3A%2F%2Fharpersbazaarprod.vtexassets.com%2Farquivos%2Fids%2F403015%2Fimage_1.jpg%3Fv%3D638581446225770000"", ""https://harpersbazaarprod.vtexassets.com/unsafe/154x0/center/middle/filters:quality(60)/https%3A%2F%2Fharpersbazaarprod.vtexassets.com%2Farquivos%2Fids%2F403017%2Fimage_2.jpg%3Fv%3D638581446231170000"", ""https://harpersbazaarprod.vtexassets.com/unsafe/154x0/center/middle/filters:quality(60)/https%3A%2F%2Fharpersbazaarprod.vtexassets.com%2Farquivos%2Fids%2F403016%2Fimage_3.jpg%3Fv%3D638581446228500000"", ""https://harpersbazaarprod.vtexassets.com/unsafe/154x0/center/middle/filters:quality(60)/https%3A%2F%2Fharpersbazaarprod.vtexassets.com%2Farquivos%2Fids%2F403014%2Fimage_4.jpg%3Fv%3D638581446222500000"", ""https://harpersbazaarprod.vtexassets.com/unsafe/154x0/center/middle/filters:quality(60)/https%3A%2F%2Fharpersbazaarprod.vtexassets.com%2Farquivos%2Fids%2F403013%2Fimage_5.jpg%3Fv%3D638581446218500000""]","Dolce & Gabbana Sleeveless Turbino Midi Dress in Leopard.

66% Silk 24% Polyamide 10% Spandex

Dry Clean

Made in Italy",https://shop.harpersbazaar.com/sleeveless-turbino-midi-dress-1722020961552-38189/p
Midi Sundress,Dolce&Gabbana,2445.0,"[""https://harpersbazaarprod.vtexassets.com/unsafe/154x0/center/middle/filters:quality(60)/https%3A%2F%2Fharpersbazaarprod.vtexassets.com%2Farquivos%2Fids%2F402993%2Fimage_1.jpg%3Fv%3D638576177555670000"", ""https://harpersbazaarprod.vtexassets.com/unsafe/154x0/center/middle/filters:quality(60)/https%3A%2F%2Fharpersbazaarprod.vtexassets.com%2Farquivos%2Fids%2F402995%2Fimage_2.jpg%3Fv%3D638576177561600000"", ""https://harpersbazaarprod.vtexassets.com/unsafe/154x0/center/middle/filters:quality(60)/https%3A%2F%2Fharpersbazaarprod.vtexassets.com%2Farquivos%2Fids%2F402994%2Fimage_3.jpg%3Fv%3D638576177558300000"", ""https://harpersbazaarprod.vtexassets.com/unsafe/154x0/center/middle/filters:quality(60)/https%3A%2F%2Fharpersbazaarprod.vtexassets.com%2Farquivos%2Fids%2F402992%2Fimage_4.jpg%3Fv%3D638576177554470000"", ""https://harpersbazaarprod.vtexassets.com/unsafe/154x0/center/middle/filters:quality(60)/https%3A%2F%2Fharpersbazaarprod.vtexassets.com%2Farquivos%2Fids%2F402991%2Fimage_5.jpg%3Fv%3D638576177551230000""]","Dolce & Gabbana Midi Sundress in White Garden.

Cotton Poplin

Dry Clean

Made in Italy",https://shop.harpersbazaar.com/midi-sundress-1722020954555-38184/p
Reverie Bodysuit,Live The Process,190.0,"[""https://harpersbazaarprod.vtexassets.com/unsafe/154x0/center/middle/filters:quality(60)/https%3A%2F%2Fharpersbazaarprod.vtexassets.com%2Farquivos%2Fids%2F628755%2Fimage_1.jpg%3Fv%3D638670299839330000"", ""https://harpersbazaarprod.vtexassets.com/unsafe/154x0/center/middle/filters:quality(60)/https%3A%2F%2Fharpersbazaarprod.vtexassets.com%2Farquivos%2Fids%2F628757%2Fimage_2.jpg%3Fv%3D638670299843500000"", ""https://harpersbazaarprod.vtexassets.com/unsafe/154x0/center/middle/filters:quality(60)/https%3A%2F%2Fharpersbazaarprod.vtexassets.com%2Farquivos%2Fids%2F628756%2Fimage_3.jpg%3Fv%3D638670299841970000""]",All choked up. We've amped up an everyday Bodysuit to include cutout and cinching detailing. Top it off with a neck strap and you get our Reverie Bodysuit.,https://shop.harpersbazaar.com/reverie-bodysuit-1731433182817-90478/p
Gabardine Dress,Bottega Veneta,2100.0,"[""https://harpersbazaarprod.vtexassets.com/unsafe/154x0/center/middle/filters:quality(60)/https%3A%2F%2Fharpersbazaarprod.vtexassets.com%2Farquivos%2Fids%2F528667%2Fimage_1.jpg%3Fv%3D638630538587800000"", ""https://harpersbazaarprod.vtexassets.com/unsafe/154x0/center/middle/filters:quality(60)/https%3A%2F%2Fharpersbazaarprod.vtexassets.com%2Farquivos%2Fids%2F528669%2Fimage_2.jpg%3Fv%3D638630538591000000"", ""https://harpersbazaarprod.vtexassets.com/unsafe/154x0/center/middle/filters:quality(60)/https%3A%2F%2Fharpersbazaarprod.vtexassets.com%2Farquivos%2Fids%2F528668%2Fimage_3.jpg%3Fv%3D638639190531230000"", ""https://harpersbazaarprod.vtexassets.com/unsafe/154x0/center/middle/filters:quality(60)/https%3A%2F%2Fharpersbazaarprod.vtexassets.com%2Farquivos%2Fids%2F528666%2Fimage_4.jpg%3Fv%3D638630538586570000"", ""https://harpersbazaarprod.vtexassets.com/unsafe/154x0/center/middle/filters:quality(60)/https%3A%2F%2Fharpersbazaarprod.vtexassets.com%2Farquivos%2Fids%2F528665%2Fimage_5.jpg%3Fv%3D638639190528600000""]","Pointed collar
Chest pocket
Column Silhouette
Topstitching Short sleeves

Dimensions: Model is 5'9""/175cm and is wearing a size IT40
Composition: 100% Cotton
Care: Care according to label",https://shop.harpersbazaar.com/gabardine-dress-1727457057892-66929/p
Wavy Triangle Print Dress,Bottega Veneta,2250.0,"[""https://harpersbazaarprod.vtexassets.com/unsafe/154x0/center/middle/filters:quality(60)/https%3A%2F%2Fharpersbazaarprod.vtexassets.com%2Farquivos%2Fids%2F528637%2Fimage_1.jpg%3Fv%3D638630538513070000"", ""https://harpersbazaarprod.vtexassets.com/unsafe/154x0/center/middle/filters:quality(60)/https%3A%2F%2Fharpersbazaarprod.vtexassets.com%2Farquivos%2Fids%2F528639%2Fimage_2.jpg%3Fv%3D638639208590600000"", ""https://harpersbazaarprod.vtexassets.com/unsafe/154x0/center/middle/filters:quality(60)/https%3A%2F%2Fharpersbazaarprod.vtexassets.com%2Farquivos%2Fids%2F528638%2Fimage_3.jpg%3Fv%3D638639208584970000"", ""https://harpersbazaarprod.vtexassets.com/unsafe/154x0/center/middle/filters:quality(60)/https%3A%2F%2Fharpersbazaarprod.vtexassets.com%2Farquivos%2Fids%2F528636%2Fimage_4.jpg%3Fv%3D638630538511330000"", ""https://harpersbazaarprod.vtexassets.com/unsafe/154x0/center/middle/filters:quality(60)/https%3A%2F%2Fharpersbazaarprod.vtexassets.com%2Farquivos%2Fids%2F528635%2Fimage_5.jpg%3Fv%3D638639208580600000""]","Relaxed fit
Mini length
V-Neck
Sleeveless
Adjustable drawstring at chest
Front zip closure

Dimensions: Model is 5'9""/175cm and is wearing a size IT40
Composition: 84% Viscose, 16% Silk
Care: Care according to label",https://shop.harpersbazaar.com/wavy-triangle-print-dress-1727457050235-66923/p
Lumiere Maxi-O Dress,Oséree,390.0,"[""https://harpersbazaarprod.vtexassets.com/unsafe/154x0/center/middle/filters:quality(60)/https%3A%2F%2Fharpersbazaarprod.vtexassets.com%2Farquivos%2Fids%2F523968%2Fimage_1.jpg%3Fv%3D638628948379030000"", ""https://harpersbazaarprod.vtexassets.com/unsafe/154x0/center/middle/filters:quality(60)/https%3A%2F%2Fharpersbazaarprod.vtexassets.com%2Farquivos%2Fids%2F523970%2Fimage_2.jpg%3Fv%3D638636419167870000"", ""https://harpersbazaarprod.vtexassets.com/unsafe/154x0/center/middle/filters:quality(60)/https%3A%2F%2Fharpersbazaarprod.vtexassets.com%2Farquivos%2Fids%2F523969%2Fimage_3.jpg%3Fv%3D638636419165200000"", ""https://harpersbazaarprod.vtexassets.com/unsafe/154x0/center/middle/filters:quality(60)/https%3A%2F%2Fharpersbazaarprod.vtexassets.com%2Farquivos%2Fids%2F523967%2Fimage_4.jpg%3Fv%3D638628948377800000"", ""https://harpersbazaarprod.vtexassets.com/unsafe/154x0/center/middle/filters:quality(60)/https%3A%2F%2Fharpersbazaarprod.vtexassets.com%2Farquivos%2Fids%2F523966%2Fimage_5.jpg%3Fv%3D638636419162400000""]","One Shoulder 
Exclusive Metal Maxi O Design
High Side Slit 
Straight Hem
Topstitching 

Dimensions: Model is 5'9""/175cm and is wearing a size S 
Composition: Fabric Blend 
Care: Care according to label",https://shop.harpersbazaar.com/lumiere-maxio-dress-1727298037119-66065/p
Maren Dress,Retrofete,798.0,"[""https://harpersbazaarprod.vtexassets.com/unsafe/154x0/center/middle/filters:quality(60)/https%3A%2F%2Fharpersbazaarprod.vtexassets.com%2Farquivos%2Fids%2F520919%2Fimage_1.jpg%3Fv%3D638628786398270000"", ""https://harpersbazaarprod.vtexassets.com/unsafe/154x0/center/middle/filters:quality(60)/https%3A%2F%2Fharpersbazaarprod.vtexassets.com%2Farquivos%2Fids%2F520921%2Fimage_2.jpg%3Fv%3D638628786406170000"", ""https://harpersbazaarprod.vtexassets.com/unsafe/154x0/center/middle/filters:quality(60)/https%3A%2F%2Fharpersbazaarprod.vtexassets.com%2Farquivos%2Fids%2F520920%2Fimage_3.jpg%3Fv%3D638628786401500000"", ""https://harpersbazaarprod.vtexassets.com/unsafe/154x0/center/middle/filters:quality(60)/https%3A%2F%2Fharpersbazaarprod.vtexassets.com%2Farquivos%2Fids%2F520917%2Fimage_4.jpg%3Fv%3D638628786392930000"", ""https://harpersbazaarprod.vtexassets.com/unsafe/154x0/center/middle/filters:quality(60)/https%3A%2F%2Fharpersbazaarprod.vtexassets.com%2Farquivos%2Fids%2F520916%2Fimage_5.jpg%3Fv%3D638628786390430000"", ""https://harpersbazaarprod.vtexassets.com/unsafe/154x0/center/middle/filters:quality(60)/https%3A%2F%2Fharpersbazaarprod.vtexassets.com%2Farquivos%2Fids%2F520918%2Fimage_6.jpg%3Fv%3D638628786396530000""]","Retrofete Maren Dress in Multi.
100% Nylon
Dry Clean
Made in India",https://shop.harpersbazaar.com/maren-dress-1727281838369-65141/p
Tunic Dress,Marrakshi Life,450.0,"[""https://harpersbazaarprod.vtexassets.com/unsafe/154x0/center/middle/filters:quality(60)/https%3A%2F%2Fharpersbazaarprod.vtexassets.com%2Farquivos%2Fids%2F520687%2Fimage_1.jpg%3Fv%3D638628753134900000"", ""https://harpersbazaarprod.vtexassets.com/unsafe/154x0/center/middle/filters:quality(60)/https%3A%2F%2Fharpersbazaarprod.vtexassets.com%2Farquivos%2Fids%2F520689%2Fimage_2.jpg%3Fv%3D638635698240500000"", ""https://harpersbazaarprod.vtexassets.com/unsafe/154x0/center/middle/filters:quality(60)/https%3A%2F%2Fharpersbazaarprod.vtexassets.com%2Farquivos%2Fids%2F520688%2Fimage_3.jpg%3Fv%3D638628753136900000"", ""https://harpersbazaarprod.vtexassets.com/unsafe/154x0/center/middle/filters:quality(60)/https%3A%2F%2Fharpersbazaarprod.vtexassets.com%2Farquivos%2Fids%2F520686%2Fimage_4.jpg%3Fv%3D638635698237300000"", ""https://harpersbazaarprod.vtexassets.com/unsafe/154x0/center/middle/filters:quality(60)/https%3A%2F%2Fharpersbazaarprod.vtexassets.com%2Farquivos%2Fids%2F520685%2Fimage_5.jpg%3Fv%3D638628753130370000""]","•	Relaxed Fit Silhouette
•	Long sleeve adorned with button cuff
•	Nero collar henley style button down
•	Topstitching

Dimensions: Model is 5'9""/175cm and is wearing a size S
Composition: Cotton Blend
Care: Dry Clean Only",https://shop.harpersbazaar.com/tunic-dress-1727278512592-65082/p
Ellipse Glitter Dress,Courrèges,2620.0,"[""https://harpersbazaarprod.vtexassets.com/unsafe/154x0/center/middle/filters:quality(60)/https%3A%2F%2Fharpersbazaarprod.vtexassets.com%2Farquivos%2Fids%2F520637%2Fimage_1.jpg%3Fv%3D638628752980400000"", ""https://harpersbazaarprod.vtexassets.com/unsafe/154x0/center/middle/filters:quality(60)/https%3A%2F%2Fharpersbazaarprod.vtexassets.com%2Farquivos%2Fids%2F520639%2Fimage_2.jpg%3Fv%3D638636382169470000"", ""https://harpersbazaarprod.vtexassets.com/unsafe/154x0/center/middle/filters:quality(60)/https%3A%2F%2Fharpersbazaarprod.vtexassets.com%2Farquivos%2Fids%2F520638%2Fimage_3.jpg%3Fv%3D638636382166770000"", ""https://harpersbazaarprod.vtexassets.com/unsafe/154x0/center/middle/filters:quality(60)/https%3A%2F%2Fharpersbazaarprod.vtexassets.com%2Farquivos%2Fids%2F520636%2Fimage_4.jpg%3Fv%3D638636382164270000"", ""https://harpersbazaarprod.vtexassets.com/unsafe/154x0/center/middle/filters:quality(60)/https%3A%2F%2Fharpersbazaarprod.vtexassets.com%2Farquivos%2Fids%2F520635%2Fimage_5.jpg%3Fv%3D638636382161770000""]","Boat neck design
Invisible zips at belly and hips
Long, slightly flared sleeves
Topstitching 
Dimensions: Model is 5'9""/175cm and is wearing a size FR36 

Composition: 100% Polyester 
Care: Care according to label",https://shop.harpersbazaar.com/ellipse-glitter-dress-1727278485780-65072/p
X Puma Speedsuit,Coperni,290.0,"[""https://harpersbazaarprod.vtexassets.com/unsafe/154x0/center/middle/filters:quality(60)/https%3A%2F%2Fharpersbazaarprod.vtexassets.com%2Farquivos%2Fids%2F519575%2Fimage_1.jpg%3Fv%3D638628732830430000"", ""https://harpersbazaarprod.vtexassets.com/unsafe/154x0/center/middle/filters:quality(60)/https%3A%2F%2Fharpersbazaarprod.vtexassets.com%2Farquivos%2Fids%2F519577%2Fimage_2.jpg%3Fv%3D638628732834200000"", ""https://harpersbazaarprod.vtexassets.com/unsafe/154x0/center/middle/filters:quality(60)/https%3A%2F%2Fharpersbazaarprod.vtexassets.com%2Farquivos%2Fids%2F519576%2Fimage_3.jpg%3Fv%3D638628732832000000"", ""https://harpersbazaarprod.vtexassets.com/unsafe/154x0/center/middle/filters:quality(60)/https%3A%2F%2Fharpersbazaarprod.vtexassets.com%2Farquivos%2Fids%2F519574%2Fimage_4.jpg%3Fv%3D638628732828570000"", ""https://harpersbazaarprod.vtexassets.com/unsafe/154x0/center/middle/filters:quality(60)/https%3A%2F%2Fharpersbazaarprod.vtexassets.com%2Farquivos%2Fids%2F519573%2Fimage_5.jpg%3Fv%3D638628732826370000""]","The PUMA x COPERNI 

Speed suit is a fusion of sport and fashion A sleek, skin-tight design 
Reflective silver detail
Sporty details like bonded seams for reduced friction and laser cutouts at the back
Aerodynamic-inspired prints
An invisible zipper at the front 
Dimensions: Model is 5'9""/175cm and is wearing a size S 
Composition: 78% Recycled Nylon, 22% Lycra 
Care: Care according to label",https://shop.harpersbazaar.com/x-puma-speedsuit-1727276475282-64800/p
X Puma Dress,Coperni,275.0,"[""https://harpersbazaarprod.vtexassets.com/unsafe/154x0/center/middle/filters:quality(60)/https%3A%2F%2Fharpersbazaarprod.vtexassets.com%2Farquivos%2Fids%2F519490%2Fimage_1.jpg%3Fv%3D638628732508170000"", ""https://harpersbazaarprod.vtexassets.com/unsafe/154x0/center/middle/filters:quality(60)/https%3A%2F%2Fharpersbazaarprod.vtexassets.com%2Farquivos%2Fids%2F519492%2Fimage_2.jpg%3Fv%3D638635626445330000"", ""https://harpersbazaarprod.vtexassets.com/unsafe/154x0/center/middle/filters:quality(60)/https%3A%2F%2Fharpersbazaarprod.vtexassets.com%2Farquivos%2Fids%2F519491%2Fimage_3.jpg%3Fv%3D638628732509570000"", ""https://harpersbazaarprod.vtexassets.com/unsafe/154x0/center/middle/filters:quality(60)/https%3A%2F%2Fharpersbazaarprod.vtexassets.com%2Farquivos%2Fids%2F519489%2Fimage_4.jpg%3Fv%3D638635626442900000"", ""https://harpersbazaarprod.vtexassets.com/unsafe/154x0/center/middle/filters:quality(60)/https%3A%2F%2Fharpersbazaarprod.vtexassets.com%2Farquivos%2Fids%2F519488%2Fimage_5.jpg%3Fv%3D638635626439430000""]","Sport and Fashion come together in the Puma X Coperni Dress Sleek and Sporty Design Aerodynamic Brushed Graphics Bonded Seams for reduced friction Reflective Silver Circular cutout at the chest, topped with a Coperni Wordmark Logo 

Dimensions: Model Is 5'9""/175cm and is wearing a size S 
Composition: 78% Recycled Nylon, 22% Lycra 
Care: Care According to Label",https://shop.harpersbazaar.com/x-puma-dress-1727276449984-64783/p
Albarella Dress,Silvia Tcherassi,1800.0,"[""https://harpersbazaarprod.vtexassets.com/unsafe/154x0/center/middle/filters:quality(60)/https%3A%2F%2Fharpersbazaarprod.vtexassets.com%2Farquivos%2Fids%2F519189%2Fimage_1.jpg%3Fv%3D638630550497000000"", ""https://harpersbazaarprod.vtexassets.com/unsafe/154x0/center/middle/filters:quality(60)/https%3A%2F%2Fharpersbazaarprod.vtexassets.com%2Farquivos%2Fids%2F519191%2Fimage_2.jpg%3Fv%3D638630550500570000"", ""https://harpersbazaarprod.vtexassets.com/unsafe/154x0/center/middle/filters:quality(60)/https%3A%2F%2Fharpersbazaarprod.vtexassets.com%2Farquivos%2Fids%2F519190%2Fimage_3.jpg%3Fv%3D638630550499330000"", ""https://harpersbazaarprod.vtexassets.com/unsafe/154x0/center/middle/filters:quality(60)/https%3A%2F%2Fharpersbazaarprod.vtexassets.com%2Farquivos%2Fids%2F519188%2Fimage_4.jpg%3Fv%3D638628031094670000""]","Silvia Tcherassi Albarella Dress in Fuchsia.
100% Viscose
Dry Clean
Made In Portugal",https://shop.harpersbazaar.com/albarella-dress-1727206308914-64721/p
Macrame Dress,Giambattista Valli,2720.0,"[""https://harpersbazaarprod.vtexassets.com/unsafe/154x0/center/middle/filters:quality(60)/https%3A%2F%2Fharpersbazaarprod.vtexassets.com%2Farquivos%2Fids%2F517154%2Fimage_1.jpg%3Fv%3D638627131677870000"", ""https://harpersbazaarprod.vtexassets.com/unsafe/154x0/center/middle/filters:quality(60)/https%3A%2F%2Fharpersbazaarprod.vtexassets.com%2Farquivos%2Fids%2F517156%2Fimage_2.jpg%3Fv%3D638627131682230000"", ""https://harpersbazaarprod.vtexassets.com/unsafe/154x0/center/middle/filters:quality(60)/https%3A%2F%2Fharpersbazaarprod.vtexassets.com%2Farquivos%2Fids%2F517155%2Fimage_3.jpg%3Fv%3D638627131679900000""]","Giambattista Valli Macrame Dress in Fuschia.
100% Cotton
Dry Clean
Made in Italy",https://shop.harpersbazaar.com/macrame-dress-1727116367496-64216/p
Silk Off The Shoulder Dress,Rodarte,1595.0,"[""https://harpersbazaarprod.vtexassets.com/unsafe/154x0/center/middle/filters:quality(60)/https%3A%2F%2Fharpersbazaarprod.vtexassets.com%2Farquivos%2Fids%2F504788%2Fimage_1.jpg%3Fv%3D638705952834070000"", ""https://harpersbazaarprod.vtexassets.com/unsafe/154x0/center/middle/filters:quality(60)/https%3A%2F%2Fharpersbazaarprod.vtexassets.com%2Farquivos%2Fids%2F504790%2Fimage_2.jpg%3Fv%3D638705952835100000"", ""https://harpersbazaarprod.vtexassets.com/unsafe/154x0/center/middle/filters:quality(60)/https%3A%2F%2Fharpersbazaarprod.vtexassets.com%2Farquivos%2Fids%2F504789%2Fimage_3.jpg%3Fv%3D638626914337070000"", ""https://harpersbazaarprod.vtexassets.com/unsafe/154x0/center/middle/filters:quality(60)/https%3A%2F%2Fharpersbazaarprod.vtexassets.com%2Farquivos%2Fids%2F504787%2Fimage_4.jpg%3Fv%3D638626914333930000""]","Rodarte Silk Off the Shoulder Midi Dress in Pink.
100% Silk
Dry Clean
Made in the United States",https://shop.harpersbazaar.com/silk-off-the-shoulder-dress-1726555158124-60487/p
Raye Dress,Solace London,1050.0,"[""https://harpersbazaarprod.vtexassets.com/unsafe/154x0/center/middle/filters:quality(60)/https%3A%2F%2Fharpersbazaarprod.vtexassets.com%2Farquivos%2Fids%2F504376%2Fimage_1.jpg%3Fv%3D638621518236270000"", ""https://harpersbazaarprod.vtexassets.com/unsafe/154x0/center/middle/filters:quality(60)/https%3A%2F%2Fharpersbazaarprod.vtexassets.com%2Farquivos%2Fids%2F504378%2Fimage_2.jpg%3Fv%3D638621518239800000"", ""https://harpersbazaarprod.vtexassets.com/unsafe/154x0/center/middle/filters:quality(60)/https%3A%2F%2Fharpersbazaarprod.vtexassets.com%2Farquivos%2Fids%2F504377%2Fimage_3.jpg%3Fv%3D638626950121230000"", ""https://harpersbazaarprod.vtexassets.com/unsafe/154x0/center/middle/filters:quality(60)/https%3A%2F%2Fharpersbazaarprod.vtexassets.com%2Farquivos%2Fids%2F504375%2Fimage_4.jpg%3Fv%3D638626950118630000""]","Solace London Raye Dress in Oyster/Black.
Shell: 100% Polyester, Lining: 95% Polyester 5% Elastane
Machine Wash Gentle
Made in Hong Kong",https://shop.harpersbazaar.com/raye-dress-1726555022828-60414/p
Deborah Dress,Anna October,760.0,"[""https://harpersbazaarprod.vtexassets.com/unsafe/154x0/center/middle/filters:quality(60)/https%3A%2F%2Fharpersbazaarprod.vtexassets.com%2Farquivos%2Fids%2F495563%2Fimage_1.jpg%3Fv%3D638622558098670000"", ""https://harpersbazaarprod.vtexassets.com/unsafe/154x0/center/middle/filters:quality(60)/https%3A%2F%2Fharpersbazaarprod.vtexassets.com%2Farquivos%2Fids%2F495564%2Fimage_2.jpg%3Fv%3D638622558100800000""]","This Anna October dress features a maxi length with a long slit at the front, long sleeves and hook-and-eye detailing at the shoulder.",https://shop.harpersbazaar.com/deborah-dress-1726245412304-58787/p
Betty Maxi Dress,Anna October,675.0,"[""https://harpersbazaarprod.vtexassets.com/unsafe/154x0/center/middle/filters:quality(60)/https%3A%2F%2Fharpersbazaarprod.vtexassets.com%2Farquivos%2Fids%2F495372%2Fimage_1.jpg%3Fv%3D638618421512000000"", ""https://harpersbazaarprod.vtexassets.com/unsafe/154x0/center/middle/filters:quality(60)/https%3A%2F%2Fharpersbazaarprod.vtexassets.com%2Farquivos%2Fids%2F495374%2Fimage_2.jpg%3Fv%3D638622540172900000"", ""https://harpersbazaarprod.vtexassets.com/unsafe/154x0/center/middle/filters:quality(60)/https%3A%2F%2Fharpersbazaarprod.vtexassets.com%2Farquivos%2Fids%2F495373%2Fimage_3.jpg%3Fv%3D638618421517000000"", ""https://harpersbazaarprod.vtexassets.com/unsafe/154x0/center/middle/filters:quality(60)/https%3A%2F%2Fharpersbazaarprod.vtexassets.com%2Farquivos%2Fids%2F495371%2Fimage_4.jpg%3Fv%3D638622540170730000""]","This Anna October dress is so chic! We are obsessed with the Empire Waistline, Sweetheart Neckline and Contrast Tones.",https://shop.harpersbazaar.com/betty-maxi-dress-1726245349762-58743/p
Koda Mini Dress,Alex Perry,1800.0,"[""https://harpersbazaarprod.vtexassets.com/unsafe/154x0/center/middle/filters:quality(60)/https%3A%2F%2Fharpersbazaarprod.vtexassets.com%2Farquivos%2Fids%2F485687%2Fimage_1.jpg%3Fv%3D638617338355100000"", ""https://harpersbazaarprod.vtexassets.com/unsafe/154x0/center/middle/filters:quality(60)/https%3A%2F%2Fharpersbazaarprod.vtexassets.com%2Farquivos%2Fids%2F485689%2Fimage_2.jpg%3Fv%3D638617338360700000"", ""https://harpersbazaarprod.vtexassets.com/unsafe/154x0/center/middle/filters:quality(60)/https%3A%2F%2Fharpersbazaarprod.vtexassets.com%2Farquivos%2Fids%2F485688%2Fimage_3.jpg%3Fv%3D638617338358500000""]","Alex Perry Koda Mini Dress in Brown.
87% Nylon, 13% Elastane
Dry Clean
Made in China",https://shop.harpersbazaar.com/koda-mini-dress-1726066812207-56588/p
Sequin Mini Dress,Alexandre Vauthier,1765.0,"[""https://harpersbazaarprod.vtexassets.com/unsafe/154x0/center/middle/filters:quality(60)/https%3A%2F%2Fharpersbazaarprod.vtexassets.com%2Farquivos%2Fids%2F483465%2Fimage_1.jpg%3Fv%3D638615754144400000"", ""https://harpersbazaarprod.vtexassets.com/unsafe/154x0/center/middle/filters:quality(60)/https%3A%2F%2Fharpersbazaarprod.vtexassets.com%2Farquivos%2Fids%2F483467%2Fimage_2.jpg%3Fv%3D638615754150200000"", ""https://harpersbazaarprod.vtexassets.com/unsafe/154x0/center/middle/filters:quality(60)/https%3A%2F%2Fharpersbazaarprod.vtexassets.com%2Farquivos%2Fids%2F483466%2Fimage_3.jpg%3Fv%3D638615754147400000""]","Alexandra Vauthier Sequin Mini Dress in Majestic Blue.
87% Polyamide , 8% Polyester , 5% Elastane Sequins: 100% Polyester
Dry Clean only
Imported",https://shop.harpersbazaar.com/sequin-mini-dress-1725978612508-56070/p
Leopard Satin Buckle Strap Mini Dress,Cynthia Rowley,395.0,"[""https://harpersbazaarprod.vtexassets.com/unsafe/154x0/center/middle/filters:quality(60)/https%3A%2F%2Fharpersbazaarprod.vtexassets.com%2Farquivos%2Fids%2F211891%2Fimage_1.jpg%3Fv%3D638555329016800000"", ""https://harpersbazaarprod.vtexassets.com/unsafe/154x0/center/middle/filters:quality(60)/https%3A%2F%2Fharpersbazaarprod.vtexassets.com%2Farquivos%2Fids%2F211893%2Fimage_2.jpg%3Fv%3D638555329023970000"", ""https://harpersbazaarprod.vtexassets.com/unsafe/154x0/center/middle/filters:quality(60)/https%3A%2F%2Fharpersbazaarprod.vtexassets.com%2Farquivos%2Fids%2F211892%2Fimage_3.jpg%3Fv%3D638555329020230000"", ""https://harpersbazaarprod.vtexassets.com/unsafe/154x0/center/middle/filters:quality(60)/https%3A%2F%2Fharpersbazaarprod.vtexassets.com%2Farquivos%2Fids%2F211890%2Fimage_4.jpg%3Fv%3D638555329013500000"", ""https://harpersbazaarprod.vtexassets.com/unsafe/154x0/center/middle/filters:quality(60)/https%3A%2F%2Fharpersbazaarprod.vtexassets.com%2Farquivos%2Fids%2F211889%2Fimage_5.jpg%3Fv%3D638555329010530000""]","Little Leopardess Satin Dress with Buckle Strap Details.

Square neckline 
Invisible back zipper 
Fitted silhouette with pleated empire waist
Buckle straps with crystal details
All over leopard print
Fabric Content: 100% Polyester
Care Instructions: Dry clean recommended

Fit: Model is 5'10"" and wears a size 2.
Size 4 measurements:
Length from center back: 26.5""
Length from shoulder: 33""
Complete the look: Leopard Satin Safari Jacket",https://shop.harpersbazaar.com/leopard-satin-buckle-strap-mini-dress-1719936100593-8862/p
Zoe Cutout Dress,Dwarmis,625.0,"[""https://harpersbazaarprod.vtexassets.com/unsafe/154x0/center/middle/filters:quality(60)/https%3A%2F%2Fharpersbazaarprod.vtexassets.com%2Farquivos%2Fids%2F466675%2Fimage_1.jpg%3Fv%3D638606304118600000"", ""https://harpersbazaarprod.vtexassets.com/unsafe/154x0/center/middle/filters:quality(60)/https%3A%2F%2Fharpersbazaarprod.vtexassets.com%2Farquivos%2Fids%2F466677%2Fimage_2.jpg%3Fv%3D638606304123170000"", ""https://harpersbazaarprod.vtexassets.com/unsafe/154x0/center/middle/filters:quality(60)/https%3A%2F%2Fharpersbazaarprod.vtexassets.com%2Farquivos%2Fids%2F466676%2Fimage_3.jpg%3Fv%3D638606304120470000"", ""https://harpersbazaarprod.vtexassets.com/unsafe/154x0/center/middle/filters:quality(60)/https%3A%2F%2Fharpersbazaarprod.vtexassets.com%2Farquivos%2Fids%2F466674%2Fimage_4.jpg%3Fv%3D638606304114530000""]","Product Details: The Zoe Cutout Dress stands out with its chic back cutouts and sleek contrast details. The Flared Silhouette is a Blend of Easy, Sexy, Modern, and Elegant. Its flattering lines and effortless shape enhance the body, making it a perfect choice for any occasion.

Material and Care:
Fabric: Crepe -Polyester 95%, Spandex 5%
Center Back Zipper
Dry Clean Only
Body Length: 52″ (132.08 cm) based on size S
Sleeve Length: 31″ (78.74 cm) based on size S",https://shop.harpersbazaar.com/zoe-cutout-dress-1724974217405-51637/p
Gita Gold Floral Brocade Mini Dress,Markarian,1595.0,"[""https://harpersbazaarprod.vtexassets.com/unsafe/154x0/center/middle/filters:quality(60)/https%3A%2F%2Fharpersbazaarprod.vtexassets.com%2Farquivos%2Fids%2F464677%2Fimage_1.jpg%3Fv%3D638605296094770000"", ""https://harpersbazaarprod.vtexassets.com/unsafe/154x0/center/middle/filters:quality(60)/https%3A%2F%2Fharpersbazaarprod.vtexassets.com%2Farquivos%2Fids%2F464679%2Fimage_2.jpg%3Fv%3D638604666384770000"", ""https://harpersbazaarprod.vtexassets.com/unsafe/154x0/center/middle/filters:quality(60)/https%3A%2F%2Fharpersbazaarprod.vtexassets.com%2Farquivos%2Fids%2F464678%2Fimage_3.jpg%3Fv%3D638605296097900000""]","Yellow Floral Brocade A-Line Silhouette Mini Dress with scooped neckline and matching shoulder bows, fully lined
Concealed zip along back 
Materials: 74% Polyester, 26% Viscose
Lining: 100% Silk 
Dry clean only 
Made in the USA
 
This style can be returned within 21 days of receipt. Returns will only be accepted if an item is new, unused, undamaged and in the original packaging including boxes and garment bags. 

Monthly payments available through Affirm.",https://shop.harpersbazaar.com/gita-gold-floral-brocade-mini-dress-1724869837208-51291/p
One Shoulder Dress,Givenchy,1950.0,"[""https://harpersbazaarprod.vtexassets.com/unsafe/154x0/center/middle/filters:quality(60)/https%3A%2F%2Fharpersbazaarprod.vtexassets.com%2Farquivos%2Fids%2F462518%2Fimage_1.jpg%3Fv%3D638602922578570000"", ""https://harpersbazaarprod.vtexassets.com/unsafe/154x0/center/middle/filters:quality(60)/https%3A%2F%2Fharpersbazaarprod.vtexassets.com%2Farquivos%2Fids%2F462520%2Fimage_2.jpg%3Fv%3D638604468093930000"", ""https://harpersbazaarprod.vtexassets.com/unsafe/154x0/center/middle/filters:quality(60)/https%3A%2F%2Fharpersbazaarprod.vtexassets.com%2Farquivos%2Fids%2F462519%2Fimage_3.jpg%3Fv%3D638604468093000000"", ""https://harpersbazaarprod.vtexassets.com/unsafe/154x0/center/middle/filters:quality(60)/https%3A%2F%2Fharpersbazaarprod.vtexassets.com%2Farquivos%2Fids%2F462517%2Fimage_4.jpg%3Fv%3D638604468091770000"", ""https://harpersbazaarprod.vtexassets.com/unsafe/154x0/center/middle/filters:quality(60)/https%3A%2F%2Fharpersbazaarprod.vtexassets.com%2Farquivos%2Fids%2F462516%2Fimage_5.jpg%3Fv%3D638604468089400000""]","Long Asymmetric Dress in Crepe Jersey
Draped on the side
Slit on the side
Fluid Skirt
Column Silhouette

Dimensions: Model is 5'9""/ 175cm and is wearing a size FR 36
Composition: 100% Polyester
Care: Care according to label",https://shop.harpersbazaar.com/one-shoulder-dress-1724695457175-50783/p
Polo Midi Dress,Givenchy,2750.0,"[""https://harpersbazaarprod.vtexassets.com/unsafe/154x0/center/middle/filters:quality(60)/https%3A%2F%2Fharpersbazaarprod.vtexassets.com%2Farquivos%2Fids%2F462503%2Fimage_1.jpg%3Fv%3D638602922541170000"", ""https://harpersbazaarprod.vtexassets.com/unsafe/154x0/center/middle/filters:quality(60)/https%3A%2F%2Fharpersbazaarprod.vtexassets.com%2Farquivos%2Fids%2F462505%2Fimage_2.jpg%3Fv%3D638604414244700000"", ""https://harpersbazaarprod.vtexassets.com/unsafe/154x0/center/middle/filters:quality(60)/https%3A%2F%2Fharpersbazaarprod.vtexassets.com%2Farquivos%2Fids%2F462504%2Fimage_3.jpg%3Fv%3D638604414243470000"", ""https://harpersbazaarprod.vtexassets.com/unsafe/154x0/center/middle/filters:quality(60)/https%3A%2F%2Fharpersbazaarprod.vtexassets.com%2Farquivos%2Fids%2F462502%2Fimage_4.jpg%3Fv%3D638604414241600000"", ""https://harpersbazaarprod.vtexassets.com/unsafe/154x0/center/middle/filters:quality(60)/https%3A%2F%2Fharpersbazaarprod.vtexassets.com%2Farquivos%2Fids%2F462501%2Fimage_5.jpg%3Fv%3D638604414240170000""]","Short sleeves
Polo button-down collar
Adjustable and removable belt
Top stitching
Column Silhouette

Dimensions: Model is 5'9""/175cm and is wearing a size S
Composition: Fabric Blend
Care: Care according to label",https://shop.harpersbazaar.com/polo-midi-dress-1724695453416-50780/p
Halter Neck Towelling Dress,Givenchy,1200.0,"[""https://harpersbazaarprod.vtexassets.com/unsafe/154x0/center/middle/filters:quality(60)/https%3A%2F%2Fharpersbazaarprod.vtexassets.com%2Farquivos%2Fids%2F462440%2Fimage_1.jpg%3Fv%3D638602922387300000"", ""https://harpersbazaarprod.vtexassets.com/unsafe/154x0/center/middle/filters:quality(60)/https%3A%2F%2Fharpersbazaarprod.vtexassets.com%2Farquivos%2Fids%2F462442%2Fimage_2.jpg%3Fv%3D638602922391370000"", ""https://harpersbazaarprod.vtexassets.com/unsafe/154x0/center/middle/filters:quality(60)/https%3A%2F%2Fharpersbazaarprod.vtexassets.com%2Farquivos%2Fids%2F462441%2Fimage_3.jpg%3Fv%3D638602922389800000"", ""https://harpersbazaarprod.vtexassets.com/unsafe/154x0/center/middle/filters:quality(60)/https%3A%2F%2Fharpersbazaarprod.vtexassets.com%2Farquivos%2Fids%2F462439%2Fimage_4.jpg%3Fv%3D638602922386070000"", ""https://harpersbazaarprod.vtexassets.com/unsafe/154x0/center/middle/filters:quality(60)/https%3A%2F%2Fharpersbazaarprod.vtexassets.com%2Farquivos%2Fids%2F462438%2Fimage_5.jpg%3Fv%3D638602922382800000""]","Short Sleeveless Dress
V Neckline
Raised 4G pattern all-over
Open back
Topstitching

Dimensions: Model is 5'9""/ 175cm and is wearing a size FR 36
Composition: Fabric Blend
Care: Care according to label",https://shop.harpersbazaar.com/halter-neck-towelling-dress-1724695437587-50765/p
Layer Bodysuit,Alaïa,2400.0,"[""https://harpersbazaarprod.vtexassets.com/unsafe/154x0/center/middle/filters:quality(60)/https%3A%2F%2Fharpersbazaarprod.vtexassets.com%2Farquivos%2Fids%2F459003%2Fimage_1.jpg%3Fv%3D638600293682630000"", ""https://harpersbazaarprod.vtexassets.com/unsafe/154x0/center/middle/filters:quality(60)/https%3A%2F%2Fharpersbazaarprod.vtexassets.com%2Farquivos%2Fids%2F459005%2Fimage_2.jpg%3Fv%3D638603766553900000"", ""https://harpersbazaarprod.vtexassets.com/unsafe/154x0/center/middle/filters:quality(60)/https%3A%2F%2Fharpersbazaarprod.vtexassets.com%2Farquivos%2Fids%2F459004%2Fimage_3.jpg%3Fv%3D638600293685470000"", ""https://harpersbazaarprod.vtexassets.com/unsafe/154x0/center/middle/filters:quality(60)/https%3A%2F%2Fharpersbazaarprod.vtexassets.com%2Farquivos%2Fids%2F459002%2Fimage_4.jpg%3Fv%3D638603766550830000"", ""https://harpersbazaarprod.vtexassets.com/unsafe/154x0/center/middle/filters:quality(60)/https%3A%2F%2Fharpersbazaarprod.vtexassets.com%2Farquivos%2Fids%2F459001%2Fimage_5.jpg%3Fv%3D638603766547670000""]","Fitted Silhouette 
Tonal Stitching 
Made in Italy 

Dimensions: Model is 5'9""/175cm and is wearing a size FR36 
Composition: Fabric Blend 
Care: Care according to label",https://shop.harpersbazaar.com/layer-bodysuit-1724432567572-49995/p
Belted Dress,Alaïa,3090.0,"[""https://harpersbazaarprod.vtexassets.com/unsafe/154x0/center/middle/filters:quality(60)/https%3A%2F%2Fharpersbazaarprod.vtexassets.com%2Farquivos%2Fids%2F458995%2Fimage_1.jpg%3Fv%3D638600293647900000""]","Rendered in Japanese Poplin 
Mid-Length Design
V-Neckline 
Belted waist 
Croc-Embossed Leather Belt 
Three - Quarter Sleeves
Undulated Hem 

Dimensions: Model is 5'9""/175cm and is wearing a size FR36 
Composition: 100% Cotton 
Care: Care according to label",https://shop.harpersbazaar.com/belted-dress-1724432556789-49993/p
Sleeveless Sheath Dress in Solids,Top It Off,60.0,"[""https://harpersbazaarprod.vtexassets.com/unsafe/154x0/center/middle/filters:quality(60)/https%3A%2F%2Fharpersbazaarprod.vtexassets.com%2Farquivos%2Fids%2F209095%2Fimage_1.jpg%3Fv%3D638544960045070000""]","The Celine Sleeveless Sheath Dress is perfect for any occasion with a silhouette that fits close to the body and a hemline above the knee. Wear it with your favorite heels or sandals to a graduation party or bridal shower as well as brunch with friends or some errands around town paired with a pair of white sneakers. The wrinkle resistant material has a hint of stretch for flexible comfort. If you prefer your arms covered you can pair it with a beautiful Top It Off wrap or poncho. The Travel Collection is lightweight and takes up little space in your suitcase for any work trip or adventure. 

Model is 5' 8"", wearing a Medium and is a size 8/10

Details & Care

Effortlessly pullover style
Small (4-6), Medium (8-10), Large (12-14), Extra Large (14-16)
95% Polyester, 5% Elastane
34''L for Small
Wash cold. Hang dry.
Imported",https://shop.harpersbazaar.com/sleeveless-sheath-dress-in-solids-1718899203944-8194/p
Mesh Long Dress,Jean Paul Gaultier,641.0,"[""https://harpersbazaarprod.vtexassets.com/unsafe/154x0/center/middle/filters:quality(60)/https%3A%2F%2Fharpersbazaarprod.vtexassets.com%2Farquivos%2Fids%2F445744%2Fimage_1.jpg%3Fv%3D638592575251130000"", ""https://harpersbazaarprod.vtexassets.com/unsafe/154x0/center/middle/filters:quality(60)/https%3A%2F%2Fharpersbazaarprod.vtexassets.com%2Farquivos%2Fids%2F445746%2Fimage_2.jpg%3Fv%3D638596818839530000"", ""https://harpersbazaarprod.vtexassets.com/unsafe/154x0/center/middle/filters:quality(60)/https%3A%2F%2Fharpersbazaarprod.vtexassets.com%2Farquivos%2Fids%2F445745%2Fimage_3.jpg%3Fv%3D638592575254030000"", ""https://harpersbazaarprod.vtexassets.com/unsafe/154x0/center/middle/filters:quality(60)/https%3A%2F%2Fharpersbazaarprod.vtexassets.com%2Farquivos%2Fids%2F445743%2Fimage_4.jpg%3Fv%3D638592575249100000"", ""https://harpersbazaarprod.vtexassets.com/unsafe/154x0/center/middle/filters:quality(60)/https%3A%2F%2Fharpersbazaarprod.vtexassets.com%2Farquivos%2Fids%2F445742%2Fimage_5.jpg%3Fv%3D638596818830770000""]","Fitted Column Silhouette
Long Sleeves
Mesh fabrication
Ecorche print of muscles and anatomy throughout

Dimensions: Model is 5'9"" / 175cm and is wearing a size S
Composition: 100% Polyamide
Care: Care according to label",https://shop.harpersbazaar.com/mesh-long-dress-1723660643043-47525/p
Miramar Prado Dress,Agua By Agua Bendita,850.0,"[""https://harpersbazaarprod.vtexassets.com/unsafe/154x0/center/middle/filters:quality(60)/https%3A%2F%2Fharpersbazaarprod.vtexassets.com%2Farquivos%2Fids%2F419538%2Fimage_1.jpg%3Fv%3D638582526180430000"", ""https://harpersbazaarprod.vtexassets.com/unsafe/154x0/center/middle/filters:quality(60)/https%3A%2F%2Fharpersbazaarprod.vtexassets.com%2Farquivos%2Fids%2F419540%2Fimage_2.jpg%3Fv%3D638591616145970000"", ""https://harpersbazaarprod.vtexassets.com/unsafe/154x0/center/middle/filters:quality(60)/https%3A%2F%2Fharpersbazaarprod.vtexassets.com%2Farquivos%2Fids%2F419539%2Fimage_3.jpg%3Fv%3D638591616143800000"", ""https://harpersbazaarprod.vtexassets.com/unsafe/154x0/center/middle/filters:quality(60)/https%3A%2F%2Fharpersbazaarprod.vtexassets.com%2Farquivos%2Fids%2F419537%2Fimage_4.jpg%3Fv%3D638580602352630000""]","Agua by Agua Bendita Miramar Prado Dress in Multi.
100% Linen 
Dry Clean  
Made in Colombia",https://shop.harpersbazaar.com/miramar-prado-dress-1722463434581-42006/p
Open Neck Bow Pencil Dress,Lela Rose,1590.0,"[""https://harpersbazaarprod.vtexassets.com/unsafe/154x0/center/middle/filters:quality(60)/https%3A%2F%2Fharpersbazaarprod.vtexassets.com%2Farquivos%2Fids%2F417026%2Fimage_1.jpg%3Fv%3D638580420642030000"", ""https://harpersbazaarprod.vtexassets.com/unsafe/154x0/center/middle/filters:quality(60)/https%3A%2F%2Fharpersbazaarprod.vtexassets.com%2Farquivos%2Fids%2F417028%2Fimage_2.jpg%3Fv%3D638591436190700000"", ""https://harpersbazaarprod.vtexassets.com/unsafe/154x0/center/middle/filters:quality(60)/https%3A%2F%2Fharpersbazaarprod.vtexassets.com%2Farquivos%2Fids%2F417027%2Fimage_3.jpg%3Fv%3D638591436188500000""]","Lela Rose Open Neck Bow Pencil Dress in Peony.
Polyester, Viscose, Elastane Blend; 100% Polyester Lining
Dry Clean
Made in USA",https://shop.harpersbazaar.com/open-neck-bow-pencil-dress-1722445263784-41350/p
Holly Dress,Lela Rose,1590.0,"[""https://harpersbazaarprod.vtexassets.com/unsafe/154x0/center/middle/filters:quality(60)/https%3A%2F%2Fharpersbazaarprod.vtexassets.com%2Farquivos%2Fids%2F417009%2Fimage_1.jpg%3Fv%3D638580420541900000"", ""https://harpersbazaarprod.vtexassets.com/unsafe/154x0/center/middle/filters:quality(60)/https%3A%2F%2Fharpersbazaarprod.vtexassets.com%2Farquivos%2Fids%2F417011%2Fimage_2.jpg%3Fv%3D638591454184870000"", ""https://harpersbazaarprod.vtexassets.com/unsafe/154x0/center/middle/filters:quality(60)/https%3A%2F%2Fharpersbazaarprod.vtexassets.com%2Farquivos%2Fids%2F417010%2Fimage_3.jpg%3Fv%3D638591454182670000"", ""https://harpersbazaarprod.vtexassets.com/unsafe/154x0/center/middle/filters:quality(60)/https%3A%2F%2Fharpersbazaarprod.vtexassets.com%2Farquivos%2Fids%2F417008%2Fimage_4.jpg%3Fv%3D638591454180470000""]","Lela Rose Holly Dress in Lemon.
Polyester
Dry Clean
Made in USA",https://shop.harpersbazaar.com/holly-dress-1722445252569-41345/p
One Shoulder Long Dress,Missoni,2100.0,"[""https://harpersbazaarprod.vtexassets.com/unsafe/154x0/center/middle/filters:quality(60)/https%3A%2F%2Fharpersbazaarprod.vtexassets.com%2Farquivos%2Fids%2F416735%2Fimage_1.jpg%3Fv%3D638579775429800000"", ""https://harpersbazaarprod.vtexassets.com/unsafe/154x0/center/middle/filters:quality(60)/https%3A%2F%2Fharpersbazaarprod.vtexassets.com%2Farquivos%2Fids%2F416736%2Fimage_2.jpg%3Fv%3D638579775434670000""]","Missoni One Shoulder Long Dress in Lilac Multi.
70% Rayon, 10% Metal Fiber, 10% Polyamide, 10% Polyester
Dry clean
Made in Italy",https://shop.harpersbazaar.com/one-shoulder-long-dress-1722380742399-41272/p
Matteo Draped Midi Dress,Rachel Gilbert,1095.0,"[""https://harpersbazaarprod.vtexassets.com/unsafe/154x0/center/middle/filters:quality(60)/https%3A%2F%2Fharpersbazaarprod.vtexassets.com%2Farquivos%2Fids%2F247313%2Fimage_1.jpg%3Fv%3D638580240105700000"", ""https://harpersbazaarprod.vtexassets.com/unsafe/154x0/center/middle/filters:quality(60)/https%3A%2F%2Fharpersbazaarprod.vtexassets.com%2Farquivos%2Fids%2F247315%2Fimage_2.jpg%3Fv%3D638580240109000000"", ""https://harpersbazaarprod.vtexassets.com/unsafe/154x0/center/middle/filters:quality(60)/https%3A%2F%2Fharpersbazaarprod.vtexassets.com%2Farquivos%2Fids%2F247314%2Fimage_3.jpg%3Fv%3D638580240107100000"", ""https://harpersbazaarprod.vtexassets.com/unsafe/154x0/center/middle/filters:quality(60)/https%3A%2F%2Fharpersbazaarprod.vtexassets.com%2Farquivos%2Fids%2F247312%2Fimage_4.jpg%3Fv%3D638580240104130000""]","Rachel Gilbert Matteo Draped Midi Dress in Black & White.
97% Polyester, 3% Elastane
Spot Clean
Made in China",https://shop.harpersbazaar.com/matteo-draped-midi-dress-1721930485434-15598/p
Omelia Dress - Blue Lolita,Charo Ruiz Ibiza,895.0,"[""https://harpersbazaarprod.vtexassets.com/unsafe/154x0/center/middle/filters:quality(60)/https%3A%2F%2Fharpersbazaarprod.vtexassets.com%2Farquivos%2Fids%2F247277%2Fimage_1.jpg%3Fv%3D638580348143730000"", ""https://harpersbazaarprod.vtexassets.com/unsafe/154x0/center/middle/filters:quality(60)/https%3A%2F%2Fharpersbazaarprod.vtexassets.com%2Farquivos%2Fids%2F247279%2Fimage_2.jpg%3Fv%3D638580348151270000"", ""https://harpersbazaarprod.vtexassets.com/unsafe/154x0/center/middle/filters:quality(60)/https%3A%2F%2Fharpersbazaarprod.vtexassets.com%2Farquivos%2Fids%2F247278%2Fimage_3.jpg%3Fv%3D638580348147000000"", ""https://harpersbazaarprod.vtexassets.com/unsafe/154x0/center/middle/filters:quality(60)/https%3A%2F%2Fharpersbazaarprod.vtexassets.com%2Farquivos%2Fids%2F247275%2Fimage_4.jpg%3Fv%3D638580348137600000"", ""https://harpersbazaarprod.vtexassets.com/unsafe/154x0/center/middle/filters:quality(60)/https%3A%2F%2Fharpersbazaarprod.vtexassets.com%2Farquivos%2Fids%2F247274%2Fimage_5.jpg%3Fv%3D638580348133230000"", ""https://harpersbazaarprod.vtexassets.com/unsafe/154x0/center/middle/filters:quality(60)/https%3A%2F%2Fharpersbazaarprod.vtexassets.com%2Farquivos%2Fids%2F247276%2Fimage_6.jpg%3Fv%3D638580348140930000""]","Charo Ruiz Ibiza Omelia Dress in Blue Lolita.
60% Cotton, 20% Lino, 20% Polyester
Dry clean
Made in Portugal",https://shop.harpersbazaar.com/omelia-dress-in-blue-lolita-1721930470795-15587/p
Sleeve Yard Dress - Cream,Peter Cohen,1400.0,"[""https://harpersbazaarprod.vtexassets.com/unsafe/154x0/center/middle/filters:quality(60)/https%3A%2F%2Fharpersbazaarprod.vtexassets.com%2Farquivos%2Fids%2F246851%2Fimage_1.jpg%3Fv%3D638582526360370000"", ""https://harpersbazaarprod.vtexassets.com/unsafe/154x0/center/middle/filters:quality(60)/https%3A%2F%2Fharpersbazaarprod.vtexassets.com%2Farquivos%2Fids%2F246853%2Fimage_2.jpg%3Fv%3D638587638279000000"", ""https://harpersbazaarprod.vtexassets.com/unsafe/154x0/center/middle/filters:quality(60)/https%3A%2F%2Fharpersbazaarprod.vtexassets.com%2Farquivos%2Fids%2F246852%2Fimage_3.jpg%3Fv%3D638705952862200000"", ""https://harpersbazaarprod.vtexassets.com/unsafe/154x0/center/middle/filters:quality(60)/https%3A%2F%2Fharpersbazaarprod.vtexassets.com%2Farquivos%2Fids%2F246850%2Fimage_4.jpg%3Fv%3D638587638273870000"", ""https://harpersbazaarprod.vtexassets.com/unsafe/154x0/center/middle/filters:quality(60)/https%3A%2F%2Fharpersbazaarprod.vtexassets.com%2Farquivos%2Fids%2F246849%2Fimage_5.jpg%3Fv%3D638587638271200000""]","Peter Cohen Sleeve Yard Wrap Dress in Cream.
100% Silk
Dry Clean
Made in the United States",https://shop.harpersbazaar.com/sleeve-yard-dress-in-cream-1721916217413-15353/p
Maya Dress,Tanya Taylor,695.0,"[""https://harpersbazaarprod.vtexassets.com/unsafe/154x0/center/middle/filters:quality(60)/https%3A%2F%2Fharpersbazaarprod.vtexassets.com%2Farquivos%2Fids%2F690415%2Fimage_1.jpg%3Fv%3D638697024743200000"", ""https://harpersbazaarprod.vtexassets.com/unsafe/154x0/center/middle/filters:quality(60)/https%3A%2F%2Fharpersbazaarprod.vtexassets.com%2Farquivos%2Fids%2F690741%2Fimage_2.jpg%3Fv%3D638699400171800000"", ""https://harpersbazaarprod.vtexassets.com/unsafe/154x0/center/middle/filters:quality(60)/https%3A%2F%2Fharpersbazaarprod.vtexassets.com%2Farquivos%2Fids%2F690740%2Fimage_3.jpg%3Fv%3D638699400171170000"", ""https://harpersbazaarprod.vtexassets.com/unsafe/154x0/center/middle/filters:quality(60)/https%3A%2F%2Fharpersbazaarprod.vtexassets.com%2Farquivos%2Fids%2F690738%2Fimage_4.jpg%3Fv%3D638699400168200000"", ""https://harpersbazaarprod.vtexassets.com/unsafe/154x0/center/middle/filters:quality(60)/https%3A%2F%2Fharpersbazaarprod.vtexassets.com%2Farquivos%2Fids%2F690737%2Fimage_5.jpg%3Fv%3D638699400167000000"", ""https://harpersbazaarprod.vtexassets.com/unsafe/154x0/center/middle/filters:quality(60)/https%3A%2F%2Fharpersbazaarprod.vtexassets.com%2Farquivos%2Fids%2F690739%2Fimage_6.jpg%3Fv%3D638699400170070000""]","Our best-selling Maya Dress is a stand-out maxi silhouette back for the holiday season.

Designed in a Slinky Satin, Maya features a sophisticated halter neckline and an airy bias-cut Skirt intended to glide across the room with you.

Style the Maya Dress back to strappy heels for an event-ready polish.

Product Details:

• Maxi length
• Halter neck
• Sleeveless
• Fully lined
• Satin
• Bias-Cut skirt
• Hidden side zipper

Fit Details:

• True to size
• Klara is 5'9"" and wears a size 2
• Dress is 57"" long from high point shoulder",https://shop.harpersbazaar.com/maya-dress-1734105672285-102165/p
Techno Mini Dress,Valentino,4600.0,"[""https://harpersbazaarprod.vtexassets.com/unsafe/154x0/center/middle/filters:quality(60)/https%3A%2F%2Fharpersbazaarprod.vtexassets.com%2Farquivos%2Fids%2F491766%2Fimage_1.jpg%3Fv%3D638617724284400000"", ""https://harpersbazaarprod.vtexassets.com/unsafe/154x0/center/middle/filters:quality(60)/https%3A%2F%2Fharpersbazaarprod.vtexassets.com%2Farquivos%2Fids%2F491768%2Fimage_2.jpg%3Fv%3D638621989797770000"", ""https://harpersbazaarprod.vtexassets.com/unsafe/154x0/center/middle/filters:quality(60)/https%3A%2F%2Fharpersbazaarprod.vtexassets.com%2Farquivos%2Fids%2F491767%2Fimage_3.jpg%3Fv%3D638621989795870000"", ""https://harpersbazaarprod.vtexassets.com/unsafe/154x0/center/middle/filters:quality(60)/https%3A%2F%2Fharpersbazaarprod.vtexassets.com%2Farquivos%2Fids%2F491765%2Fimage_4.jpg%3Fv%3D638621989793670000"", ""https://harpersbazaarprod.vtexassets.com/unsafe/154x0/center/middle/filters:quality(60)/https%3A%2F%2Fharpersbazaarprod.vtexassets.com%2Farquivos%2Fids%2F491764%2Fimage_5.jpg%3Fv%3D638621989792070000""]","Fully Lined 
Hidden Back Zipper
Halter neck with bow accent concealed mini hook and eye closure
Dual Back Straps with Bow Accents
Midweight Satin Fabric 

Dimensions: Model is 5'9""/175cm and is wearing a size IT40 
Composition: 82% Polyester, 18% Silk; Lining: 100% Silk 
Care: Care according to label",https://shop.harpersbazaar.com/techno-mini-dress-1726175562819-58130/p
Embellished Long Sleeve Mini Dress,Valentino,10500.0,"[""https://harpersbazaarprod.vtexassets.com/unsafe/154x0/center/middle/filters:quality(60)/https%3A%2F%2Fharpersbazaarprod.vtexassets.com%2Farquivos%2Fids%2F491482%2Fimage_1.jpg%3Fv%3D638617723608400000""]","Mini dress with embroidered floral and beading throughout bodice
High Neckline
Long, Loose Sleeve 
Flared Skirt
Above the Knee Hem 

Dimensions: Model is 5'9""/175cm and is wearing a size 40 
Composition: Fabric Blend 
Care: Care according to label",https://shop.harpersbazaar.com/embellished-long-sleeve-mini-dress-1726175560050-58070/p
Short Sleeve Midi Dress,Aspesi,525.0,"[""https://harpersbazaarprod.vtexassets.com/unsafe/154x0/center/middle/filters:quality(60)/https%3A%2F%2Fharpersbazaarprod.vtexassets.com%2Farquivos%2Fids%2F487824%2Fimage_1.jpg%3Fv%3D638617518420600000"", ""https://harpersbazaarprod.vtexassets.com/unsafe/154x0/center/middle/filters:quality(60)/https%3A%2F%2Fharpersbazaarprod.vtexassets.com%2Farquivos%2Fids%2F487826%2Fimage_2.jpg%3Fv%3D638617518426470000"", ""https://harpersbazaarprod.vtexassets.com/unsafe/154x0/center/middle/filters:quality(60)/https%3A%2F%2Fharpersbazaarprod.vtexassets.com%2Farquivos%2Fids%2F487825%2Fimage_3.jpg%3Fv%3D638617518421870000"", ""https://harpersbazaarprod.vtexassets.com/unsafe/154x0/center/middle/filters:quality(60)/https%3A%2F%2Fharpersbazaarprod.vtexassets.com%2Farquivos%2Fids%2F487823%2Fimage_4.jpg%3Fv%3D638617518418270000""]","Aspesi Short Sleeve Midi Dress with Belt in Riga Rosa.
100% Cotton
Removable Belt
Dry Clean
Made in TR",https://shop.harpersbazaar.com/short-sleeve-midi-dress-1726155038726-57218/p
Printed Midi Dress,Stella McCartney,1850.0,"[""https://harpersbazaarprod.vtexassets.com/unsafe/154x0/center/middle/filters:quality(60)/https%3A%2F%2Fharpersbazaarprod.vtexassets.com%2Farquivos%2Fids%2F487791%2Fimage_1.jpg%3Fv%3D638620866110400000"", ""https://harpersbazaarprod.vtexassets.com/unsafe/154x0/center/middle/filters:quality(60)/https%3A%2F%2Fharpersbazaarprod.vtexassets.com%2Farquivos%2Fids%2F487793%2Fimage_2.jpg%3Fv%3D638617518346430000"", ""https://harpersbazaarprod.vtexassets.com/unsafe/154x0/center/middle/filters:quality(60)/https%3A%2F%2Fharpersbazaarprod.vtexassets.com%2Farquivos%2Fids%2F487792%2Fimage_3.jpg%3Fv%3D638620866114870000""]","Stella McCartney Printed Midi Dress in Orange Multi.
100% Silk
Dry Clean Only
Made in Italy",https://shop.harpersbazaar.com/printed-midi-dress-1726155032797-57210/p
Colton Mini Dress,Alex Perry,1600.0,"[""https://harpersbazaarprod.vtexassets.com/unsafe/154x0/center/middle/filters:quality(60)/https%3A%2F%2Fharpersbazaarprod.vtexassets.com%2Farquivos%2Fids%2F485695%2Fimage_1.jpg%3Fv%3D638617320162200000"", ""https://harpersbazaarprod.vtexassets.com/unsafe/154x0/center/middle/filters:quality(60)/https%3A%2F%2Fharpersbazaarprod.vtexassets.com%2Farquivos%2Fids%2F485697%2Fimage_2.jpg%3Fv%3D638617320168470000"", ""https://harpersbazaarprod.vtexassets.com/unsafe/154x0/center/middle/filters:quality(60)/https%3A%2F%2Fharpersbazaarprod.vtexassets.com%2Farquivos%2Fids%2F485696%2Fimage_3.jpg%3Fv%3D638617320166270000"", ""https://harpersbazaarprod.vtexassets.com/unsafe/154x0/center/middle/filters:quality(60)/https%3A%2F%2Fharpersbazaarprod.vtexassets.com%2Farquivos%2Fids%2F485694%2Fimage_4.jpg%3Fv%3D638617320159230000"", ""https://harpersbazaarprod.vtexassets.com/unsafe/154x0/center/middle/filters:quality(60)/https%3A%2F%2Fharpersbazaarprod.vtexassets.com%2Farquivos%2Fids%2F485693%2Fimage_5.jpg%3Fv%3D638617320156600000""]","Alex Perry Colton Mini Dress in Apple.
82% Tri-Acetate / 18% Polyester
Dry Clean Only
Made in China",https://shop.harpersbazaar.com/colton-mini-dress-1726066814255-56590/p
One Shoulder Column Dress,Alex Perry,2400.0,"[""https://harpersbazaarprod.vtexassets.com/unsafe/154x0/center/middle/filters:quality(60)/https%3A%2F%2Fharpersbazaarprod.vtexassets.com%2Farquivos%2Fids%2F485668%2Fimage_1.jpg%3Fv%3D638616636068270000"", ""https://harpersbazaarprod.vtexassets.com/unsafe/154x0/center/middle/filters:quality(60)/https%3A%2F%2Fharpersbazaarprod.vtexassets.com%2Farquivos%2Fids%2F485670%2Fimage_2.jpg%3Fv%3D638616636072970000"", ""https://harpersbazaarprod.vtexassets.com/unsafe/154x0/center/middle/filters:quality(60)/https%3A%2F%2Fharpersbazaarprod.vtexassets.com%2Farquivos%2Fids%2F485669%2Fimage_3.jpg%3Fv%3D638616636071870000"", ""https://harpersbazaarprod.vtexassets.com/unsafe/154x0/center/middle/filters:quality(60)/https%3A%2F%2Fharpersbazaarprod.vtexassets.com%2Farquivos%2Fids%2F485665%2Fimage_4.jpg%3Fv%3D638616636062300000"", ""https://harpersbazaarprod.vtexassets.com/unsafe/154x0/center/middle/filters:quality(60)/https%3A%2F%2Fharpersbazaarprod.vtexassets.com%2Farquivos%2Fids%2F485664%2Fimage_5.jpg%3Fv%3D638617428107770000"", ""https://harpersbazaarprod.vtexassets.com/unsafe/154x0/center/middle/filters:quality(60)/https%3A%2F%2Fharpersbazaarprod.vtexassets.com%2Farquivos%2Fids%2F485667%2Fimage_6.jpg%3Fv%3D638616636066870000"", ""https://harpersbazaarprod.vtexassets.com/unsafe/154x0/center/middle/filters:quality(60)/https%3A%2F%2Fharpersbazaarprod.vtexassets.com%2Farquivos%2Fids%2F485666%2Fimage_7.jpg%3Fv%3D638617428111370000""]","Alex Perry One Shoulder Column Dress in Ultramarine.
84% Acetate, 16% Polyester
Dry Clean
Made in China",https://shop.harpersbazaar.com/one-shoulder-column-dress-1726066805353-56583/p
Seraiah Dress,Simkhai,595.0,"[""https://harpersbazaarprod.vtexassets.com/unsafe/154x0/center/middle/filters:quality(60)/https%3A%2F%2Fharpersbazaarprod.vtexassets.com%2Farquivos%2Fids%2F485612%2Fimage_1.jpg%3Fv%3D638617410142970000"", ""https://harpersbazaarprod.vtexassets.com/unsafe/154x0/center/middle/filters:quality(60)/https%3A%2F%2Fharpersbazaarprod.vtexassets.com%2Farquivos%2Fids%2F485614%2Fimage_2.jpg%3Fv%3D638616618688830000"", ""https://harpersbazaarprod.vtexassets.com/unsafe/154x0/center/middle/filters:quality(60)/https%3A%2F%2Fharpersbazaarprod.vtexassets.com%2Farquivos%2Fids%2F485613%2Fimage_3.jpg%3Fv%3D638616618685570000"", ""https://harpersbazaarprod.vtexassets.com/unsafe/154x0/center/middle/filters:quality(60)/https%3A%2F%2Fharpersbazaarprod.vtexassets.com%2Farquivos%2Fids%2F485611%2Fimage_4.jpg%3Fv%3D638617410140900000"", ""https://harpersbazaarprod.vtexassets.com/unsafe/154x0/center/middle/filters:quality(60)/https%3A%2F%2Fharpersbazaarprod.vtexassets.com%2Farquivos%2Fids%2F485610%2Fimage_5.jpg%3Fv%3D638617410139330000""]","Simkhai Seraiah Dress in Thorn.
Shell: 95% Polyester / 5% Spandex, Lining: 72% Rayon / 28% Spandex
Dry Clean Only
Made in China",https://shop.harpersbazaar.com/seraiah-dress-1726065067193-56572/p
Finley Crepe Satin Gown,Simkhai,695.0,"[""https://harpersbazaarprod.vtexassets.com/unsafe/154x0/center/middle/filters:quality(60)/https%3A%2F%2Fharpersbazaarprod.vtexassets.com%2Farquivos%2Fids%2F485596%2Fimage_1.jpg%3Fv%3D638617428157500000"", ""https://harpersbazaarprod.vtexassets.com/unsafe/154x0/center/middle/filters:quality(60)/https%3A%2F%2Fharpersbazaarprod.vtexassets.com%2Farquivos%2Fids%2F485598%2Fimage_2.jpg%3Fv%3D638617428160300000"", ""https://harpersbazaarprod.vtexassets.com/unsafe/154x0/center/middle/filters:quality(60)/https%3A%2F%2Fharpersbazaarprod.vtexassets.com%2Farquivos%2Fids%2F485597%2Fimage_3.jpg%3Fv%3D638617428158770000""]","A Classic Spaghetti Strap full length silhouette that nods to 90's era simplicity is elevated with Silky Satin fabrication in a regal Prussian Blue Hue. Draped cowl neckline with a slinky thigh-high cutout.
89% Acetate, 11% Polyester
Dry Clean
Imported, Standard Sizing",https://shop.harpersbazaar.com/finley-crepe-satin-gown-1726065063941-56569/p
The Wrap Dress,Bernadette,1190.0,"[""https://harpersbazaarprod.vtexassets.com/unsafe/154x0/center/middle/filters:quality(60)/https%3A%2F%2Fharpersbazaarprod.vtexassets.com%2Farquivos%2Fids%2F483656%2Fimage_1.jpg%3Fv%3D638615790130130000"", ""https://harpersbazaarprod.vtexassets.com/unsafe/154x0/center/middle/filters:quality(60)/https%3A%2F%2Fharpersbazaarprod.vtexassets.com%2Farquivos%2Fids%2F483658%2Fimage_2.jpg%3Fv%3D638615790136170000"", ""https://harpersbazaarprod.vtexassets.com/unsafe/154x0/center/middle/filters:quality(60)/https%3A%2F%2Fharpersbazaarprod.vtexassets.com%2Farquivos%2Fids%2F483657%2Fimage_3.jpg%3Fv%3D638615790133570000"", ""https://harpersbazaarprod.vtexassets.com/unsafe/154x0/center/middle/filters:quality(60)/https%3A%2F%2Fharpersbazaarprod.vtexassets.com%2Farquivos%2Fids%2F483655%2Fimage_4.jpg%3Fv%3D638615790124500000""]","Bernadette the wrap dress in Wisteria/Purple Ivory
Silk Satin
Removable Belt
Dry Clean
Made in Portugal",https://shop.harpersbazaar.com/the-wrap-dress-1725982211926-56112/p
Lola Dress,Bernadette,960.0,"[""https://harpersbazaarprod.vtexassets.com/unsafe/154x0/center/middle/filters:quality(60)/https%3A%2F%2Fharpersbazaarprod.vtexassets.com%2Farquivos%2Fids%2F483652%2Fimage_1.jpg%3Fv%3D638615808074400000"", ""https://harpersbazaarprod.vtexassets.com/unsafe/154x0/center/middle/filters:quality(60)/https%3A%2F%2Fharpersbazaarprod.vtexassets.com%2Farquivos%2Fids%2F483654%2Fimage_2.jpg%3Fv%3D638617428124200000"", ""https://harpersbazaarprod.vtexassets.com/unsafe/154x0/center/middle/filters:quality(60)/https%3A%2F%2Fharpersbazaarprod.vtexassets.com%2Farquivos%2Fids%2F483653%2Fimage_3.jpg%3Fv%3D638617428121830000"", ""https://harpersbazaarprod.vtexassets.com/unsafe/154x0/center/middle/filters:quality(60)/https%3A%2F%2Fharpersbazaarprod.vtexassets.com%2Farquivos%2Fids%2F483651%2Fimage_4.jpg%3Fv%3D638617428118870000"", ""https://harpersbazaarprod.vtexassets.com/unsafe/154x0/center/middle/filters:quality(60)/https%3A%2F%2Fharpersbazaarprod.vtexassets.com%2Farquivos%2Fids%2F483650%2Fimage_5.jpg%3Fv%3D638615790094800000""]","Bernadette Lola Dress in Jasmine Green.
100% Se / Lining: 100% Pl
Dry Clean Only
Made in Portugal",https://shop.harpersbazaar.com/lola-dress-1725982208824-56111/p
Off The Shoulder Long Dress,Alexandre Vauthier,2375.0,"[""https://harpersbazaarprod.vtexassets.com/unsafe/154x0/center/middle/filters:quality(60)/https%3A%2F%2Fharpersbazaarprod.vtexassets.com%2Farquivos%2Fids%2F483462%2Fimage_1.jpg%3Fv%3D638615754138800000"", ""https://harpersbazaarprod.vtexassets.com/unsafe/154x0/center/middle/filters:quality(60)/https%3A%2F%2Fharpersbazaarprod.vtexassets.com%2Farquivos%2Fids%2F483464%2Fimage_2.jpg%3Fv%3D638617302069070000"", ""https://harpersbazaarprod.vtexassets.com/unsafe/154x0/center/middle/filters:quality(60)/https%3A%2F%2Fharpersbazaarprod.vtexassets.com%2Farquivos%2Fids%2F483463%2Fimage_3.jpg%3Fv%3D638617302065800000""]","Alexandre Vauthier Off The Shoulder Dress in Black.
92% Viscose , 8% Elastane; Jewel: 100% Brass , 100% Glass
Dry Clean Only
Imported",https://shop.harpersbazaar.com/off-the-shoulder-long-dress-1725978613534-56069/p
Asymmetric Long Sleeve Dress,Alexandre Vauthier,1595.0,"[""https://harpersbazaarprod.vtexassets.com/unsafe/154x0/center/middle/filters:quality(60)/https%3A%2F%2Fharpersbazaarprod.vtexassets.com%2Farquivos%2Fids%2F483456%2Fimage_1.jpg%3Fv%3D638615754115100000"", ""https://harpersbazaarprod.vtexassets.com/unsafe/154x0/center/middle/filters:quality(60)/https%3A%2F%2Fharpersbazaarprod.vtexassets.com%2Farquivos%2Fids%2F483458%2Fimage_2.jpg%3Fv%3D638705952763800000"", ""https://harpersbazaarprod.vtexassets.com/unsafe/154x0/center/middle/filters:quality(60)/https%3A%2F%2Fharpersbazaarprod.vtexassets.com%2Farquivos%2Fids%2F483457%2Fimage_3.jpg%3Fv%3D638705952761630000""]","Alexandre Vauthier Asymmetric Long Sleeve Dress in Amber.
66% Viscose, 15% Metallized Polyester, 15%Polyamide, 4%Elastane
Dry Clean
Made in Italy",https://shop.harpersbazaar.com/asymmetric-long-sleeve-dress-1725978611002-56067/p
Evora Floral Brocade Strapless Gown,Markarian,3495.0,"[""https://harpersbazaarprod.vtexassets.com/unsafe/154x0/center/middle/filters:quality(60)/https%3A%2F%2Fharpersbazaarprod.vtexassets.com%2Farquivos%2Fids%2F464725%2Fimage_1.jpg%3Fv%3D638605260122700000"", ""https://harpersbazaarprod.vtexassets.com/unsafe/154x0/center/middle/filters:quality(60)/https%3A%2F%2Fharpersbazaarprod.vtexassets.com%2Farquivos%2Fids%2F464727%2Fimage_2.jpg%3Fv%3D638605260127870000"", ""https://harpersbazaarprod.vtexassets.com/unsafe/154x0/center/middle/filters:quality(60)/https%3A%2F%2Fharpersbazaarprod.vtexassets.com%2Farquivos%2Fids%2F464726%2Fimage_3.jpg%3Fv%3D638605260125530000""]","Strapless bodice, gathered waist, column skirt with vent at back hem, fully lined
Concealed zip fastening along back
This version of the Evora Gown does not include the detachable bow. 
Materials: 35% Polyester, 22% Acetate, 17% Polyamide, 15% Silk, 11% Metallized polyester
Lining: 100% Silk
Dry clean only
Made in the USA

This style can be returned within 21 days of receipt. Returns will only be accepted if an item is new, unused, undamaged and in the original packaging including boxes and garment bags. 

Monthly payments made available through Affirm.",https://shop.harpersbazaar.com/evora-floral-brocade-strapless-gown-1724869858699-51307/p
Edward Blue Floral Corset Dress,Markarian,1895.0,"[""https://harpersbazaarprod.vtexassets.com/unsafe/154x0/center/middle/filters:quality(60)/https%3A%2F%2Fharpersbazaarprod.vtexassets.com%2Farquivos%2Fids%2F464608%2Fimage_1.jpg%3Fv%3D638604666096300000"", ""https://harpersbazaarprod.vtexassets.com/unsafe/154x0/center/middle/filters:quality(60)/https%3A%2F%2Fharpersbazaarprod.vtexassets.com%2Farquivos%2Fids%2F464610%2Fimage_2.jpg%3Fv%3D638605260111500000"", ""https://harpersbazaarprod.vtexassets.com/unsafe/154x0/center/middle/filters:quality(60)/https%3A%2F%2Fharpersbazaarprod.vtexassets.com%2Farquivos%2Fids%2F464609%2Fimage_3.jpg%3Fv%3D638605260106200000""]","Blue Lattice Floral Corset Midi Dress with scoop neck and front slit, fully lined
Concealed zip along back 
Materials: 77% Polyester, 23% Cotton
Dry clean only
Made in the USA

This style can be returned within 21 days of receipt. Returns will only be accepted if an item is new, unused, undamaged and in the original packaging including boxes and garment bags. 

Monthly payments available through Affirm.",https://shop.harpersbazaar.com/edward-blue-floral-corset-dress-1724869808944-51268/p
Marcella Strapless Midi Dress,Markarian,1595.0,"[""https://harpersbazaarprod.vtexassets.com/unsafe/154x0/center/middle/filters:quality(60)/https%3A%2F%2Fharpersbazaarprod.vtexassets.com%2Farquivos%2Fids%2F464593%2Fimage_1.jpg%3Fv%3D638605314049070000"", ""https://harpersbazaarprod.vtexassets.com/unsafe/154x0/center/middle/filters:quality(60)/https%3A%2F%2Fharpersbazaarprod.vtexassets.com%2Farquivos%2Fids%2F464595%2Fimage_2.jpg%3Fv%3D638604666034500000"", ""https://harpersbazaarprod.vtexassets.com/unsafe/154x0/center/middle/filters:quality(60)/https%3A%2F%2Fharpersbazaarprod.vtexassets.com%2Farquivos%2Fids%2F464594%2Fimage_3.jpg%3Fv%3D638605314052070000""]","Ivory Metallic Wave Print Midi Skirt with scallop detail on pockets, fully lined
Materials: 82% Cotton, 15% Polyester, 3% Metallized Polyester
Lining: 100% Silk
Concealed zip along back
Dry clean only
Made in the USA
 
This style can be returned within 21 days of receipt. Returns will only be accepted if an item is new, unused, undamaged and in the original packaging including boxes and garment bags. 

Monthly payments available through Affirm.",https://shop.harpersbazaar.com/marcella-strapless-midi-dress-1724869800823-51263/p
One Shoulder Dress,Givenchy,1950.0,"[""https://harpersbazaarprod.vtexassets.com/unsafe/154x0/center/middle/filters:quality(60)/https%3A%2F%2Fharpersbazaarprod.vtexassets.com%2Farquivos%2Fids%2F462523%2Fimage_1.jpg%3Fv%3D638602922585330000"", ""https://harpersbazaarprod.vtexassets.com/unsafe/154x0/center/middle/filters:quality(60)/https%3A%2F%2Fharpersbazaarprod.vtexassets.com%2Farquivos%2Fids%2F462525%2Fimage_2.jpg%3Fv%3D638604414261930000"", ""https://harpersbazaarprod.vtexassets.com/unsafe/154x0/center/middle/filters:quality(60)/https%3A%2F%2Fharpersbazaarprod.vtexassets.com%2Farquivos%2Fids%2F462524%2Fimage_3.jpg%3Fv%3D638604414260370000"", ""https://harpersbazaarprod.vtexassets.com/unsafe/154x0/center/middle/filters:quality(60)/https%3A%2F%2Fharpersbazaarprod.vtexassets.com%2Farquivos%2Fids%2F462522%2Fimage_4.jpg%3Fv%3D638604414257530000"", ""https://harpersbazaarprod.vtexassets.com/unsafe/154x0/center/middle/filters:quality(60)/https%3A%2F%2Fharpersbazaarprod.vtexassets.com%2Farquivos%2Fids%2F462521%2Fimage_5.jpg%3Fv%3D638604414255800000""]","Long Asymmetric Dress in Crepe Jersey
Draped on the side
Slit on the side
Fluid skirt
Column Silhouette

Dimensions: Model is 5'9""/175cm and is wearing a size FR36
Composition: 100% Polyester
Care: Care according to label",https://shop.harpersbazaar.com/one-shoulder-dress-1724695458091-50784/p
Lace Dress,Givenchy,3000.0,"[""https://harpersbazaarprod.vtexassets.com/unsafe/154x0/center/middle/filters:quality(60)/https%3A%2F%2Fharpersbazaarprod.vtexassets.com%2Farquivos%2Fids%2F462513%2Fimage_1.jpg%3Fv%3D638602922565070000"", ""https://harpersbazaarprod.vtexassets.com/unsafe/154x0/center/middle/filters:quality(60)/https%3A%2F%2Fharpersbazaarprod.vtexassets.com%2Farquivos%2Fids%2F462515%2Fimage_2.jpg%3Fv%3D638604432330230000"", ""https://harpersbazaarprod.vtexassets.com/unsafe/154x0/center/middle/filters:quality(60)/https%3A%2F%2Fharpersbazaarprod.vtexassets.com%2Farquivos%2Fids%2F462514%2Fimage_3.jpg%3Fv%3D638604432326200000"", ""https://harpersbazaarprod.vtexassets.com/unsafe/154x0/center/middle/filters:quality(60)/https%3A%2F%2Fharpersbazaarprod.vtexassets.com%2Farquivos%2Fids%2F462512%2Fimage_4.jpg%3Fv%3D638604432323200000"", ""https://harpersbazaarprod.vtexassets.com/unsafe/154x0/center/middle/filters:quality(60)/https%3A%2F%2Fharpersbazaarprod.vtexassets.com%2Farquivos%2Fids%2F462511%2Fimage_5.jpg%3Fv%3D638604432322430000""]","Short Dress with long sleeves in transparent lace
Plunging V Neck
Small silvery-finish 4G metal pendant
Flared sleeves
Topstitching

Dimensions: Model is 5'9""/ 175cm and is wearing a size FR 36
Composition: Fabric Blend
Care: Care according to label",https://shop.harpersbazaar.com/lace-dress-1724695455300-50782/p
Bustier Suede Dress,Givenchy,5200.0,"[""https://harpersbazaarprod.vtexassets.com/unsafe/154x0/center/middle/filters:quality(60)/https%3A%2F%2Fharpersbazaarprod.vtexassets.com%2Farquivos%2Fids%2F462498%2Fimage_1.jpg%3Fv%3D638602922528930000"", ""https://harpersbazaarprod.vtexassets.com/unsafe/154x0/center/middle/filters:quality(60)/https%3A%2F%2Fharpersbazaarprod.vtexassets.com%2Farquivos%2Fids%2F462500%2Fimage_2.jpg%3Fv%3D638602922533630000"", ""https://harpersbazaarprod.vtexassets.com/unsafe/154x0/center/middle/filters:quality(60)/https%3A%2F%2Fharpersbazaarprod.vtexassets.com%2Farquivos%2Fids%2F462499%2Fimage_3.jpg%3Fv%3D638604396184830000"", ""https://harpersbazaarprod.vtexassets.com/unsafe/154x0/center/middle/filters:quality(60)/https%3A%2F%2Fharpersbazaarprod.vtexassets.com%2Farquivos%2Fids%2F462497%2Fimage_4.jpg%3Fv%3D638604396182600000"", ""https://harpersbazaarprod.vtexassets.com/unsafe/154x0/center/middle/filters:quality(60)/https%3A%2F%2Fharpersbazaarprod.vtexassets.com%2Farquivos%2Fids%2F462496%2Fimage_5.jpg%3Fv%3D638602922526870000""]","Long bustier dress in Suede Leather
Asymmetrical length: Long with cut-outs on the front, short on the back
Invisible zipped closure on the side
Fitted cut 
Dimensions: Model is 5'9""/175cm and is wearing a size FR36 
Composition: 100% Goat Leather 
Care: Care according to label",https://shop.harpersbazaar.com/bustier-suede-dress-1724695452261-50779/p
Silk Satin Duchesse Coat,Givenchy,5900.0,"[""https://harpersbazaarprod.vtexassets.com/unsafe/154x0/center/middle/filters:quality(60)/https%3A%2F%2Fharpersbazaarprod.vtexassets.com%2Farquivos%2Fids%2F462466%2Fimage_1.jpg%3Fv%3D638602922454130000"", ""https://harpersbazaarprod.vtexassets.com/unsafe/154x0/center/middle/filters:quality(60)/https%3A%2F%2Fharpersbazaarprod.vtexassets.com%2Farquivos%2Fids%2F462468%2Fimage_2.jpg%3Fv%3D638602922456670000"", ""https://harpersbazaarprod.vtexassets.com/unsafe/154x0/center/middle/filters:quality(60)/https%3A%2F%2Fharpersbazaarprod.vtexassets.com%2Farquivos%2Fids%2F462467%2Fimage_3.jpg%3Fv%3D638604450158630000"", ""https://harpersbazaarprod.vtexassets.com/unsafe/154x0/center/middle/filters:quality(60)/https%3A%2F%2Fharpersbazaarprod.vtexassets.com%2Farquivos%2Fids%2F462465%2Fimage_4.jpg%3Fv%3D638604450156930000"", ""https://harpersbazaarprod.vtexassets.com/unsafe/154x0/center/middle/filters:quality(60)/https%3A%2F%2Fharpersbazaarprod.vtexassets.com%2Farquivos%2Fids%2F462464%2Fimage_5.jpg%3Fv%3D638604450155370000""]","Long Coat in Silk Satin Duchesse
Notch lapel
Hook closure
Buttoned cuffs
Two front flap pockets
Classic fit
Satin lining with 4G pattern

Dimensions: Model is 5'9""/175cm and is wearing a size FR36
Composition: 100% Silk
Care: Care according to label",https://shop.harpersbazaar.com/silk-satin-duchesse-coat-1724695444453-50771/p
Lace Dress,Givenchy,3000.0,"[""https://harpersbazaarprod.vtexassets.com/unsafe/154x0/center/middle/filters:quality(60)/https%3A%2F%2Fharpersbazaarprod.vtexassets.com%2Farquivos%2Fids%2F462461%2Fimage_1.jpg%3Fv%3D638602922439000000"", ""https://harpersbazaarprod.vtexassets.com/unsafe/154x0/center/middle/filters:quality(60)/https%3A%2F%2Fharpersbazaarprod.vtexassets.com%2Farquivos%2Fids%2F462463%2Fimage_2.jpg%3Fv%3D638604432297600000"", ""https://harpersbazaarprod.vtexassets.com/unsafe/154x0/center/middle/filters:quality(60)/https%3A%2F%2Fharpersbazaarprod.vtexassets.com%2Farquivos%2Fids%2F462462%2Fimage_3.jpg%3Fv%3D638604432294600000"", ""https://harpersbazaarprod.vtexassets.com/unsafe/154x0/center/middle/filters:quality(60)/https%3A%2F%2Fharpersbazaarprod.vtexassets.com%2Farquivos%2Fids%2F462460%2Fimage_4.jpg%3Fv%3D638604432290530000"", ""https://harpersbazaarprod.vtexassets.com/unsafe/154x0/center/middle/filters:quality(60)/https%3A%2F%2Fharpersbazaarprod.vtexassets.com%2Farquivos%2Fids%2F462459%2Fimage_5.jpg%3Fv%3D638604432288200000""]","Short Dress with long sleeves in transparent lace
Plunging V Neck
Small silvery-finish 4G metal pendant
Flared sleeves
Topstitching

Dimensions: Model is 5'9""/ 175cm and is wearing a size FR 36
Composition: Fabric Blend
Care: Care according to label",https://shop.harpersbazaar.com/lace-dress-1724695442737-50770/p
Polo Midi Dress,Givenchy,2750.0,"[""https://harpersbazaarprod.vtexassets.com/unsafe/154x0/center/middle/filters:quality(60)/https%3A%2F%2Fharpersbazaarprod.vtexassets.com%2Farquivos%2Fids%2F462450%2Fimage_1.jpg%3Fv%3D638602922409600000"", ""https://harpersbazaarprod.vtexassets.com/unsafe/154x0/center/middle/filters:quality(60)/https%3A%2F%2Fharpersbazaarprod.vtexassets.com%2Farquivos%2Fids%2F462452%2Fimage_2.jpg%3Fv%3D638602922412600000"", ""https://harpersbazaarprod.vtexassets.com/unsafe/154x0/center/middle/filters:quality(60)/https%3A%2F%2Fharpersbazaarprod.vtexassets.com%2Farquivos%2Fids%2F462451%2Fimage_3.jpg%3Fv%3D638604432279270000"", ""https://harpersbazaarprod.vtexassets.com/unsafe/154x0/center/middle/filters:quality(60)/https%3A%2F%2Fharpersbazaarprod.vtexassets.com%2Farquivos%2Fids%2F462449%2Fimage_4.jpg%3Fv%3D638602922407900000"", ""https://harpersbazaarprod.vtexassets.com/unsafe/154x0/center/middle/filters:quality(60)/https%3A%2F%2Fharpersbazaarprod.vtexassets.com%2Farquivos%2Fids%2F462448%2Fimage_5.jpg%3Fv%3D638604432278030000""]","Short sleeves
Polo button-down collar
Adjustable and removable belt
Top stitching
Column Silhouette

Dimensions: Model is 5'9""/175cm and is wearing a size S
Composition: Fabric Blend
Care: Care according to label",https://shop.harpersbazaar.com/polo-midi-dress-1724695440258-50767/p
One Shoulder Dress,Givenchy,1950.0,"[""https://harpersbazaarprod.vtexassets.com/unsafe/154x0/center/middle/filters:quality(60)/https%3A%2F%2Fharpersbazaarprod.vtexassets.com%2Farquivos%2Fids%2F462445%2Fimage_1.jpg%3Fv%3D638602922398000000"", ""https://harpersbazaarprod.vtexassets.com/unsafe/154x0/center/middle/filters:quality(60)/https%3A%2F%2Fharpersbazaarprod.vtexassets.com%2Farquivos%2Fids%2F462447%2Fimage_2.jpg%3Fv%3D638604468085330000"", ""https://harpersbazaarprod.vtexassets.com/unsafe/154x0/center/middle/filters:quality(60)/https%3A%2F%2Fharpersbazaarprod.vtexassets.com%2Farquivos%2Fids%2F462446%2Fimage_3.jpg%3Fv%3D638604468083870000"", ""https://harpersbazaarprod.vtexassets.com/unsafe/154x0/center/middle/filters:quality(60)/https%3A%2F%2Fharpersbazaarprod.vtexassets.com%2Farquivos%2Fids%2F462444%2Fimage_4.jpg%3Fv%3D638604468082170000"", ""https://harpersbazaarprod.vtexassets.com/unsafe/154x0/center/middle/filters:quality(60)/https%3A%2F%2Fharpersbazaarprod.vtexassets.com%2Farquivos%2Fids%2F462443%2Fimage_5.jpg%3Fv%3D638604468080930000""]","Long Asymmetric Dress in Crepe Jersey
Draped on the side
Slit on the side
Fluid Skirt
Column Silhouette

Dimensions: Model is 5'9""/ 175cm and is wearing a size FR 36
Composition: 100% Polyester
Care: Care according to label",https://shop.harpersbazaar.com/one-shoulder-dress-1724695439183-50766/p
Floral Tulle Bodysuit,Givenchy,670.0,"[""https://harpersbazaarprod.vtexassets.com/unsafe/154x0/center/middle/filters:quality(60)/https%3A%2F%2Fharpersbazaarprod.vtexassets.com%2Farquivos%2Fids%2F462094%2Fimage_1.jpg%3Fv%3D638602921434470000"", ""https://harpersbazaarprod.vtexassets.com/unsafe/154x0/center/middle/filters:quality(60)/https%3A%2F%2Fharpersbazaarprod.vtexassets.com%2Farquivos%2Fids%2F462096%2Fimage_2.jpg%3Fv%3D638604486038470000"", ""https://harpersbazaarprod.vtexassets.com/unsafe/154x0/center/middle/filters:quality(60)/https%3A%2F%2Fharpersbazaarprod.vtexassets.com%2Farquivos%2Fids%2F462095%2Fimage_3.jpg%3Fv%3D638604342054370000"", ""https://harpersbazaarprod.vtexassets.com/unsafe/154x0/center/middle/filters:quality(60)/https%3A%2F%2Fharpersbazaarprod.vtexassets.com%2Farquivos%2Fids%2F462093%2Fimage_4.jpg%3Fv%3D638604486035630000"", ""https://harpersbazaarprod.vtexassets.com/unsafe/154x0/center/middle/filters:quality(60)/https%3A%2F%2Fharpersbazaarprod.vtexassets.com%2Farquivos%2Fids%2F462092%2Fimage_5.jpg%3Fv%3D638604342049030000""]","Long-Sleeved Bodysuit in transparent Tulle
High neck
4G Flowers pattern in flocked Velvet
Hook fastening on the crotch and zipper on the back 
Dimensions: Model is 5'9""/175cm and is wearing a size S 
Composition: 82% Polyamide, 18% Elastane 
Care: Care according to label",https://shop.harpersbazaar.com/floral-tulle-bodysuit-1724695342604-50689/p
Classic Jumpsuit,Alaïa,4620.0,"[""https://harpersbazaarprod.vtexassets.com/unsafe/154x0/center/middle/filters:quality(60)/https%3A%2F%2Fharpersbazaarprod.vtexassets.com%2Farquivos%2Fids%2F458808%2Fimage_1.jpg%3Fv%3D638600292349230000""]","Dimensions: Model is 5'9""/175cm and is wearing a size 36 
Composition: Fabric Blend 
Care: Care according to label",https://shop.harpersbazaar.com/classic-jumpsuit-1724432433901-49943/p
Second Skin Knit Body,Alaïa,1520.0,"[""https://harpersbazaarprod.vtexassets.com/unsafe/154x0/center/middle/filters:quality(60)/https%3A%2F%2Fharpersbazaarprod.vtexassets.com%2Farquivos%2Fids%2F458805%2Fimage_1.jpg%3Fv%3D638600292333800000""]","Fitted Design Bodysuit Silhouette 
Turtle Neck 
Long Sleeve 
Zip and Snap Fastening 
Thong Back",https://shop.harpersbazaar.com/second-skin-knit-body-1724432433014-49940/p
Shirt Dress,Saint Laurent,2890.0,"[""https://harpersbazaarprod.vtexassets.com/unsafe/154x0/center/middle/filters:quality(60)/https%3A%2F%2Fharpersbazaarprod.vtexassets.com%2Farquivos%2Fids%2F455794%2Fimage_1.jpg%3Fv%3D638598694014700000"", ""https://harpersbazaarprod.vtexassets.com/unsafe/154x0/center/middle/filters:quality(60)/https%3A%2F%2Fharpersbazaarprod.vtexassets.com%2Farquivos%2Fids%2F455796%2Fimage_2.jpg%3Fv%3D638599212256900000"", ""https://harpersbazaarprod.vtexassets.com/unsafe/154x0/center/middle/filters:quality(60)/https%3A%2F%2Fharpersbazaarprod.vtexassets.com%2Farquivos%2Fids%2F455795%2Fimage_3.jpg%3Fv%3D638599212253900000"", ""https://harpersbazaarprod.vtexassets.com/unsafe/154x0/center/middle/filters:quality(60)/https%3A%2F%2Fharpersbazaarprod.vtexassets.com%2Farquivos%2Fids%2F455793%2Fimage_4.jpg%3Fv%3D638599212249700000"", ""https://harpersbazaarprod.vtexassets.com/unsafe/154x0/center/middle/filters:quality(60)/https%3A%2F%2Fharpersbazaarprod.vtexassets.com%2Farquivos%2Fids%2F455792%2Fimage_5.jpg%3Fv%3D638599212248030000""]","•	Printed Palms 
•	Front button placket
•	Pointed Collar
•	Padded Shoulders 
•	Topstitching 
Dimensions: Model is 5'9""/175cm and is wearing a size FR36 
Composition: 100% Viscose 
Care: Care according to label",https://shop.harpersbazaar.com/shirt-dress-1724272600429-49781/p
Mesh Long Dress,Jean Paul Gaultier,641.0,"[""https://harpersbazaarprod.vtexassets.com/unsafe/154x0/center/middle/filters:quality(60)/https%3A%2F%2Fharpersbazaarprod.vtexassets.com%2Farquivos%2Fids%2F445806%2Fimage_1.jpg%3Fv%3D638592575392500000"", ""https://harpersbazaarprod.vtexassets.com/unsafe/154x0/center/middle/filters:quality(60)/https%3A%2F%2Fharpersbazaarprod.vtexassets.com%2Farquivos%2Fids%2F445808%2Fimage_2.jpg%3Fv%3D638592575398230000"", ""https://harpersbazaarprod.vtexassets.com/unsafe/154x0/center/middle/filters:quality(60)/https%3A%2F%2Fharpersbazaarprod.vtexassets.com%2Farquivos%2Fids%2F445807%2Fimage_3.jpg%3Fv%3D638592575395130000"", ""https://harpersbazaarprod.vtexassets.com/unsafe/154x0/center/middle/filters:quality(60)/https%3A%2F%2Fharpersbazaarprod.vtexassets.com%2Farquivos%2Fids%2F445805%2Fimage_4.jpg%3Fv%3D638596818856870000"", ""https://harpersbazaarprod.vtexassets.com/unsafe/154x0/center/middle/filters:quality(60)/https%3A%2F%2Fharpersbazaarprod.vtexassets.com%2Farquivos%2Fids%2F445804%2Fimage_5.jpg%3Fv%3D638596818850000000""]","Fitted Column Silhouette
Long Sleeves
Mesh fabrication
Ecorche print of muscles and anatomy throughout

Dimensions: Model is 5'9"" / 175cm and is wearing a size S
Composition: 100% Polyamide
Care: Care according to label",https://shop.harpersbazaar.com/mesh-long-dress-1723660633249-47539/p
Kyra Bodysuit,Live The Process,150.0,"[""https://harpersbazaarprod.vtexassets.com/unsafe/154x0/center/middle/filters:quality(60)/https%3A%2F%2Fharpersbazaarprod.vtexassets.com%2Farquivos%2Fids%2F606978%2Fimage_1.jpg%3Fv%3D638670258305500000"", ""https://harpersbazaarprod.vtexassets.com/unsafe/154x0/center/middle/filters:quality(60)/https%3A%2F%2Fharpersbazaarprod.vtexassets.com%2Farquivos%2Fids%2F606980%2Fimage_2.jpg%3Fv%3D638670258311200000"", ""https://harpersbazaarprod.vtexassets.com/unsafe/154x0/center/middle/filters:quality(60)/https%3A%2F%2Fharpersbazaarprod.vtexassets.com%2Farquivos%2Fids%2F606979%2Fimage_3.jpg%3Fv%3D638670258308570000""]","Tipping the balance. Our Kyra Bodysuit, with its open back and Brazilian cut bottom, is an irresistible piece. Primed for layering under anything, it offers a tantalizing blend of allure and versatility.",https://shop.harpersbazaar.com/kyra-bodysuit-1730772576310-85293/p
Orion Bodysuit,Live The Process,160.0,"[""https://harpersbazaarprod.vtexassets.com/unsafe/154x0/center/middle/filters:quality(60)/https%3A%2F%2Fharpersbazaarprod.vtexassets.com%2Farquivos%2Fids%2F628746%2Fimage_1.jpg%3Fv%3D638671194214330000"", ""https://harpersbazaarprod.vtexassets.com/unsafe/154x0/center/middle/filters:quality(60)/https%3A%2F%2Fharpersbazaarprod.vtexassets.com%2Farquivos%2Fids%2F628748%2Fimage_2.jpg%3Fv%3D638670299814300000"", ""https://harpersbazaarprod.vtexassets.com/unsafe/154x0/center/middle/filters:quality(60)/https%3A%2F%2Fharpersbazaarprod.vtexassets.com%2Farquivos%2Fids%2F628747%2Fimage_3.jpg%3Fv%3D638671194217130000""]","Peekaboo! The figure-flattering bodysuit gets reimagined into a cut-out sensation that's out of this world.
In other words: Our Orion Bodysuit. Heads will turn.",https://shop.harpersbazaar.com/orion-bodysuit-1731433174370-90475/p
Idun Dress,Rebecca Taylor,490.0,"[""https://harpersbazaarprod.vtexassets.com/unsafe/154x0/center/middle/filters:quality(60)/https%3A%2F%2Fharpersbazaarprod.vtexassets.com%2Farquivos%2Fids%2F658419%2Fimage_1.jpg%3Fv%3D638681744200030000"", ""https://harpersbazaarprod.vtexassets.com/unsafe/154x0/center/middle/filters:quality(60)/https%3A%2F%2Fharpersbazaarprod.vtexassets.com%2Farquivos%2Fids%2F658421%2Fimage_2.jpg%3Fv%3D638688276240370000"", ""https://harpersbazaarprod.vtexassets.com/unsafe/154x0/center/middle/filters:quality(60)/https%3A%2F%2Fharpersbazaarprod.vtexassets.com%2Farquivos%2Fids%2F658420%2Fimage_3.jpg%3Fv%3D638688276239270000"", ""https://harpersbazaarprod.vtexassets.com/unsafe/154x0/center/middle/filters:quality(60)/https%3A%2F%2Fharpersbazaarprod.vtexassets.com%2Farquivos%2Fids%2F658417%2Fimage_4.jpg%3Fv%3D638688276236300000"", ""https://harpersbazaarprod.vtexassets.com/unsafe/154x0/center/middle/filters:quality(60)/https%3A%2F%2Fharpersbazaarprod.vtexassets.com%2Farquivos%2Fids%2F658416%2Fimage_5.jpg%3Fv%3D638688276235070000"", ""https://harpersbazaarprod.vtexassets.com/unsafe/154x0/center/middle/filters:quality(60)/https%3A%2F%2Fharpersbazaarprod.vtexassets.com%2Farquivos%2Fids%2F658418%2Fimage_6.jpg%3Fv%3D638688276237870000""]","This Black Shirt Dress artfully combines classic tailoring with romantic lace elements. Featuring a crisp Cotton Poplin bodice and a luxurious corded gallon lace skirt, it offers an elegant contrast of textures for a truly striking look.

• Black Cotton Poplin bodice with button-front closure
• Corded gallon lace skirt for added allure
• Refined shell buttons for a polished finish
• Three-quarter length sleeves
• Midi length with scalloped lace hem
• Versatile design suitable for day-to-night occasions
• Body: 100% Cotton
• Lace: 38% Rayon, 36% Nylon, 26% Cotton
• Dry Clean Only",https://shop.harpersbazaar.com/idun-dress-1732577576856-97861/p
Oversized Kaftan,We-Ar4,295.0,"[""https://harpersbazaarprod.vtexassets.com/unsafe/154x0/center/middle/filters:quality(60)/https%3A%2F%2Fharpersbazaarprod.vtexassets.com%2Farquivos%2Fids%2F213652%2Fimage_1.jpg%3Fv%3D638556410014730000"", ""https://harpersbazaarprod.vtexassets.com/unsafe/154x0/center/middle/filters:quality(60)/https%3A%2F%2Fharpersbazaarprod.vtexassets.com%2Farquivos%2Fids%2F213654%2Fimage_2.jpg%3Fv%3D638556410020830000"", ""https://harpersbazaarprod.vtexassets.com/unsafe/154x0/center/middle/filters:quality(60)/https%3A%2F%2Fharpersbazaarprod.vtexassets.com%2Farquivos%2Fids%2F213653%2Fimage_3.jpg%3Fv%3D638556410017400000"", ""https://harpersbazaarprod.vtexassets.com/unsafe/154x0/center/middle/filters:quality(60)/https%3A%2F%2Fharpersbazaarprod.vtexassets.com%2Farquivos%2Fids%2F213647%2Fimage_4.jpg%3Fv%3D638556410000730000"", ""https://harpersbazaarprod.vtexassets.com/unsafe/154x0/center/middle/filters:quality(60)/https%3A%2F%2Fharpersbazaarprod.vtexassets.com%2Farquivos%2Fids%2F213646%2Fimage_5.jpg%3Fv%3D638556409998130000"", ""https://harpersbazaarprod.vtexassets.com/unsafe/154x0/center/middle/filters:quality(60)/https%3A%2F%2Fharpersbazaarprod.vtexassets.com%2Farquivos%2Fids%2F213650%2Fimage_6.jpg%3Fv%3D638556410008800000"", ""https://harpersbazaarprod.vtexassets.com/unsafe/154x0/center/middle/filters:quality(60)/https%3A%2F%2Fharpersbazaarprod.vtexassets.com%2Farquivos%2Fids%2F213648%2Fimage_7.jpg%3Fv%3D638556410004270000"", ""https://harpersbazaarprod.vtexassets.com/unsafe/154x0/center/middle/filters:quality(60)/https%3A%2F%2Fharpersbazaarprod.vtexassets.com%2Farquivos%2Fids%2F213645%2Fimage_8.jpg%3Fv%3D638556409995800000"", ""https://harpersbazaarprod.vtexassets.com/unsafe/154x0/center/middle/filters:quality(60)/https%3A%2F%2Fharpersbazaarprod.vtexassets.com%2Farquivos%2Fids%2F213643%2Fimage_9.jpg%3Fv%3D638556409991100000"", ""https://harpersbazaarprod.vtexassets.com/unsafe/154x0/center/middle/filters:quality(60)/https%3A%2F%2Fharpersbazaarprod.vtexassets.com%2Farquivos%2Fids%2F213644%2Fimage_10.jpg%3Fv%3D638556409993770000"", ""https://harpersbazaarprod.vtexassets.com/unsafe/154x0/center/middle/filters:quality(60)/https%3A%2F%2Fharpersbazaarprod.vtexassets.com%2Farquivos%2Fids%2F213651%2Fimage_11.jpg%3Fv%3D638556410011470000"", ""https://harpersbazaarprod.vtexassets.com/unsafe/154x0/center/middle/filters:quality(60)/https%3A%2F%2Fharpersbazaarprod.vtexassets.com%2Farquivos%2Fids%2F213649%2Fimage_12.jpg%3Fv%3D638556410007700000""]","Like wearing a warm summer breeze, the Oversized Kaftan turns a classic men's shirt into an airy, effortless dress. The Oversized yet crisp silhouette balances bold proportion with light movement. Wear it as a beach cover-up or as casually chic everyday look.",https://shop.harpersbazaar.com/oversized-kaftan-1720044188008-9274/p
Petra Dress,Live The Process,260.0,"[""https://harpersbazaarprod.vtexassets.com/unsafe/154x0/center/middle/filters:quality(60)/https%3A%2F%2Fharpersbazaarprod.vtexassets.com%2Farquivos%2Fids%2F628602%2Fimage_1.jpg%3Fv%3D638671842142500000"", ""https://harpersbazaarprod.vtexassets.com/unsafe/154x0/center/middle/filters:quality(60)/https%3A%2F%2Fharpersbazaarprod.vtexassets.com%2Farquivos%2Fids%2F628604%2Fimage_2.jpg%3Fv%3D638670299210600000"", ""https://harpersbazaarprod.vtexassets.com/unsafe/154x0/center/middle/filters:quality(60)/https%3A%2F%2Fharpersbazaarprod.vtexassets.com%2Farquivos%2Fids%2F628603%2Fimage_3.jpg%3Fv%3D638671842145170000""]","Irresistible allure. Our artfully knitted strapless Petra Dress, featuring intricate corset detailing and a sleek yet supportive column silhouette with a flattering drop waist, epitomizes pure sensuality. The corset holds you in, enhancing your curves, while the ribbed dress portion flows gracefully. This versatile piece is a captivating choice for any occasion.",https://shop.harpersbazaar.com/petra-dress-1731433116178-90427/p
Corset Playsuit,Live The Process,145.0,"[""https://harpersbazaarprod.vtexassets.com/unsafe/154x0/center/middle/filters:quality(60)/https%3A%2F%2Fharpersbazaarprod.vtexassets.com%2Farquivos%2Fids%2F606681%2Fimage_1.jpg%3Fv%3D638663693745470000"", ""https://harpersbazaarprod.vtexassets.com/unsafe/154x0/center/middle/filters:quality(60)/https%3A%2F%2Fharpersbazaarprod.vtexassets.com%2Farquivos%2Fids%2F606683%2Fimage_2.jpg%3Fv%3D638669430880000000"", ""https://harpersbazaarprod.vtexassets.com/unsafe/154x0/center/middle/filters:quality(60)/https%3A%2F%2Fharpersbazaarprod.vtexassets.com%2Farquivos%2Fids%2F606682%2Fimage_3.jpg%3Fv%3D638669430876270000""]","Waist not, want not. Our Corset Playsuit, cropped to perfection, is your go-to for flirtatious layering. Be bold in this this playful silhouette.",https://shop.harpersbazaar.com/corset-playsuit-1730772574054-85194/p
Malia Mini Dress,Live The Process,155.0,"[""https://harpersbazaarprod.vtexassets.com/unsafe/154x0/center/middle/filters:quality(60)/https%3A%2F%2Fharpersbazaarprod.vtexassets.com%2Farquivos%2Fids%2F628665%2Fimage_1.jpg%3Fv%3D638671770232870000"", ""https://harpersbazaarprod.vtexassets.com/unsafe/154x0/center/middle/filters:quality(60)/https%3A%2F%2Fharpersbazaarprod.vtexassets.com%2Farquivos%2Fids%2F628667%2Fimage_2.jpg%3Fv%3D638670299516400000"", ""https://harpersbazaarprod.vtexassets.com/unsafe/154x0/center/middle/filters:quality(60)/https%3A%2F%2Fharpersbazaarprod.vtexassets.com%2Farquivos%2Fids%2F628666%2Fimage_3.jpg%3Fv%3D638671770236970000""]","Pop shop. Convey easy, swingy style in our crewneck, ruffle-hemmed, thigh-revealing Malia Mini Dress. The flirtatious ruffle hem and thigh-grazing cut, paired with a classic crewneck, create a playful silhouette that sways with your every step.",https://shop.harpersbazaar.com/malia-mini-dress-1731433121109-90448/p
Malia Dress,Live The Process,290.0,"[""https://harpersbazaarprod.vtexassets.com/unsafe/154x0/center/middle/filters:quality(60)/https%3A%2F%2Fharpersbazaarprod.vtexassets.com%2Farquivos%2Fids%2F606549%2Fimage_1.jpg%3Fv%3D638663693279230000"", ""https://harpersbazaarprod.vtexassets.com/unsafe/154x0/center/middle/filters:quality(60)/https%3A%2F%2Fharpersbazaarprod.vtexassets.com%2Farquivos%2Fids%2F606551%2Fimage_2.jpg%3Fv%3D638670114601030000"", ""https://harpersbazaarprod.vtexassets.com/unsafe/154x0/center/middle/filters:quality(60)/https%3A%2F%2Fharpersbazaarprod.vtexassets.com%2Farquivos%2Fids%2F606550%2Fimage_3.jpg%3Fv%3D638670114595470000""]",Let it Flounce. Ruffled Hemlines and Adjustable Straps make our Malia Dress perfect for a spin any time of day or night.,https://shop.harpersbazaar.com/malia-dress-1730772527482-85150/p
Poplin Shirt Dress,Rebecca Taylor,430.0,"[""https://harpersbazaarprod.vtexassets.com/unsafe/154x0/center/middle/filters:quality(60)/https%3A%2F%2Fharpersbazaarprod.vtexassets.com%2Farquivos%2Fids%2F658212%2Fimage_1.jpg%3Fv%3D638681743802700000"", ""https://harpersbazaarprod.vtexassets.com/unsafe/154x0/center/middle/filters:quality(60)/https%3A%2F%2Fharpersbazaarprod.vtexassets.com%2Farquivos%2Fids%2F658214%2Fimage_2.jpg%3Fv%3D638688204063400000"", ""https://harpersbazaarprod.vtexassets.com/unsafe/154x0/center/middle/filters:quality(60)/https%3A%2F%2Fharpersbazaarprod.vtexassets.com%2Farquivos%2Fids%2F658213%2Fimage_3.jpg%3Fv%3D638688204062000000"", ""https://harpersbazaarprod.vtexassets.com/unsafe/154x0/center/middle/filters:quality(60)/https%3A%2F%2Fharpersbazaarprod.vtexassets.com%2Farquivos%2Fids%2F658211%2Fimage_4.jpg%3Fv%3D638688204060600000"", ""https://harpersbazaarprod.vtexassets.com/unsafe/154x0/center/middle/filters:quality(60)/https%3A%2F%2Fharpersbazaarprod.vtexassets.com%2Farquivos%2Fids%2F658210%2Fimage_5.jpg%3Fv%3D638688204058770000""]","This refined puff sleeve shirt dress in a rich Dark Navy Hue offers a perfect blend of classic style and modern charm. Crafted from pure cotton, it promises both comfort and elegance with its thoughtfully designed silhouette and feminine details. 

Deep Dark Navy color for sophisticated, versatile wear. 
100% Cotton fabric for breathable comfort.
Romantic puff sleeves add a stylish touch.
Button-front closure with elegant shell buttons.
Fitted waist leading to a graceful midi-length skirt  

100% Cotton 

Hand Wash Cold Only 
Non-Chlorine Bleach When Needed 
Lay Flat To Dry  
Cool Iron If Needed 
Or Dry Clean",https://shop.harpersbazaar.com/poplin-shirt-dress-1732577579434-97823/p
Mira Dress,Live The Process,170.0,"[""https://harpersbazaarprod.vtexassets.com/unsafe/154x0/center/middle/filters:quality(60)/https%3A%2F%2Fharpersbazaarprod.vtexassets.com%2Farquivos%2Fids%2F628620%2Fimage_1.jpg%3Fv%3D638671806327770000"", ""https://harpersbazaarprod.vtexassets.com/unsafe/154x0/center/middle/filters:quality(60)/https%3A%2F%2Fharpersbazaarprod.vtexassets.com%2Farquivos%2Fids%2F628622%2Fimage_2.jpg%3Fv%3D638671806334770000"", ""https://harpersbazaarprod.vtexassets.com/unsafe/154x0/center/middle/filters:quality(60)/https%3A%2F%2Fharpersbazaarprod.vtexassets.com%2Farquivos%2Fids%2F628621%2Fimage_3.jpg%3Fv%3D638671806330570000""]","A slinky short tunic—or super Short Dress if you dare—makes for a breezy look. Our Mira Dress is a slinky tunic that dares to double as a super short dress. Featuring a seductive V-Neck and exquisite detailing under the chest, it offers a breezy, sophisticated look that captivates.",https://shop.harpersbazaar.com/mira-dress-1731433125175-90433/p
"42"" Marshmallow Hooded Lounger",Softies,119.0,"[""https://harpersbazaarprod.vtexassets.com/unsafe/154x0/center/middle/filters:quality(60)/https%3A%2F%2Fharpersbazaarprod.vtexassets.com%2Farquivos%2Fids%2F201783%2Fimage_1.jpg%3Fv%3D638623656317200000"", ""https://harpersbazaarprod.vtexassets.com/unsafe/154x0/center/middle/filters:quality(60)/https%3A%2F%2Fharpersbazaarprod.vtexassets.com%2Farquivos%2Fids%2F201785%2Fimage_2.jpg%3Fv%3D638513088599070000"", ""https://harpersbazaarprod.vtexassets.com/unsafe/154x0/center/middle/filters:quality(60)/https%3A%2F%2Fharpersbazaarprod.vtexassets.com%2Farquivos%2Fids%2F201784%2Fimage_3.jpg%3Fv%3D638513088598600000"", ""https://harpersbazaarprod.vtexassets.com/unsafe/154x0/center/middle/filters:quality(60)/https%3A%2F%2Fharpersbazaarprod.vtexassets.com%2Farquivos%2Fids%2F201780%2Fimage_4.jpg%3Fv%3D638513088595000000"", ""https://harpersbazaarprod.vtexassets.com/unsafe/154x0/center/middle/filters:quality(60)/https%3A%2F%2Fharpersbazaarprod.vtexassets.com%2Farquivos%2Fids%2F201779%2Fimage_5.jpg%3Fv%3D638513088593600000"", ""https://harpersbazaarprod.vtexassets.com/unsafe/154x0/center/middle/filters:quality(60)/https%3A%2F%2Fharpersbazaarprod.vtexassets.com%2Farquivos%2Fids%2F201782%2Fimage_6.jpg%3Fv%3D638513088596230000"", ""https://harpersbazaarprod.vtexassets.com/unsafe/154x0/center/middle/filters:quality(60)/https%3A%2F%2Fharpersbazaarprod.vtexassets.com%2Farquivos%2Fids%2F201781%2Fimage_7.jpg%3Fv%3D638513088595470000"", ""https://harpersbazaarprod.vtexassets.com/unsafe/154x0/center/middle/filters:quality(60)/https%3A%2F%2Fharpersbazaarprod.vtexassets.com%2Farquivos%2Fids%2F201778%2Fimage_8.jpg%3Fv%3D638513088591870000""]","Softies' Marshmallow Hooded Lounger: 
The Epitome of Luxury Loungewear

Embrace the sheer luxury of the most exquisite lounger. Slipping into this heavenly cloud of comfort is unlike anything else. The heather melange fabric with a velvety texture on both sides is simply mesmerizing. It's like being caressed by a thousand marshmallows. The elegant design of the crisscross neckline on the hooded opening and the kangaroo pocket add to the opulence of this lounging essential. Its hemline gracefully falling just below the knee envelops you in a sumptuous cocoon of tranquility. Every time you put it on, you will be transported to a world of supreme relaxation. Our luxury loungewear collection is crafted with care and designed for optimal comfort. It is a profound indulgence that will leave you reeling in ecstasy.

**Oprah's Favorite Thing: 2019**

Hooded Lounger Features

The curved hem falls just below the knee
Kangaroo pocket creates a casual yet luxe appeal
Heathered, ribbed knit fabric is stylish and oh-so-comfortable
Playful Hood makes it a year-round favorite

 Hooded Lounger Materials & Care

Easy care, colorfast and machine washable. 
Amazingly soft Marshmallow blend of 51% Polyester and 49% Nylon only gets softer with time.",https://shop.harpersbazaar.com/42-marshmallow-hooded-lounger-1715711991158-6867/p
Long Sleeve Shirt Dress in Crepe  - Black,Co,795.0,"[""https://harpersbazaarprod.vtexassets.com/unsafe/154x0/center/middle/filters:quality(60)/https%3A%2F%2Fharpersbazaarprod.vtexassets.com%2Farquivos%2Fids%2F412110%2Fimage_1.jpg%3Fv%3D638578879801000000"", ""https://harpersbazaarprod.vtexassets.com/unsafe/154x0/center/middle/filters:quality(60)/https%3A%2F%2Fharpersbazaarprod.vtexassets.com%2Farquivos%2Fids%2F412112%2Fimage_2.jpg%3Fv%3D638587404362770000"", ""https://harpersbazaarprod.vtexassets.com/unsafe/154x0/center/middle/filters:quality(60)/https%3A%2F%2Fharpersbazaarprod.vtexassets.com%2Farquivos%2Fids%2F412111%2Fimage_3.jpg%3Fv%3D638587404360600000"", ""https://harpersbazaarprod.vtexassets.com/unsafe/154x0/center/middle/filters:quality(60)/https%3A%2F%2Fharpersbazaarprod.vtexassets.com%2Farquivos%2Fids%2F412109%2Fimage_4.jpg%3Fv%3D638587404358400000""]","A Midi-Length A-line Dress in a fluid Stretch Viscose, featuring a half zip detail at front.

Details

Black Midi-Length Dress
Stretch viscose
Pointed collar
Half-zip closure at bodice front
A-Line Skirt
Box pleat at skirt front
97% Viscose, 3% Elastane
4471MBND-ESSN

Size and Fit

Designed for a relaxed fit. Size down for a slimmer fit.
Model is 5'10"" and wears a size Small.",https://shop.harpersbazaar.com/long-sleeve-shirt-dress-in-crepe-black-1722291161069-40096/p
Lace Slip Dress in Silk Satin - Black,Co,695.0,"[""https://harpersbazaarprod.vtexassets.com/unsafe/154x0/center/middle/filters:quality(60)/https%3A%2F%2Fharpersbazaarprod.vtexassets.com%2Farquivos%2Fids%2F411940%2Fimage_1.jpg%3Fv%3D638587278161770000"", ""https://harpersbazaarprod.vtexassets.com/unsafe/154x0/center/middle/filters:quality(60)/https%3A%2F%2Fharpersbazaarprod.vtexassets.com%2Farquivos%2Fids%2F411942%2Fimage_2.jpg%3Fv%3D638587278168030000"", ""https://harpersbazaarprod.vtexassets.com/unsafe/154x0/center/middle/filters:quality(60)/https%3A%2F%2Fharpersbazaarprod.vtexassets.com%2Farquivos%2Fids%2F411941%2Fimage_3.jpg%3Fv%3D638587278165370000"", ""https://harpersbazaarprod.vtexassets.com/unsafe/154x0/center/middle/filters:quality(60)/https%3A%2F%2Fharpersbazaarprod.vtexassets.com%2Farquivos%2Fids%2F411939%2Fimage_4.jpg%3Fv%3D638587278159430000"", ""https://harpersbazaarprod.vtexassets.com/unsafe/154x0/center/middle/filters:quality(60)/https%3A%2F%2Fharpersbazaarprod.vtexassets.com%2Farquivos%2Fids%2F438537%2Fimage_5.jpg%3Fv%3D638587278156200000""]","Long Slip Dress in 16mm Opaque Bias-cut Silk Satin glides gracefully against the skin. French lace trims the neckline. Adjustable spaghetti straps and cleverly positioned encased elasticized back ensure proper fit. French seam, baby hem.

Details

100% Silk
Trim: 50% Cotton, 30% Viscose, 20% Polyamide
4704CSSC-CORE
Black

Size and Fit

True to size. See size guide.
Approx. 47"" in total length.
Model is 5'9"" 30"" bust and wears a size Small.",https://shop.harpersbazaar.com/lace-slip-dress-in-silk-satin-black-1722291142203-40052/p
Cotton Poplin X Cotton Jersey Dress - Navy Stripe,Sacai,1030.0,"[""https://harpersbazaarprod.vtexassets.com/unsafe/154x0/center/middle/filters:quality(60)/https%3A%2F%2Fharpersbazaarprod.vtexassets.com%2Farquivos%2Fids%2F563246%2Fimage_1.jpg%3Fv%3D638646396145630000"", ""https://harpersbazaarprod.vtexassets.com/unsafe/154x0/center/middle/filters:quality(60)/https%3A%2F%2Fharpersbazaarprod.vtexassets.com%2Farquivos%2Fids%2F563248%2Fimage_2.jpg%3Fv%3D638652006344630000"", ""https://harpersbazaarprod.vtexassets.com/unsafe/154x0/center/middle/filters:quality(60)/https%3A%2F%2Fharpersbazaarprod.vtexassets.com%2Farquivos%2Fids%2F563247%2Fimage_3.jpg%3Fv%3D638652006342130000"", ""https://harpersbazaarprod.vtexassets.com/unsafe/154x0/center/middle/filters:quality(60)/https%3A%2F%2Fharpersbazaarprod.vtexassets.com%2Farquivos%2Fids%2F563245%2Fimage_4.jpg%3Fv%3D638646396144030000""]","The Sacai Cotton Poplin x Cotton Jersey Dress features their signature mixed materials. You'll love the simple Jersey Cotton Top paired with the striped Cotton Poplin Skirt. Wear yours with boots and a shoulder bag. 
 
Fit Description
Fits true to size, take you rnormal size 
Midi length 
Mixed material 
Relaxed fit 
Belted waistband 
100% Cotton
Celeste is wearing a size 1/ XS

Model Measurements 
Bust: 35""
Waist: 25.5""
Hips: 34""
Height: 5’10”",https://shop.harpersbazaar.com/cotton-poplin-x-cotton-jersey-dress-navy-stripe-1729042792385-75229/p
Iride Print Mini Dress,Pucci,1550.0,"[""https://harpersbazaarprod.vtexassets.com/unsafe/154x0/center/middle/filters:quality(60)/https%3A%2F%2Fharpersbazaarprod.vtexassets.com%2Farquivos%2Fids%2F491725%2Fimage_1.jpg%3Fv%3D638617724186000000"", ""https://harpersbazaarprod.vtexassets.com/unsafe/154x0/center/middle/filters:quality(60)/https%3A%2F%2Fharpersbazaarprod.vtexassets.com%2Farquivos%2Fids%2F491727%2Fimage_2.jpg%3Fv%3D638622594279200000"", ""https://harpersbazaarprod.vtexassets.com/unsafe/154x0/center/middle/filters:quality(60)/https%3A%2F%2Fharpersbazaarprod.vtexassets.com%2Farquivos%2Fids%2F491726%2Fimage_3.jpg%3Fv%3D638622594275730000"", ""https://harpersbazaarprod.vtexassets.com/unsafe/154x0/center/middle/filters:quality(60)/https%3A%2F%2Fharpersbazaarprod.vtexassets.com%2Farquivos%2Fids%2F491724%2Fimage_4.jpg%3Fv%3D638622594271000000"", ""https://harpersbazaarprod.vtexassets.com/unsafe/154x0/center/middle/filters:quality(60)/https%3A%2F%2Fharpersbazaarprod.vtexassets.com%2Farquivos%2Fids%2F491723%2Fimage_5.jpg%3Fv%3D638622594269300000""]","• V-Neck
• Short wide sleeves
• Wrap-style front
• Elasticated drawstring waist
• Straight mini-length hem

Dimensions: Model is 5'9""/ 175cm and is wearing a size S
Composition: 100% Cotton
Care: Care according to label",https://shop.harpersbazaar.com/iride-print-mini-dress-1726175554456-58121/p
Viscose Chiffon Smocked Waist Dress,Rebecca Taylor,530.0,"[""https://harpersbazaarprod.vtexassets.com/unsafe/154x0/center/middle/filters:quality(60)/https%3A%2F%2Fharpersbazaarprod.vtexassets.com%2Farquivos%2Fids%2F658290%2Fimage_1.jpg%3Fv%3D638688222214530000"", ""https://harpersbazaarprod.vtexassets.com/unsafe/154x0/center/middle/filters:quality(60)/https%3A%2F%2Fharpersbazaarprod.vtexassets.com%2Farquivos%2Fids%2F658292%2Fimage_2.jpg%3Fv%3D638688222218770000"", ""https://harpersbazaarprod.vtexassets.com/unsafe/154x0/center/middle/filters:quality(60)/https%3A%2F%2Fharpersbazaarprod.vtexassets.com%2Farquivos%2Fids%2F658291%2Fimage_3.jpg%3Fv%3D638688222216270000"", ""https://harpersbazaarprod.vtexassets.com/unsafe/154x0/center/middle/filters:quality(60)/https%3A%2F%2Fharpersbazaarprod.vtexassets.com%2Farquivos%2Fids%2F658289%2Fimage_4.jpg%3Fv%3D638688222210330000"", ""https://harpersbazaarprod.vtexassets.com/unsafe/154x0/center/middle/filters:quality(60)/https%3A%2F%2Fharpersbazaarprod.vtexassets.com%2Farquivos%2Fids%2F658288%2Fimage_5.jpg%3Fv%3D638688222207370000""]","Featuring a Delicate High Neckline and Voluminous Puff Sleeves, this dress is perfect for any special occasion. The Smocked Waist adds a Flattering Silhouette, while the flowing chiffon fabric creates a dreamy, romantic look.",https://shop.harpersbazaar.com/viscose-chiffon-smocked-waist-dress-1732577594368-97837/p
Sidney Dress,Hunter Bell,425.0,"[""https://harpersbazaarprod.vtexassets.com/unsafe/154x0/center/middle/filters:quality(60)/https%3A%2F%2Fharpersbazaarprod.vtexassets.com%2Farquivos%2Fids%2F695845%2Fimage-1.jpg%3Fv%3D638702604241330000"", ""https://harpersbazaarprod.vtexassets.com/unsafe/154x0/center/middle/filters:quality(60)/https%3A%2F%2Fharpersbazaarprod.vtexassets.com%2Farquivos%2Fids%2F695847%2Fimage-2.jpg%3Fv%3D638703018649400000"", ""https://harpersbazaarprod.vtexassets.com/unsafe/154x0/center/middle/filters:quality(60)/https%3A%2F%2Fharpersbazaarprod.vtexassets.com%2Farquivos%2Fids%2F695846%2Fimage-3.jpg%3Fv%3D638703018646300000"", ""https://harpersbazaarprod.vtexassets.com/unsafe/154x0/center/middle/filters:quality(60)/https%3A%2F%2Fharpersbazaarprod.vtexassets.com%2Farquivos%2Fids%2F695843%2Fimage-4.jpg%3Fv%3D638703018640430000"", ""https://harpersbazaarprod.vtexassets.com/unsafe/154x0/center/middle/filters:quality(60)/https%3A%2F%2Fharpersbazaarprod.vtexassets.com%2Farquivos%2Fids%2F695842%2Fimage-5.jpg%3Fv%3D638703018637000000"", ""https://harpersbazaarprod.vtexassets.com/unsafe/154x0/center/middle/filters:quality(60)/https%3A%2F%2Fharpersbazaarprod.vtexassets.com%2Farquivos%2Fids%2F695844%2Fimage-6.jpg%3Fv%3D638703018643230000""]","The Sidney Dress strikes the perfect balance of modern sophistication and playful charm. Featuring a sleek crew neckline and chic ¾ length tapered sleeves, this piece is finished with delicate pintuck detailing at the bodice and practical side seam pockets. Its shift silhouette radiates effortless style, making Sidney a repeat bestseller.

Details

• Crew neckline
• Pintuck details
• Pull over design
• Full elbow length sleeve with slim opening
• Button front placket
• Flat self covered buttons at placket
• Tonal topstitching throughout

Fit details:

• 35” from shoulder",https://shop.harpersbazaar.com/sidney-dress-1734663622580-103163/p
Kerala Caftan,Calypso St. Barth,315.0,"[""https://harpersbazaarprod.vtexassets.com/unsafe/154x0/center/middle/filters:quality(60)/https%3A%2F%2Fharpersbazaarprod.vtexassets.com%2Farquivos%2Fids%2F692359%2Fimage-1.jpg%3Fv%3D638700246041200000"", ""https://harpersbazaarprod.vtexassets.com/unsafe/154x0/center/middle/filters:quality(60)/https%3A%2F%2Fharpersbazaarprod.vtexassets.com%2Farquivos%2Fids%2F692360%2Fimage-2.jpg%3Fv%3D638700246043830000"", ""https://harpersbazaarprod.vtexassets.com/unsafe/154x0/center/middle/filters:quality(60)/https%3A%2F%2Fharpersbazaarprod.vtexassets.com%2Farquivos%2Fids%2F692864%2Fimage-3.jpg%3Fv%3D638700246042730000"", ""https://harpersbazaarprod.vtexassets.com/unsafe/154x0/center/middle/filters:quality(60)/https%3A%2F%2Fharpersbazaarprod.vtexassets.com%2Farquivos%2Fids%2F692863%2Fimage-4.jpg%3Fv%3D638700246038370000""]","The Kerala caftan is an all-season essential, crafted from beautiful handwoven linen that keeps you cool on hot, humid days. Lightweight and breathable, it's the perfect piece for effortless comfort year-round.

100% Linen
Hand Woven
Hand/Gentle Wash",https://shop.harpersbazaar.com/kerala-caftan-1734373836020-102459/p
Cara Tunic,Calypso St. Barth,425.0,"[""https://harpersbazaarprod.vtexassets.com/unsafe/154x0/center/middle/filters:quality(60)/https%3A%2F%2Fharpersbazaarprod.vtexassets.com%2Farquivos%2Fids%2F434930%2Fimage_1.jpg%3Fv%3D638586594833100000"", ""https://harpersbazaarprod.vtexassets.com/unsafe/154x0/center/middle/filters:quality(60)/https%3A%2F%2Fharpersbazaarprod.vtexassets.com%2Farquivos%2Fids%2F434932%2Fimage_2.jpg%3Fv%3D638586594839200000"", ""https://harpersbazaarprod.vtexassets.com/unsafe/154x0/center/middle/filters:quality(60)/https%3A%2F%2Fharpersbazaarprod.vtexassets.com%2Farquivos%2Fids%2F434931%2Fimage_3.jpg%3Fv%3D638586594836070000"", ""https://harpersbazaarprod.vtexassets.com/unsafe/154x0/center/middle/filters:quality(60)/https%3A%2F%2Fharpersbazaarprod.vtexassets.com%2Farquivos%2Fids%2F434929%2Fimage_4.jpg%3Fv%3D638586594830130000""]","Calypso knows tunics. Here is a versatile, fresh, white, linen version, perfect over your bathing suit or off to lunch.

    100% Linen
    Made in India
    Dry clean only",https://shop.harpersbazaar.com/cara-tunic-1723069806812-44975/p
Cartouche Printed Mesh Short Dress,Jean Paul Gaultier,510.0,"[""https://harpersbazaarprod.vtexassets.com/unsafe/154x0/center/middle/filters:quality(60)/https%3A%2F%2Fharpersbazaarprod.vtexassets.com%2Farquivos%2Fids%2F445443%2Fimage_1.jpg%3Fv%3D638592574325630000"", ""https://harpersbazaarprod.vtexassets.com/unsafe/154x0/center/middle/filters:quality(60)/https%3A%2F%2Fharpersbazaarprod.vtexassets.com%2Farquivos%2Fids%2F445445%2Fimage_2.jpg%3Fv%3D638592574331100000"", ""https://harpersbazaarprod.vtexassets.com/unsafe/154x0/center/middle/filters:quality(60)/https%3A%2F%2Fharpersbazaarprod.vtexassets.com%2Farquivos%2Fids%2F445444%2Fimage_3.jpg%3Fv%3D638596872265670000"", ""https://harpersbazaarprod.vtexassets.com/unsafe/154x0/center/middle/filters:quality(60)/https%3A%2F%2Fharpersbazaarprod.vtexassets.com%2Farquivos%2Fids%2F445442%2Fimage_4.jpg%3Fv%3D638596872262800000"", ""https://harpersbazaarprod.vtexassets.com/unsafe/154x0/center/middle/filters:quality(60)/https%3A%2F%2Fharpersbazaarprod.vtexassets.com%2Farquivos%2Fids%2F445441%2Fimage_5.jpg%3Fv%3D638592574319230000""]","Sleeveless Crewneck Mini Dress, Mesh fabrication, Fitted Silhouette.
Dimensions: Model is 5'9""/175cm and is wearing a size S 
Composition: 100% Polyamide 
Care: Care according to label",https://shop.harpersbazaar.com/cartouche-printed-mesh-short-dress-1723660631346-47464/p
Airweight Scoop Neck Bodysuit,Splits59,118.0,"[""https://harpersbazaarprod.vtexassets.com/unsafe/154x0/center/middle/filters:quality(60)/https%3A%2F%2Fharpersbazaarprod.vtexassets.com%2Farquivos%2Fids%2F179554%2Fimage_1.jpg%3Fv%3D638465409435570000"", ""https://harpersbazaarprod.vtexassets.com/unsafe/154x0/center/middle/filters:quality(60)/https%3A%2F%2Fharpersbazaarprod.vtexassets.com%2Farquivos%2Fids%2F179556%2Fimage_2.jpg%3Fv%3D638465409439630000"", ""https://harpersbazaarprod.vtexassets.com/unsafe/154x0/center/middle/filters:quality(60)/https%3A%2F%2Fharpersbazaarprod.vtexassets.com%2Farquivos%2Fids%2F179555%2Fimage_3.jpg%3Fv%3D638465409437300000"", ""https://harpersbazaarprod.vtexassets.com/unsafe/154x0/center/middle/filters:quality(60)/https%3A%2F%2Fharpersbazaarprod.vtexassets.com%2Farquivos%2Fids%2F179552%2Fimage_4.jpg%3Fv%3D638465409428630000"", ""https://harpersbazaarprod.vtexassets.com/unsafe/154x0/center/middle/filters:quality(60)/https%3A%2F%2Fharpersbazaarprod.vtexassets.com%2Farquivos%2Fids%2F179551%2Fimage_5.jpg%3Fv%3D638465409425670000"", ""https://harpersbazaarprod.vtexassets.com/unsafe/154x0/center/middle/filters:quality(60)/https%3A%2F%2Fharpersbazaarprod.vtexassets.com%2Farquivos%2Fids%2F179553%2Fimage_6.jpg%3Fv%3D638465409433070000"", ""https://harpersbazaarprod.vtexassets.com/unsafe/154x0/center/middle/filters:quality(60)/https%3A%2F%2Fharpersbazaarprod.vtexassets.com%2Farquivos%2Fids%2F187403%2Fimage_7.jpg%3Fv%3D638488063242770000""]","Slip into a supremely soft ballet-inspired bodysuit with long sleeves and a scoop neckline. Perfect for layer with your favorite sweatpants.
 
BEST FOR: Hot yoga, barre, pilates.
 
Model is 5’10” and wears a size small.",https://shop.harpersbazaar.com/airweight-scoop-neck-bodysuit-creme-1710944142078-3575/p
Calla Dress,Rebecca Taylor,660.0,"[""https://harpersbazaarprod.vtexassets.com/unsafe/154x0/center/middle/filters:quality(60)/https%3A%2F%2Fharpersbazaarprod.vtexassets.com%2Farquivos%2Fids%2F658295%2Fimage_1.jpg%3Fv%3D638681743964030000"", ""https://harpersbazaarprod.vtexassets.com/unsafe/154x0/center/middle/filters:quality(60)/https%3A%2F%2Fharpersbazaarprod.vtexassets.com%2Farquivos%2Fids%2F658297%2Fimage_2.jpg%3Fv%3D638688204130130000"", ""https://harpersbazaarprod.vtexassets.com/unsafe/154x0/center/middle/filters:quality(60)/https%3A%2F%2Fharpersbazaarprod.vtexassets.com%2Farquivos%2Fids%2F658296%2Fimage_3.jpg%3Fv%3D638688204127370000"", ""https://harpersbazaarprod.vtexassets.com/unsafe/154x0/center/middle/filters:quality(60)/https%3A%2F%2Fharpersbazaarprod.vtexassets.com%2Farquivos%2Fids%2F658294%2Fimage_4.jpg%3Fv%3D638688204125970000"", ""https://harpersbazaarprod.vtexassets.com/unsafe/154x0/center/middle/filters:quality(60)/https%3A%2F%2Fharpersbazaarprod.vtexassets.com%2Farquivos%2Fids%2F658293%2Fimage_5.jpg%3Fv%3D638688204124700000""]","This elegant mixed media Maxi Dress in Ivory effortlessly blends comfort and sophistication. Featuring a fitted sweater Knit Bodice and a flowing Chiffon Woven Skirt, it strikes the perfect balance of structure and fluidity, making it ideal for any occasion. With long sleeves, a classic round neckline and dramatic maxi length, this versatile dress offers a graceful silhouette for both day and night.

• Ivory hue for a timeless, versatile look
• Fitted Sweater knit bodice for warmth and comfort
• Airy Chiffon Woven Skirt for romantic movement
• Long sleeves and classic round neckline
• Maxi length for dramatic flair
• Viscose-Nylon blend for luxurious feel and drape
• Top: 77% Viscose, 23% Nylon
• Skirt: 100% Polyester
• Dry Clean Only",https://shop.harpersbazaar.com/calla-dress-1732577595899-97838/p
Vega Leotard,Live The Process,125.0,"[""https://harpersbazaarprod.vtexassets.com/unsafe/154x0/center/middle/filters:quality(60)/https%3A%2F%2Fharpersbazaarprod.vtexassets.com%2Farquivos%2Fids%2F628857%2Fimage_1.jpg%3Fv%3D638670300154770000"", ""https://harpersbazaarprod.vtexassets.com/unsafe/154x0/center/middle/filters:quality(60)/https%3A%2F%2Fharpersbazaarprod.vtexassets.com%2Farquivos%2Fids%2F628859%2Fimage_2.jpg%3Fv%3D638671770373030000"", ""https://harpersbazaarprod.vtexassets.com/unsafe/154x0/center/middle/filters:quality(60)/https%3A%2F%2Fharpersbazaarprod.vtexassets.com%2Farquivos%2Fids%2F628858%2Fimage_3.jpg%3Fv%3D638671770368670000""]",Layer Cake. Easy does it is the name of the game for our Vega Leotard. The essential featuring ruching at the Bust and a Thong Bottom is just the thing to layer up and go.,https://shop.harpersbazaar.com/vega-leotard-1731433172388-90512/p
Nia | Slip Dress,Lemlem,395.0,"[""https://harpersbazaarprod.vtexassets.com/unsafe/154x0/center/middle/filters:quality(60)/https%3A%2F%2Fharpersbazaarprod.vtexassets.com%2Farquivos%2Fids%2F614809%2Fimage_1.jpg%3Fv%3D638666841811700000"", ""https://harpersbazaarprod.vtexassets.com/unsafe/154x0/center/middle/filters:quality(60)/https%3A%2F%2Fharpersbazaarprod.vtexassets.com%2Farquivos%2Fids%2F614811%2Fimage_2.jpg%3Fv%3D638666841813800000"", ""https://harpersbazaarprod.vtexassets.com/unsafe/154x0/center/middle/filters:quality(60)/https%3A%2F%2Fharpersbazaarprod.vtexassets.com%2Farquivos%2Fids%2F614810%2Fimage_3.jpg%3Fv%3D638666841812530000"", ""https://harpersbazaarprod.vtexassets.com/unsafe/154x0/center/middle/filters:quality(60)/https%3A%2F%2Fharpersbazaarprod.vtexassets.com%2Farquivos%2Fids%2F614807%2Fimage_4.jpg%3Fv%3D638666841808700000"", ""https://harpersbazaarprod.vtexassets.com/unsafe/154x0/center/middle/filters:quality(60)/https%3A%2F%2Fharpersbazaarprod.vtexassets.com%2Farquivos%2Fids%2F614806%2Fimage_5.jpg%3Fv%3D638666841807170000"", ""https://harpersbazaarprod.vtexassets.com/unsafe/154x0/center/middle/filters:quality(60)/https%3A%2F%2Fharpersbazaarprod.vtexassets.com%2Farquivos%2Fids%2F614808%2Fimage_6.jpg%3Fv%3D638666841809800000""]","Simple and elegant, the Abira collection features a textured solid and sheer weaving highlighted by delicate shimmering silver dots on a bright White background. This slip dress features thin straps, a flattering scooped neckline with tuck detail and a gradual flowing shape. Hand-woven in Ethiopia, this silhouette is made of soft Hand-Spun Cotton for a light and comfortable feel. Giving Back | 5% of all purchases will be donated to the Lemlem Foundation.",https://shop.harpersbazaar.com/nia-slip-dress-1731087380374-86771/p
Jocelyn Dress - Grey,Proenza Schouler,1390.0,"[""https://harpersbazaarprod.vtexassets.com/unsafe/154x0/center/middle/filters:quality(60)/https%3A%2F%2Fharpersbazaarprod.vtexassets.com%2Farquivos%2Fids%2F656799%2Fimage_1.jpg%3Fv%3D638679214295770000"", ""https://harpersbazaarprod.vtexassets.com/unsafe/154x0/center/middle/filters:quality(60)/https%3A%2F%2Fharpersbazaarprod.vtexassets.com%2Farquivos%2Fids%2F656801%2Fimage_2.jpg%3Fv%3D638682300237800000"", ""https://harpersbazaarprod.vtexassets.com/unsafe/154x0/center/middle/filters:quality(60)/https%3A%2F%2Fharpersbazaarprod.vtexassets.com%2Farquivos%2Fids%2F656800%2Fimage_3.jpg%3Fv%3D638682300235170000"", ""https://harpersbazaarprod.vtexassets.com/unsafe/154x0/center/middle/filters:quality(60)/https%3A%2F%2Fharpersbazaarprod.vtexassets.com%2Farquivos%2Fids%2F656798%2Fimage_4.jpg%3Fv%3D638682300231700000""]","The Proenza Schouler Jocelyn Dress in Midweight Viscose Rib features a slim A-line silhouette with a crew neckline, buttoned lower back band and removable sleeve ends. Designed for transitional weather, this style includes a button at the center back neck used to attach a tonal tube scarf for a high neck finish.

Fit Description 
•	Fits true to size, take your normal size 
•	Attachable tube scarf included
•	Buttoned sleeve ends
•	Buttoned back band
•	Mid-length hem
•	A-line silhouette
•	Slim fit
•	55% Viscose, 37% Wool, 8% Polyester
•	Harriet is wearing a size XS
 
Model Measurements 
•	Bust: 32""
•	Waist: 24""
•	Hips: 30.5""
•	Height: 5’8.5”",https://shop.harpersbazaar.com/jocelyn-dress-grey-1732324488371-97525/p
Paula Sheer Dress,Dwarmis,690.0,"[""https://harpersbazaarprod.vtexassets.com/unsafe/154x0/center/middle/filters:quality(60)/https%3A%2F%2Fharpersbazaarprod.vtexassets.com%2Farquivos%2Fids%2F466431%2Fimage_1.jpg%3Fv%3D638606196096430000"", ""https://harpersbazaarprod.vtexassets.com/unsafe/154x0/center/middle/filters:quality(60)/https%3A%2F%2Fharpersbazaarprod.vtexassets.com%2Farquivos%2Fids%2F466433%2Fimage_2.jpg%3Fv%3D638606196100330000"", ""https://harpersbazaarprod.vtexassets.com/unsafe/154x0/center/middle/filters:quality(60)/https%3A%2F%2Fharpersbazaarprod.vtexassets.com%2Farquivos%2Fids%2F466432%2Fimage_3.jpg%3Fv%3D638606196098300000"", ""https://harpersbazaarprod.vtexassets.com/unsafe/154x0/center/middle/filters:quality(60)/https%3A%2F%2Fharpersbazaarprod.vtexassets.com%2Farquivos%2Fids%2F466229%2Fimage_4.jpg%3Fv%3D638605710380500000""]","Product Details:

The Paula Sheer Dress is a stunning creation that combines different fabrics to create a beautiful silhouette. Featuring a mix of sheer Organza and elegant Crepe, this dress offers sexy elegance with a flattering fit. Fringe inserts with contrast topstitching accentuate the lines, adding to its sophisticated appeal.

Made in New York City.

Material and Care:

Crepe/Organza: Polyester 95%, Spandex 5% / Silk 100%
Side seam zipper
Dry Clean Only
Body Length: 50″ (127 cm) based on size XS
Style number: 424",https://shop.harpersbazaar.com/paula-sheer-dress-1724974216093-51661/p
Leesal Dress,Khaite,680.0,"[""https://harpersbazaarprod.vtexassets.com/unsafe/154x0/center/middle/filters:quality(60)/https%3A%2F%2Fharpersbazaarprod.vtexassets.com%2Farquivos%2Fids%2F462998%2Fimage_1.jpg%3Fv%3D638602992597630000"", ""https://harpersbazaarprod.vtexassets.com/unsafe/154x0/center/middle/filters:quality(60)/https%3A%2F%2Fharpersbazaarprod.vtexassets.com%2Farquivos%2Fids%2F463000%2Fimage_2.jpg%3Fv%3D638603766469330000"", ""https://harpersbazaarprod.vtexassets.com/unsafe/154x0/center/middle/filters:quality(60)/https%3A%2F%2Fharpersbazaarprod.vtexassets.com%2Farquivos%2Fids%2F462999%2Fimage_3.jpg%3Fv%3D638602992598870000"", ""https://harpersbazaarprod.vtexassets.com/unsafe/154x0/center/middle/filters:quality(60)/https%3A%2F%2Fharpersbazaarprod.vtexassets.com%2Farquivos%2Fids%2F462997%2Fimage_4.jpg%3Fv%3D638603766467470000"", ""https://harpersbazaarprod.vtexassets.com/unsafe/154x0/center/middle/filters:quality(60)/https%3A%2F%2Fharpersbazaarprod.vtexassets.com%2Farquivos%2Fids%2F462996%2Fimage_5.jpg%3Fv%3D638603766466070000""]","Slip dress
Ribbed knit
Double-layered
Refined binding at neckline
Raw hems
Topstitching

Dimensions: Model is 5'9""/ 175cm and is wearing a size S
Composition: 100% Viscose
Care: Care according to label",https://shop.harpersbazaar.com/leesal-dress-1724702459122-50881/p
X Shayne Oliver Mesh Double Side Dress,Jean Paul Gaultier,600.0,"[""https://harpersbazaarprod.vtexassets.com/unsafe/154x0/center/middle/filters:quality(60)/https%3A%2F%2Fharpersbazaarprod.vtexassets.com%2Farquivos%2Fids%2F445574%2Fimage_1.jpg%3Fv%3D638592574772600000"", ""https://harpersbazaarprod.vtexassets.com/unsafe/154x0/center/middle/filters:quality(60)/https%3A%2F%2Fharpersbazaarprod.vtexassets.com%2Farquivos%2Fids%2F445576%2Fimage_2.jpg%3Fv%3D638592574776970000"", ""https://harpersbazaarprod.vtexassets.com/unsafe/154x0/center/middle/filters:quality(60)/https%3A%2F%2Fharpersbazaarprod.vtexassets.com%2Farquivos%2Fids%2F445575%2Fimage_3.jpg%3Fv%3D638596674364170000"", ""https://harpersbazaarprod.vtexassets.com/unsafe/154x0/center/middle/filters:quality(60)/https%3A%2F%2Fharpersbazaarprod.vtexassets.com%2Farquivos%2Fids%2F445573%2Fimage_4.jpg%3Fv%3D638596674362770000"", ""https://harpersbazaarprod.vtexassets.com/unsafe/154x0/center/middle/filters:quality(60)/https%3A%2F%2Fharpersbazaarprod.vtexassets.com%2Farquivos%2Fids%2F445572%2Fimage_5.jpg%3Fv%3D638592574769470000""]","Designed in collaboration with Shayne Oliver
Fitted mesh dress
Short sleeves and crewneck
Double sided construction 
Dimensions: Model is 5'9""/175cm and is wearing a size S 
Composition: 100% Polyamide 
Care: Care according to label",https://shop.harpersbazaar.com/x-shayne-oliver-mesh-double-side-dress-1723660652055-47491/p
Cusp Dress,Peter Cohen,1500.0,"[""https://harpersbazaarprod.vtexassets.com/unsafe/154x0/center/middle/filters:quality(60)/https%3A%2F%2Fharpersbazaarprod.vtexassets.com%2Farquivos%2Fids%2F246680%2Fimage_1.jpg%3Fv%3D638575129741130000"", ""https://harpersbazaarprod.vtexassets.com/unsafe/154x0/center/middle/filters:quality(60)/https%3A%2F%2Fharpersbazaarprod.vtexassets.com%2Farquivos%2Fids%2F246682%2Fimage_2.jpg%3Fv%3D638575129745100000"", ""https://harpersbazaarprod.vtexassets.com/unsafe/154x0/center/middle/filters:quality(60)/https%3A%2F%2Fharpersbazaarprod.vtexassets.com%2Farquivos%2Fids%2F246681%2Fimage_3.jpg%3Fv%3D638575129742830000"", ""https://harpersbazaarprod.vtexassets.com/unsafe/154x0/center/middle/filters:quality(60)/https%3A%2F%2Fharpersbazaarprod.vtexassets.com%2Farquivos%2Fids%2F246679%2Fimage_4.jpg%3Fv%3D638575129737530000"", ""https://harpersbazaarprod.vtexassets.com/unsafe/154x0/center/middle/filters:quality(60)/https%3A%2F%2Fharpersbazaarprod.vtexassets.com%2Farquivos%2Fids%2F246678%2Fimage_5.jpg%3Fv%3D638575129734870000""]","Peter Cohen Cusp Dress in Navy.
100% Silk
Dry Clean
Made in USA",https://shop.harpersbazaar.com/cusp-dress-1721916163356-15321/p
Chantal Dress - Black,Proenza Schouler,1090.0,"[""https://harpersbazaarprod.vtexassets.com/unsafe/154x0/center/middle/filters:quality(60)/https%3A%2F%2Fharpersbazaarprod.vtexassets.com%2Farquivos%2Fids%2F689115%2Fimage_1.jpg%3Fv%3D638694509737400000"", ""https://harpersbazaarprod.vtexassets.com/unsafe/154x0/center/middle/filters:quality(60)/https%3A%2F%2Fharpersbazaarprod.vtexassets.com%2Farquivos%2Fids%2F689117%2Fimage_2.jpg%3Fv%3D638695206807930000"", ""https://harpersbazaarprod.vtexassets.com/unsafe/154x0/center/middle/filters:quality(60)/https%3A%2F%2Fharpersbazaarprod.vtexassets.com%2Farquivos%2Fids%2F689116%2Fimage_3.jpg%3Fv%3D638694509737870000"", ""https://harpersbazaarprod.vtexassets.com/unsafe/154x0/center/middle/filters:quality(60)/https%3A%2F%2Fharpersbazaarprod.vtexassets.com%2Farquivos%2Fids%2F689114%2Fimage_4.jpg%3Fv%3D638694509736000000"", ""https://harpersbazaarprod.vtexassets.com/unsafe/154x0/center/middle/filters:quality(60)/https%3A%2F%2Fharpersbazaarprod.vtexassets.com%2Farquivos%2Fids%2F689113%2Fimage_5.jpg%3Fv%3D638695206806270000""]","The Proenza Schouler Chantal Dress will be in your wardrobe for years to come. This dress a subtle, A-Line silhouette with a side button detail. Wear yours with boots and a shoulder bag. 

Fit Description

Fits true to size, take your normal size 
Midi length 
A-Line silhouette 
High neckline 
Side buttons 
Cap sleeves 
70% Triacetate, 30% Polyester
Celeste is wearing a size 2

Model Measurements

Bust: 35""

Waist: 25.5""
Hips: 34""
Height: 5’10”",https://shop.harpersbazaar.com/chantal-dress-black-1733854072747-101874/p
Atlas Bell Sleeve Dress,THEO The Label,365.0,"[""https://harpersbazaarprod.vtexassets.com/unsafe/154x0/center/middle/filters:quality(60)/https%3A%2F%2Fharpersbazaarprod.vtexassets.com%2Farquivos%2Fids%2F560228%2Fimage_1.jpg%3Fv%3D638646138845200000"", ""https://harpersbazaarprod.vtexassets.com/unsafe/154x0/center/middle/filters:quality(60)/https%3A%2F%2Fharpersbazaarprod.vtexassets.com%2Farquivos%2Fids%2F560229%2Fimage_2.jpg%3Fv%3D638646138848330000""]","For effortless elegance, the Atlas Bell Sleeve Dress is a must-have. This Lightweight Stretch Crepe Dress features engineered elbow pleats for a voluminous sleeve effect, while its mid-thigh length adds a modern touch to a classic design",https://shop.harpersbazaar.com/atlas-bell-sleeve-dress-1729017084144-74488/p
Sombra Bodysuit - Kava Print,Andrea Iyamah,250.0,"[""https://harpersbazaarprod.vtexassets.com/unsafe/154x0/center/middle/filters:quality(60)/https%3A%2F%2Fharpersbazaarprod.vtexassets.com%2Farquivos%2Fids%2F677144%2Fimage_1.jpg%3Fv%3D638687921893400000"", ""https://harpersbazaarprod.vtexassets.com/unsafe/154x0/center/middle/filters:quality(60)/https%3A%2F%2Fharpersbazaarprod.vtexassets.com%2Farquivos%2Fids%2F677146%2Fimage_2.jpg%3Fv%3D638690994319300000"", ""https://harpersbazaarprod.vtexassets.com/unsafe/154x0/center/middle/filters:quality(60)/https%3A%2F%2Fharpersbazaarprod.vtexassets.com%2Farquivos%2Fids%2F677145%2Fimage_3.jpg%3Fv%3D638690994316530000"", ""https://harpersbazaarprod.vtexassets.com/unsafe/154x0/center/middle/filters:quality(60)/https%3A%2F%2Fharpersbazaarprod.vtexassets.com%2Farquivos%2Fids%2F677140%2Fimage_4.jpg%3Fv%3D638690994305500000"", ""https://harpersbazaarprod.vtexassets.com/unsafe/154x0/center/middle/filters:quality(60)/https%3A%2F%2Fharpersbazaarprod.vtexassets.com%2Farquivos%2Fids%2F677139%2Fimage_5.jpg%3Fv%3D638690994302830000"", ""https://harpersbazaarprod.vtexassets.com/unsafe/154x0/center/middle/filters:quality(60)/https%3A%2F%2Fharpersbazaarprod.vtexassets.com%2Farquivos%2Fids%2F677142%2Fimage_6.jpg%3Fv%3D638690994310630000"", ""https://harpersbazaarprod.vtexassets.com/unsafe/154x0/center/middle/filters:quality(60)/https%3A%2F%2Fharpersbazaarprod.vtexassets.com%2Farquivos%2Fids%2F677141%2Fimage_7.jpg%3Fv%3D638690994307670000"", ""https://harpersbazaarprod.vtexassets.com/unsafe/154x0/center/middle/filters:quality(60)/https%3A%2F%2Fharpersbazaarprod.vtexassets.com%2Farquivos%2Fids%2F677138%2Fimage_8.jpg%3Fv%3D638690994300500000"", ""https://harpersbazaarprod.vtexassets.com/unsafe/154x0/center/middle/filters:quality(60)/https%3A%2F%2Fharpersbazaarprod.vtexassets.com%2Farquivos%2Fids%2F677136%2Fimage_9.jpg%3Fv%3D638690994295030000"", ""https://harpersbazaarprod.vtexassets.com/unsafe/154x0/center/middle/filters:quality(60)/https%3A%2F%2Fharpersbazaarprod.vtexassets.com%2Farquivos%2Fids%2F677137%2Fimage_10.jpg%3Fv%3D638690994297530000"", ""https://harpersbazaarprod.vtexassets.com/unsafe/154x0/center/middle/filters:quality(60)/https%3A%2F%2Fharpersbazaarprod.vtexassets.com%2Farquivos%2Fids%2F677143%2Fimage_11.jpg%3Fv%3D638690994313130000""]","The Sombra Bodysuit is a sculptural masterpiece and is back in our signature Kava print. Playing on the delicate nature of Organza and the textural appeal of pleats, this style was inspired by the unique patterns and proportions of mushroom caps. The Sombra Bodysuit features an inner knit leotard layer with a convenient snap closure. Confidently pair the Sombra Bodysuit with the Loti Drape Pants.

100% Polyester Organza, Knit Contrast 82% Nylon, 18% Spandex
Sculptural pleated Organza layer
Knit contrast thong- panty with snap closure
Wash Instructions: Dry Clean Only
Lining: Partially Lined
Model Size: 5'8 and wears a size S",https://shop.harpersbazaar.com/sombra-bodysuit-kava-print-1733195386847-100004/p
Halterneck Maxi Dress,PatBO,795.0,"[""https://harpersbazaarprod.vtexassets.com/unsafe/154x0/center/middle/filters:quality(60)/https%3A%2F%2Fharpersbazaarprod.vtexassets.com%2Farquivos%2Fids%2F504803%2Fimage_1.jpg%3Fv%3D638621928221170000"", ""https://harpersbazaarprod.vtexassets.com/unsafe/154x0/center/middle/filters:quality(60)/https%3A%2F%2Fharpersbazaarprod.vtexassets.com%2Farquivos%2Fids%2F504805%2Fimage_2.jpg%3Fv%3D638621928223830000"", ""https://harpersbazaarprod.vtexassets.com/unsafe/154x0/center/middle/filters:quality(60)/https%3A%2F%2Fharpersbazaarprod.vtexassets.com%2Farquivos%2Fids%2F504804%2Fimage_3.jpg%3Fv%3D638621519636000000"", ""https://harpersbazaarprod.vtexassets.com/unsafe/154x0/center/middle/filters:quality(60)/https%3A%2F%2Fharpersbazaarprod.vtexassets.com%2Farquivos%2Fids%2F504802%2Fimage_4.jpg%3Fv%3D638621519630770000""]","PatBO Halterneck Maxi Dress in Absinthe.
95% Polyester, 5% Elastane; Lining: 92% Polyamide, 8% Elastane
Dry clean only
Made in Brazil",https://shop.harpersbazaar.com/halterneck-maxi-dress-1726555162445-60490/p
The Ceci Dress,Kirna Zabête,395.0,"[""https://harpersbazaarprod.vtexassets.com/unsafe/154x0/center/middle/filters:quality(60)/https%3A%2F%2Fharpersbazaarprod.vtexassets.com%2Farquivos%2Fids%2F533563%2Fimage_1.jpg%3Fv%3D638641602569570000"", ""https://harpersbazaarprod.vtexassets.com/unsafe/154x0/center/middle/filters:quality(60)/https%3A%2F%2Fharpersbazaarprod.vtexassets.com%2Farquivos%2Fids%2F533564%2Fimage_2.jpg%3Fv%3D638641602573330000""]","The Ceci Dress is an update of our Cecelia Dress, now offered in a shorter hemline. 
This Flattering Mini Dress falls around the mid-thigh and features a Waist Belt and Ruffled Three-Quarter Sleeves. 
It’s crafted from Kirna Zabête Cotton Poplin with a hint of stretch and features a Ruffled Skirt with a Dramatic Flare. 
Designed by founder Beth Buccini.",https://shop.harpersbazaar.com/the-ceci-dress-1727795022569-68403/p
Organza Scallop Mini Dress,Cynthia Rowley,495.0,"[""https://harpersbazaarprod.vtexassets.com/unsafe/154x0/center/middle/filters:quality(60)/https%3A%2F%2Fharpersbazaarprod.vtexassets.com%2Farquivos%2Fids%2F211882%2Fimage_1.jpg%3Fv%3D638555328990500000"", ""https://harpersbazaarprod.vtexassets.com/unsafe/154x0/center/middle/filters:quality(60)/https%3A%2F%2Fharpersbazaarprod.vtexassets.com%2Farquivos%2Fids%2F211884%2Fimage_2.jpg%3Fv%3D638555328994570000"", ""https://harpersbazaarprod.vtexassets.com/unsafe/154x0/center/middle/filters:quality(60)/https%3A%2F%2Fharpersbazaarprod.vtexassets.com%2Farquivos%2Fids%2F211883%2Fimage_3.jpg%3Fv%3D638555328992200000"", ""https://harpersbazaarprod.vtexassets.com/unsafe/154x0/center/middle/filters:quality(60)/https%3A%2F%2Fharpersbazaarprod.vtexassets.com%2Farquivos%2Fids%2F211880%2Fimage_4.jpg%3Fv%3D638555328984870000"", ""https://harpersbazaarprod.vtexassets.com/unsafe/154x0/center/middle/filters:quality(60)/https%3A%2F%2Fharpersbazaarprod.vtexassets.com%2Farquivos%2Fids%2F211879%2Fimage_5.jpg%3Fv%3D638555328981400000"", ""https://harpersbazaarprod.vtexassets.com/unsafe/154x0/center/middle/filters:quality(60)/https%3A%2F%2Fharpersbazaarprod.vtexassets.com%2Farquivos%2Fids%2F211881%2Fimage_6.jpg%3Fv%3D638555328988930000""]","The perfect Mini Dress! Mini silhouette fitted bodice organza scallop pattern square neckline. Model is 5""10 and wears a size 4.",https://shop.harpersbazaar.com/organza-scallop-mini-dress-1719936097646-8860/p
Brecker Pant - Blue Star,Xirena,295.0,"[""https://harpersbazaarprod.vtexassets.com/unsafe/154x0/center/middle/filters:quality(60)/https%3A%2F%2Fharpersbazaarprod.vtexassets.com%2Farquivos%2Fids%2F775199%2Fimage_1.jpg%3Fv%3D638745571012430000"", ""https://harpersbazaarprod.vtexassets.com/unsafe/154x0/center/middle/filters:quality(60)/https%3A%2F%2Fharpersbazaarprod.vtexassets.com%2Farquivos%2Fids%2F775201%2Fimage_2.jpg%3Fv%3D638747892081800000"", ""https://harpersbazaarprod.vtexassets.com/unsafe/154x0/center/middle/filters:quality(60)/https%3A%2F%2Fharpersbazaarprod.vtexassets.com%2Farquivos%2Fids%2F775200%2Fimage_3.jpg%3Fv%3D638747892080070000"", ""https://harpersbazaarprod.vtexassets.com/unsafe/154x0/center/middle/filters:quality(60)/https%3A%2F%2Fharpersbazaarprod.vtexassets.com%2Farquivos%2Fids%2F775198%2Fimage_4.jpg%3Fv%3D638747892079000000""]","Forever Denim. Xirena's Brecker is new this season in their mid-weight recycled blend denim. Brecker is a slightly cropped five-pocket pant with a button-closure, zipper fly, elasticized back waist, and an adjustable D-Ring belt in self-fabric.
 
Fit Description 

Fits true to size, take your normal size 
Fabric: Jameson Denim | 80% Cotton, 20% Recycled Cotton
Self-fabric adjustable D-ring belt
Care: Machine wash cold, gentle cycle, tumble dry low
Inseam: 26 in.
Made in Los Angeles
Harriet is wearing a size XS

 
Model Measurements

Bust: 32""
Waist: 24""
Hips: 30.5""
Height: 5’8.5”
",https://shop.harpersbazaar.com/brecker-pant-blue-star-1738960295656-120161/p
Rex Pant - Washed Black,Xirena,235.0,"[""https://harpersbazaarprod.vtexassets.com/unsafe/154x0/center/middle/filters:quality(60)/https%3A%2F%2Fharpersbazaarprod.vtexassets.com%2Farquivos%2Fids%2F775283%2Fimage_1.jpg%3Fv%3D638745571205200000"", ""https://harpersbazaarprod.vtexassets.com/unsafe/154x0/center/middle/filters:quality(60)/https%3A%2F%2Fharpersbazaarprod.vtexassets.com%2Farquivos%2Fids%2F775285%2Fimage_2.jpg%3Fv%3D638747856097900000"", ""https://harpersbazaarprod.vtexassets.com/unsafe/154x0/center/middle/filters:quality(60)/https%3A%2F%2Fharpersbazaarprod.vtexassets.com%2Farquivos%2Fids%2F775284%2Fimage_3.jpg%3Fv%3D638747856096030000"", ""https://harpersbazaarprod.vtexassets.com/unsafe/154x0/center/middle/filters:quality(60)/https%3A%2F%2Fharpersbazaarprod.vtexassets.com%2Farquivos%2Fids%2F775282%2Fimage_4.jpg%3Fv%3D638747856094130000""]","Let Loose. Rex is made in Xirena's vintage washed Cotton twill. This easy pull-on pant has an adjustable drawstring waist, side stripe, and side seam pockets.
 
Fit Description

Fits true to size, take your normal size 
Fabric: Doheny Twill | 100% Cotton
Care: Machine wash cold, gentle cycle, tumble dry low
Mya is wearing a size XS

 Model Measurements

Bust: 32""
Waist: 25""
Hips: 34""
Height: 5’9""
",https://shop.harpersbazaar.com/rex-pant-washed-black-1738960302526-120182/p
Brecker Pant - Khaki,Xirena,295.0,"[""https://harpersbazaarprod.vtexassets.com/unsafe/154x0/center/middle/filters:quality(60)/https%3A%2F%2Fharpersbazaarprod.vtexassets.com%2Farquivos%2Fids%2F775267%2Fimage_1.jpg%3Fv%3D638745571168530000"", ""https://harpersbazaarprod.vtexassets.com/unsafe/154x0/center/middle/filters:quality(60)/https%3A%2F%2Fharpersbazaarprod.vtexassets.com%2Farquivos%2Fids%2F775269%2Fimage_2.jpg%3Fv%3D638745571171670000"", ""https://harpersbazaarprod.vtexassets.com/unsafe/154x0/center/middle/filters:quality(60)/https%3A%2F%2Fharpersbazaarprod.vtexassets.com%2Farquivos%2Fids%2F775268%2Fimage_3.jpg%3Fv%3D638745571169930000"", ""https://harpersbazaarprod.vtexassets.com/unsafe/154x0/center/middle/filters:quality(60)/https%3A%2F%2Fharpersbazaarprod.vtexassets.com%2Farquivos%2Fids%2F775266%2Fimage_4.jpg%3Fv%3D638745571167270000""]","Forever Denim. Xirena's Brecker is new this season in their mid-weight recycled blend denim. Brecker is a slightly cropped five-pocket pant with a button-closure, zipper fly, elasticized back waist, and an adjustable D-ring belt in self-fabric.
 
Fit Description

Fits true to size, take your normal size 
Fabric: Jameson Denim | 80% Cotton, 20% Recycled Cotton
Self-fabric adjustable D-Ring belt
Care: Machine Wash Cold, Gentle cycle, Tumble Dry low

Inseam: 26 in.
Made in Los Angeles
Hannah is wearing a size XS

 
Model Measurements

Bust: 32.5”
Waist: 25”
Hips: 35.5”
Height: 5’9”
",https://shop.harpersbazaar.com/brecker-pant-khaki-1738960303507-120178/p
Plisse Wool Skirt - Black,Bite Studios,710.0,"[""https://harpersbazaarprod.vtexassets.com/unsafe/154x0/center/middle/filters:quality(60)/https%3A%2F%2Fharpersbazaarprod.vtexassets.com%2Farquivos%2Fids%2F776019%2Fimage_1.jpg%3Fv%3D638745572944170000"", ""https://harpersbazaarprod.vtexassets.com/unsafe/154x0/center/middle/filters:quality(60)/https%3A%2F%2Fharpersbazaarprod.vtexassets.com%2Farquivos%2Fids%2F776021%2Fimage_2.jpg%3Fv%3D638747946311770000"", ""https://harpersbazaarprod.vtexassets.com/unsafe/154x0/center/middle/filters:quality(60)/https%3A%2F%2Fharpersbazaarprod.vtexassets.com%2Farquivos%2Fids%2F776020%2Fimage_3.jpg%3Fv%3D638747946307100000"", ""https://harpersbazaarprod.vtexassets.com/unsafe/154x0/center/middle/filters:quality(60)/https%3A%2F%2Fharpersbazaarprod.vtexassets.com%2Farquivos%2Fids%2F776018%2Fimage_4.jpg%3Fv%3D638747946303370000""]","The Bite Studios Plisse Wool Skirt is a timeless addition to your wardrobe. This Midi Skirt features asymmetrical pleating on a bias cut. Wear yours with a sweater and boots. 
 
Fit Description 

Fits true to size, take your normal size 
Midi length 
Relaxed fit 
Pleating 
Asymmetrical hemline 
Bias cut 
Top Part: 100% Organic Wool; Bottom Part: 76% Recycled Polyester, 24% Organic Wool
Emma is wearing a size 34/ 2 US 

 
Model Measurements

Bust: 32”
Waist: 25”
Hips: 34”
Height: 5’7”
",https://shop.harpersbazaar.com/plisse-wool-skirt-black-1738960493409-120366/p
Minimal High Waist Scuba Skirt - Black,Róhe,390.0,"[""https://harpersbazaarprod.vtexassets.com/unsafe/154x0/center/middle/filters:quality(60)/https%3A%2F%2Fharpersbazaarprod.vtexassets.com%2Farquivos%2Fids%2F776027%2Fimage_1.jpg%3Fv%3D638745572965170000"", ""https://harpersbazaarprod.vtexassets.com/unsafe/154x0/center/middle/filters:quality(60)/https%3A%2F%2Fharpersbazaarprod.vtexassets.com%2Farquivos%2Fids%2F776029%2Fimage_2.jpg%3Fv%3D638747910242630000"", ""https://harpersbazaarprod.vtexassets.com/unsafe/154x0/center/middle/filters:quality(60)/https%3A%2F%2Fharpersbazaarprod.vtexassets.com%2Farquivos%2Fids%2F776028%2Fimage_3.jpg%3Fv%3D638745572967370000"", ""https://harpersbazaarprod.vtexassets.com/unsafe/154x0/center/middle/filters:quality(60)/https%3A%2F%2Fharpersbazaarprod.vtexassets.com%2Farquivos%2Fids%2F776026%2Fimage_4.jpg%3Fv%3D638747910240000000""]","The Rohe Minimal High Waist Scuba Skirt will go with just about everything. You'll love the Classic, Straight Silhouette of this Maxi Skirt in heavyweight scuba material. Wear yours with a T-Shirt and Sandals. 
 
Fit Description 

Fits true to size, take your normal size 
Maxi Length 
High Rise 
Straight Silhouette 
Scuba Material 
74% Polyamide, 26% Elastane
Ashleigh is wearing a size 36/ 4 US 

 
Model Measurements

Bust: 36”
Waist: 26”
Hips: 38”
Height: 6’1”
",https://shop.harpersbazaar.com/minimal-high-waist-scuba-skirt-black-1738960496044-120368/p
Elysian Pant - Black,Raquel Allegra,495.0,"[""https://harpersbazaarprod.vtexassets.com/unsafe/154x0/center/middle/filters:quality(60)/https%3A%2F%2Fharpersbazaarprod.vtexassets.com%2Farquivos%2Fids%2F775255%2Fimage_1.jpg%3Fv%3D638745571141730000"", ""https://harpersbazaarprod.vtexassets.com/unsafe/154x0/center/middle/filters:quality(60)/https%3A%2F%2Fharpersbazaarprod.vtexassets.com%2Farquivos%2Fids%2F775257%2Fimage_2.jpg%3Fv%3D638748018238730000"", ""https://harpersbazaarprod.vtexassets.com/unsafe/154x0/center/middle/filters:quality(60)/https%3A%2F%2Fharpersbazaarprod.vtexassets.com%2Farquivos%2Fids%2F775256%2Fimage_3.jpg%3Fv%3D638745571142700000"", ""https://harpersbazaarprod.vtexassets.com/unsafe/154x0/center/middle/filters:quality(60)/https%3A%2F%2Fharpersbazaarprod.vtexassets.com%2Farquivos%2Fids%2F775254%2Fimage_4.jpg%3Fv%3D638748018237170000""]","The Raquel Allegra Elysian Pant will be in your wardrobe for years to come. These Silk Pants features a relaxed, straight leg with an ankle length. Wear yours with a sweater and flats.
 
Fit Description

Fits true to size, take your normal size
Straight leg
Relaxed fit
Ankle length
Shirred sides
100% Silk twill
Emma is wearing a size 0/ XS

 
Model Measurements

Bust: 32”
Waist: 25”
Hips: 34”
Height: 5’7”
",https://shop.harpersbazaar.com/elysian-pant-black-1738960309022-120175/p
A-Line Wool Skirt - Black,Bite Studios,640.0,"[""https://harpersbazaarprod.vtexassets.com/unsafe/154x0/center/middle/filters:quality(60)/https%3A%2F%2Fharpersbazaarprod.vtexassets.com%2Farquivos%2Fids%2F776107%2Fimage_1.jpg%3Fv%3D638745573142230000"", ""https://harpersbazaarprod.vtexassets.com/unsafe/154x0/center/middle/filters:quality(60)/https%3A%2F%2Fharpersbazaarprod.vtexassets.com%2Farquivos%2Fids%2F776109%2Fimage_2.jpg%3Fv%3D638748000300400000"", ""https://harpersbazaarprod.vtexassets.com/unsafe/154x0/center/middle/filters:quality(60)/https%3A%2F%2Fharpersbazaarprod.vtexassets.com%2Farquivos%2Fids%2F776108%2Fimage_3.jpg%3Fv%3D638748000299130000"", ""https://harpersbazaarprod.vtexassets.com/unsafe/154x0/center/middle/filters:quality(60)/https%3A%2F%2Fharpersbazaarprod.vtexassets.com%2Farquivos%2Fids%2F776106%2Fimage_4.jpg%3Fv%3D638748000296870000""]","The Bite Studios A-Line Wool Skirt is a timeless addition to your wardrobe. This knee length Skirt features a flattering A-line silhouette in Organic Wool. Wear yours with a sweater and boots. 
 
Fit Description

Fits true to size, take your normal size 
Knee length 
A-line silhouette 
High rise 
100% Organic Wool
Harriet is wearing a size 34/ 2 US 

 
Model Measurements

Bust: 32""
Waist: 24""
Hips: 30.5""
Height: 5’8.5”
",https://shop.harpersbazaar.com/aline-wool-skirt-black-1738960484496-120388/p
Voluminous A-Line Cotton Skirt - Sand,Róhe,490.0,"[""https://harpersbazaarprod.vtexassets.com/unsafe/154x0/center/middle/filters:quality(60)/https%3A%2F%2Fharpersbazaarprod.vtexassets.com%2Farquivos%2Fids%2F776131%2Fimage_1.jpg%3Fv%3D638745573187100000"", ""https://harpersbazaarprod.vtexassets.com/unsafe/154x0/center/middle/filters:quality(60)/https%3A%2F%2Fharpersbazaarprod.vtexassets.com%2Farquivos%2Fids%2F776133%2Fimage_2.jpg%3Fv%3D638748036174600000"", ""https://harpersbazaarprod.vtexassets.com/unsafe/154x0/center/middle/filters:quality(60)/https%3A%2F%2Fharpersbazaarprod.vtexassets.com%2Farquivos%2Fids%2F776132%2Fimage_3.jpg%3Fv%3D638748036173000000"", ""https://harpersbazaarprod.vtexassets.com/unsafe/154x0/center/middle/filters:quality(60)/https%3A%2F%2Fharpersbazaarprod.vtexassets.com%2Farquivos%2Fids%2F776130%2Fimage_4.jpg%3Fv%3D638748036172070000""]","The Rohe Voluminous A-Line Cotton Skirt is the perfect addition to your wardrobe. This cotton skirt features a flattering A-Line silhouette with a high rise. Wear yours with a sweater and heels. 
 
Fit Description

Fits true to size, take your normal size 
Midi length 
A-line silhouette 
High rise 
Voluminous fit 
Concealed zipper 
100% Organic Cotton
Ashleigh is wearing a size 36/ 4 US 

 
Model Measurements

Bust: 36”
Waist: 26”
Hips: 38”
Height: 6’1”
",https://shop.harpersbazaar.com/voluminous-aline-cotton-skirt-sand-1738960489787-120394/p
Jersey Trouser - Black,Bite Studios,430.0,"[""https://harpersbazaarprod.vtexassets.com/unsafe/154x0/center/middle/filters:quality(60)/https%3A%2F%2Fharpersbazaarprod.vtexassets.com%2Farquivos%2Fids%2F775223%2Fimage_1.jpg%3Fv%3D638745571078300000"", ""https://harpersbazaarprod.vtexassets.com/unsafe/154x0/center/middle/filters:quality(60)/https%3A%2F%2Fharpersbazaarprod.vtexassets.com%2Farquivos%2Fids%2F775225%2Fimage_2.jpg%3Fv%3D638747964190300000"", ""https://harpersbazaarprod.vtexassets.com/unsafe/154x0/center/middle/filters:quality(60)/https%3A%2F%2Fharpersbazaarprod.vtexassets.com%2Farquivos%2Fids%2F775224%2Fimage_3.jpg%3Fv%3D638747964188730000"", ""https://harpersbazaarprod.vtexassets.com/unsafe/154x0/center/middle/filters:quality(60)/https%3A%2F%2Fharpersbazaarprod.vtexassets.com%2Farquivos%2Fids%2F775222%2Fimage_4.jpg%3Fv%3D638747964187630000""]","The Bite Studios Jersey Trouser will quickly become a staple in your wardrobe. These Trousers feature a relaxed leg with an elastic waistband for ease. Wear yours with a sweater and loafers. 
 
Fit Description

Fits true to size, take your normal size 
Relaxed trousers 

Elastic waistband 
Front pleats 
98% Responsibly Sourced Viscose, 2% Elastane 
Harriet is wearing a size XS

 
Model Measurements

Bust: 32""
Waist: 24""
Hips: 30.5""
Height: 5’8.5”
",https://shop.harpersbazaar.com/jersey-trouser-black-1738960299499-120167/p
Courtney Skirt,Tanya Taylor,365.0,"[""https://harpersbazaarprod.vtexassets.com/unsafe/154x0/center/middle/filters:quality(60)/https%3A%2F%2Fharpersbazaarprod.vtexassets.com%2Farquivos%2Fids%2F784032%2Fimage_1.jpg%3Fv%3D638749908750100000"", ""https://harpersbazaarprod.vtexassets.com/unsafe/154x0/center/middle/filters:quality(60)/https%3A%2F%2Fharpersbazaarprod.vtexassets.com%2Farquivos%2Fids%2F785283%2Fimage_2.jpg%3Fv%3D638750502641730000"", ""https://harpersbazaarprod.vtexassets.com/unsafe/154x0/center/middle/filters:quality(60)/https%3A%2F%2Fharpersbazaarprod.vtexassets.com%2Farquivos%2Fids%2F785282%2Fimage_3.jpg%3Fv%3D638750502637200000"", ""https://harpersbazaarprod.vtexassets.com/unsafe/154x0/center/middle/filters:quality(60)/https%3A%2F%2Fharpersbazaarprod.vtexassets.com%2Farquivos%2Fids%2F785281%2Fimage_4.jpg%3Fv%3D638750502635630000"", ""https://harpersbazaarprod.vtexassets.com/unsafe/154x0/center/middle/filters:quality(60)/https%3A%2F%2Fharpersbazaarprod.vtexassets.com%2Farquivos%2Fids%2F785280%2Fimage_5.jpg%3Fv%3D638750502633900000""]","A signature silhouette and instant best-seller, the Courtney Skirt is back this Spring in our soft medium wash Denim.
 
This modern Mini Skirt is both universally flattering and practical with a self-tie belt for added interest at the waist.
 
Style the Courtney Skirt back to our Charlene Top for an everyday casual look.

Product Details:

• Mini length
• Unlined
• Denim
• Hidden side zipper
• Self tie belt

Fit Details:

• True to size
• Sophie is 5’9” and wears a size 2
• Skirt is 17.5"" long

Materials & Care:

• 80% Cotton, 20% Postconsumer Recycled Cotton
• Dry Clean Only",https://shop.harpersbazaar.com/courtney-skirt-1739394074496-122084/p
Straight Leg Jeans - Blue,Mugler,780.0,"[""https://harpersbazaarprod.vtexassets.com/unsafe/154x0/center/middle/filters:quality(60)/https%3A%2F%2Fharpersbazaarprod.vtexassets.com%2Farquivos%2Fids%2F770599%2Fimage_1.jpg%3Fv%3D638743071318970000"", ""https://harpersbazaarprod.vtexassets.com/unsafe/154x0/center/middle/filters:quality(60)/https%3A%2F%2Fharpersbazaarprod.vtexassets.com%2Farquivos%2Fids%2F773889%2Fimage_2.jpg%3Fv%3D638744400110970000"", ""https://harpersbazaarprod.vtexassets.com/unsafe/154x0/center/middle/filters:quality(60)/https%3A%2F%2Fharpersbazaarprod.vtexassets.com%2Farquivos%2Fids%2F773888%2Fimage_3.jpg%3Fv%3D638744400109230000"", ""https://harpersbazaarprod.vtexassets.com/unsafe/154x0/center/middle/filters:quality(60)/https%3A%2F%2Fharpersbazaarprod.vtexassets.com%2Farquivos%2Fids%2F773887%2Fimage_4.jpg%3Fv%3D638744400107200000"", ""https://harpersbazaarprod.vtexassets.com/unsafe/154x0/center/middle/filters:quality(60)/https%3A%2F%2Fharpersbazaarprod.vtexassets.com%2Farquivos%2Fids%2F773886%2Fimage_5.jpg%3Fv%3D638744400104870000""]","<ul><li>Straight leg</li><li>Belt loops</li><li>Lace detailing on the side</li><li>Zip and button fastening</li><li>5 pocket design</li><li>Care according to Label</li><li>Material: 100% Cotton</li><li>Model is 5'9""/175cm and is wearing a size S</li></ul><p><br></p>",https://shop.harpersbazaar.com/straight-leg-jeans-blue-1738710331451-119484/p
Crystal Button Studded Slit Jean,AREA,795.0,"[""https://harpersbazaarprod.vtexassets.com/unsafe/154x0/center/middle/filters:quality(60)/https%3A%2F%2Fharpersbazaarprod.vtexassets.com%2Farquivos%2Fids%2F797366%2Fimage_1.jpg%3Fv%3D638761392140000000"", ""https://harpersbazaarprod.vtexassets.com/unsafe/154x0/center/middle/filters:quality(60)/https%3A%2F%2Fharpersbazaarprod.vtexassets.com%2Farquivos%2Fids%2F797368%2Fimage_2.jpg%3Fv%3D638762472246830000"", ""https://harpersbazaarprod.vtexassets.com/unsafe/154x0/center/middle/filters:quality(60)/https%3A%2F%2Fharpersbazaarprod.vtexassets.com%2Farquivos%2Fids%2F797367%2Fimage_3.jpg%3Fv%3D638762472244800000"", ""https://harpersbazaarprod.vtexassets.com/unsafe/154x0/center/middle/filters:quality(60)/https%3A%2F%2Fharpersbazaarprod.vtexassets.com%2Farquivos%2Fids%2F797363%2Fimage_4.jpg%3Fv%3D638761392136630000"", ""https://harpersbazaarprod.vtexassets.com/unsafe/154x0/center/middle/filters:quality(60)/https%3A%2F%2Fharpersbazaarprod.vtexassets.com%2Farquivos%2Fids%2F797362%2Fimage_5.jpg%3Fv%3D638762472239800000"", ""https://harpersbazaarprod.vtexassets.com/unsafe/154x0/center/middle/filters:quality(60)/https%3A%2F%2Fharpersbazaarprod.vtexassets.com%2Farquivos%2Fids%2F797365%2Fimage_6.jpg%3Fv%3D638762472242900000"", ""https://harpersbazaarprod.vtexassets.com/unsafe/154x0/center/middle/filters:quality(60)/https%3A%2F%2Fharpersbazaarprod.vtexassets.com%2Farquivos%2Fids%2F797364%2Fimage_7.jpg%3Fv%3D638762472241370000""]","Straight Leg Denim Jeans featuring thigh slits. Embellished with Crystal buttons and Shanks at slits, zipper and right pocket. Available in Dark Blue.
- 100% Cotton
- Dry Clean Only
- Model is 5'11"" and wears a 26",https://shop.harpersbazaar.com/crystal-button-studded-slit-jean-1740499287489-124586/p
Crystal Brooch Trouser,AREA,1195.0,"[""https://harpersbazaarprod.vtexassets.com/unsafe/154x0/center/middle/filters:quality(60)/https%3A%2F%2Fharpersbazaarprod.vtexassets.com%2Farquivos%2Fids%2F797820%2Fimage_1.jpg%3Fv%3D638760962374100000"", ""https://harpersbazaarprod.vtexassets.com/unsafe/154x0/center/middle/filters:quality(60)/https%3A%2F%2Fharpersbazaarprod.vtexassets.com%2Farquivos%2Fids%2F797822%2Fimage_2.jpg%3Fv%3D638760962378170000"", ""https://harpersbazaarprod.vtexassets.com/unsafe/154x0/center/middle/filters:quality(60)/https%3A%2F%2Fharpersbazaarprod.vtexassets.com%2Farquivos%2Fids%2F797821%2Fimage_3.jpg%3Fv%3D638760962376300000"", ""https://harpersbazaarprod.vtexassets.com/unsafe/154x0/center/middle/filters:quality(60)/https%3A%2F%2Fharpersbazaarprod.vtexassets.com%2Farquivos%2Fids%2F797818%2Fimage_4.jpg%3Fv%3D638761788238930000"", ""https://harpersbazaarprod.vtexassets.com/unsafe/154x0/center/middle/filters:quality(60)/https%3A%2F%2Fharpersbazaarprod.vtexassets.com%2Farquivos%2Fids%2F797817%2Fimage_5.jpg%3Fv%3D638761788235300000"", ""https://harpersbazaarprod.vtexassets.com/unsafe/154x0/center/middle/filters:quality(60)/https%3A%2F%2Fharpersbazaarprod.vtexassets.com%2Farquivos%2Fids%2F797819%2Fimage_6.jpg%3Fv%3D638760962372230000""]","Wool Suiting Straight Leg Trousers featuring Crystal brooch embellishment front button closure. Available in Black & Whipped White .
- Made in Italy
- 100% Virgin Wool
- Dry Clean Only- Model is 5'10"" and wears a size US 2",https://shop.harpersbazaar.com/crystal-brooch-trouser-1740499436079-124673/p
Embroidered Crystal Button Cluster Legging,AREA,4995.0,"[""https://harpersbazaarprod.vtexassets.com/unsafe/154x0/center/middle/filters:quality(60)/https%3A%2F%2Fharpersbazaarprod.vtexassets.com%2Farquivos%2Fids%2F797783%2Fimage_1.jpg%3Fv%3D638761374798030000"", ""https://harpersbazaarprod.vtexassets.com/unsafe/154x0/center/middle/filters:quality(60)/https%3A%2F%2Fharpersbazaarprod.vtexassets.com%2Farquivos%2Fids%2F797785%2Fimage_2.jpg%3Fv%3D638761374799600000"", ""https://harpersbazaarprod.vtexassets.com/unsafe/154x0/center/middle/filters:quality(60)/https%3A%2F%2Fharpersbazaarprod.vtexassets.com%2Farquivos%2Fids%2F797784%2Fimage_3.jpg%3Fv%3D638762490279500000"", ""https://harpersbazaarprod.vtexassets.com/unsafe/154x0/center/middle/filters:quality(60)/https%3A%2F%2Fharpersbazaarprod.vtexassets.com%2Farquivos%2Fids%2F797780%2Fimage_4.jpg%3Fv%3D638762490273900000"", ""https://harpersbazaarprod.vtexassets.com/unsafe/154x0/center/middle/filters:quality(60)/https%3A%2F%2Fharpersbazaarprod.vtexassets.com%2Farquivos%2Fids%2F797779%2Fimage_5.jpg%3Fv%3D638760962242130000"", ""https://harpersbazaarprod.vtexassets.com/unsafe/154x0/center/middle/filters:quality(60)/https%3A%2F%2Fharpersbazaarprod.vtexassets.com%2Farquivos%2Fids%2F797782%2Fimage_6.jpg%3Fv%3D638762490277630000"", ""https://harpersbazaarprod.vtexassets.com/unsafe/154x0/center/middle/filters:quality(60)/https%3A%2F%2Fharpersbazaarprod.vtexassets.com%2Farquivos%2Fids%2F797781%2Fimage_7.jpg%3Fv%3D638762490275770000""]","Compact ponte leggings embroidered and hand-finished with crystal buttons, shanks and rivets. Features hidden side zipper and ankle zippers. Available in Black.
- Material: 67% Rayon, 28% Nylon, 5% Elastane Stones: 100% Glass Metal: 100% Brass
- Dry Clean Only
- Model is 5'11"" and wears a size US 2",https://shop.harpersbazaar.com/embroidered-crystal-button-cluster-legging-1740499408580-124668/p
Long Jeans Pink,The Attico,790.0,"[""https://harpersbazaarprod.vtexassets.com/unsafe/154x0/center/middle/filters:quality(60)/https%3A%2F%2Fharpersbazaarprod.vtexassets.com%2Farquivos%2Fids%2F805426%2Fimage_1.jpg%3Fv%3D638762724077100000"", ""https://harpersbazaarprod.vtexassets.com/unsafe/154x0/center/middle/filters:quality(60)/https%3A%2F%2Fharpersbazaarprod.vtexassets.com%2Farquivos%2Fids%2F805428%2Fimage_2.jpg%3Fv%3D638762724080400000"", ""https://harpersbazaarprod.vtexassets.com/unsafe/154x0/center/middle/filters:quality(60)/https%3A%2F%2Fharpersbazaarprod.vtexassets.com%2Farquivos%2Fids%2F805427%2Fimage_3.jpg%3Fv%3D638762724078670000"", ""https://harpersbazaarprod.vtexassets.com/unsafe/154x0/center/middle/filters:quality(60)/https%3A%2F%2Fharpersbazaarprod.vtexassets.com%2Farquivos%2Fids%2F805425%2Fimage_4.jpg%3Fv%3D638762724075200000"", ""https://harpersbazaarprod.vtexassets.com/unsafe/154x0/center/middle/filters:quality(60)/https%3A%2F%2Fharpersbazaarprod.vtexassets.com%2Farquivos%2Fids%2F805424%2Fimage_5.jpg%3Fv%3D638762724074100000""]","
Wide leg
Full length
Belt loops
4 pocket design
Zip and button closure
Rear logo patch
Patch pocket on the leg
Care according to label
Material: 100% Cotton
Model is 5'9""/175cm and is wearing a size US26

 ",https://shop.harpersbazaar.com/long-jeans-pink-1740675605729-125695/p
Wide Leg Crystal Slit Jean,AREA,795.0,"[""https://harpersbazaarprod.vtexassets.com/unsafe/154x0/center/middle/filters:quality(60)/https%3A%2F%2Fharpersbazaarprod.vtexassets.com%2Farquivos%2Fids%2F797124%2Fimage_1.jpg%3Fv%3D638761374071970000"", ""https://harpersbazaarprod.vtexassets.com/unsafe/154x0/center/middle/filters:quality(60)/https%3A%2F%2Fharpersbazaarprod.vtexassets.com%2Farquivos%2Fids%2F797126%2Fimage_2.jpg%3Fv%3D638762508041670000"", ""https://harpersbazaarprod.vtexassets.com/unsafe/154x0/center/middle/filters:quality(60)/https%3A%2F%2Fharpersbazaarprod.vtexassets.com%2Farquivos%2Fids%2F797125%2Fimage_3.jpg%3Fv%3D638761374075870000"", ""https://harpersbazaarprod.vtexassets.com/unsafe/154x0/center/middle/filters:quality(60)/https%3A%2F%2Fharpersbazaarprod.vtexassets.com%2Farquivos%2Fids%2F797123%2Fimage_4.jpg%3Fv%3D638762508039170000""]","Classic Denim Wide-Leg Jeans featuring Crystal Cupchain Trim Slits at Thighs.
Available in Light Blue.
- 100% Cotton
- Dry Clean Only
- Runs Large. We recommend taking 1 size down. Model is 5'10"" and wears a size 26",https://shop.harpersbazaar.com/wide-leg-crystal-slit-jean-1740499294526-124536/p
Erato Paper Bag Houndstooth Short,THEO The Label,225.0,"[""https://harpersbazaarprod.vtexassets.com/unsafe/154x0/center/middle/filters:quality(60)/https%3A%2F%2Fharpersbazaarprod.vtexassets.com%2Farquivos%2Fids%2F794510%2Fimage_1.jpg%3Fv%3D638760258123130000"", ""https://harpersbazaarprod.vtexassets.com/unsafe/154x0/center/middle/filters:quality(60)/https%3A%2F%2Fharpersbazaarprod.vtexassets.com%2Farquivos%2Fids%2F794512%2Fimage_2.jpg%3Fv%3D638760258124830000"", ""https://harpersbazaarprod.vtexassets.com/unsafe/154x0/center/middle/filters:quality(60)/https%3A%2F%2Fharpersbazaarprod.vtexassets.com%2Farquivos%2Fids%2F794511%2Fimage_3.jpg%3Fv%3D638760258124200000"", ""https://harpersbazaarprod.vtexassets.com/unsafe/154x0/center/middle/filters:quality(60)/https%3A%2F%2Fharpersbazaarprod.vtexassets.com%2Farquivos%2Fids%2F794508%2Fimage_4.jpg%3Fv%3D638760258121700000"", ""https://harpersbazaarprod.vtexassets.com/unsafe/154x0/center/middle/filters:quality(60)/https%3A%2F%2Fharpersbazaarprod.vtexassets.com%2Farquivos%2Fids%2F794507%2Fimage_5.jpg%3Fv%3D638760258120470000"", ""https://harpersbazaarprod.vtexassets.com/unsafe/154x0/center/middle/filters:quality(60)/https%3A%2F%2Fharpersbazaarprod.vtexassets.com%2Farquivos%2Fids%2F794509%2Fimage_6.jpg%3Fv%3D638760258122200000""]","The Erato Paper Bag Houndstooth Short combines timeless patterns with a modern cut. Featuring pleated details, a self-belt, and a soft, non-wool suiting fabric, these shorts are both chic and comfortable.
FEATURES◦ Soft non-wool suiting fabric◦ Self belt and cuffs◦ Side pockets",https://shop.harpersbazaar.com/erato-paper-bag-houndstooth-short-1740429009970-124175/p
Crystal Slit Jean,AREA,685.0,"[""https://harpersbazaarprod.vtexassets.com/unsafe/154x0/center/middle/filters:quality(60)/https%3A%2F%2Fharpersbazaarprod.vtexassets.com%2Farquivos%2Fids%2F797187%2Fimage_1.jpg%3Fv%3D638761374193530000"", ""https://harpersbazaarprod.vtexassets.com/unsafe/154x0/center/middle/filters:quality(60)/https%3A%2F%2Fharpersbazaarprod.vtexassets.com%2Farquivos%2Fids%2F797189%2Fimage_2.jpg%3Fv%3D638762490073830000"", ""https://harpersbazaarprod.vtexassets.com/unsafe/154x0/center/middle/filters:quality(60)/https%3A%2F%2Fharpersbazaarprod.vtexassets.com%2Farquivos%2Fids%2F797188%2Fimage_3.jpg%3Fv%3D638762490071630000"", ""https://harpersbazaarprod.vtexassets.com/unsafe/154x0/center/middle/filters:quality(60)/https%3A%2F%2Fharpersbazaarprod.vtexassets.com%2Farquivos%2Fids%2F797186%2Fimage_4.jpg%3Fv%3D638762490069600000"", ""https://harpersbazaarprod.vtexassets.com/unsafe/154x0/center/middle/filters:quality(60)/https%3A%2F%2Fharpersbazaarprod.vtexassets.com%2Farquivos%2Fids%2F797185%2Fimage_5.jpg%3Fv%3D638762490067900000""]","Classic Denim Jeans feature Crystal Cupchain Trim slits at thighs. Designed with straight leg and mid-rise for a relaxed fit. If in between sizes, we recommend you size down. Available in Powder Pink.
- 100% Cotton
- Dry Clean Only
- Runs large. We recommend taking 1 size down. Model is 5'11"" and wears a size 26",https://shop.harpersbazaar.com/crystal-slit-jean-1740499289467-124550/p
The Pralù Skirt Light Yellow,Jacquemus,520.0,"[""https://harpersbazaarprod.vtexassets.com/unsafe/154x0/center/middle/filters:quality(60)/https%3A%2F%2Fharpersbazaarprod.vtexassets.com%2Farquivos%2Fids%2F793917%2Fimage_1.jpg%3Fv%3D638760150978430000"", ""https://harpersbazaarprod.vtexassets.com/unsafe/154x0/center/middle/filters:quality(60)/https%3A%2F%2Fharpersbazaarprod.vtexassets.com%2Farquivos%2Fids%2F802717%2Fimage_2.jpg%3Fv%3D638761644214600000"", ""https://harpersbazaarprod.vtexassets.com/unsafe/154x0/center/middle/filters:quality(60)/https%3A%2F%2Fharpersbazaarprod.vtexassets.com%2Farquivos%2Fids%2F802716%2Fimage_3.jpg%3Fv%3D638761644213030000"", ""https://harpersbazaarprod.vtexassets.com/unsafe/154x0/center/middle/filters:quality(60)/https%3A%2F%2Fharpersbazaarprod.vtexassets.com%2Farquivos%2Fids%2F802715%2Fimage_4.jpg%3Fv%3D638761644211800000"", ""https://harpersbazaarprod.vtexassets.com/unsafe/154x0/center/middle/filters:quality(60)/https%3A%2F%2Fharpersbazaarprod.vtexassets.com%2Farquivos%2Fids%2F802714%2Fimage_5.jpg%3Fv%3D638761644210070000""]","• Ribbed Knit Midi Skirt
• Straight fit
• Openwork details
• High waisted with lingerie strap detail
• Gold metal charm logo
• Scalloped hem
• Material: 94% Viscose, 6% Polyester
• Model is 5'9""/175cm and is wearing a size FR36",https://shop.harpersbazaar.com/the-pralu-skirt-light-yellow-1740418296304-123674/p
One Leg Denim Skirt Blue,Coperni,720.0,"[""https://harpersbazaarprod.vtexassets.com/unsafe/154x0/center/middle/filters:quality(60)/https%3A%2F%2Fharpersbazaarprod.vtexassets.com%2Farquivos%2Fids%2F793898%2Fimage_1.jpg%3Fv%3D638760150895400000"", ""https://harpersbazaarprod.vtexassets.com/unsafe/154x0/center/middle/filters:quality(60)/https%3A%2F%2Fharpersbazaarprod.vtexassets.com%2Farquivos%2Fids%2F802705%2Fimage_2.jpg%3Fv%3D638761644190530000"", ""https://harpersbazaarprod.vtexassets.com/unsafe/154x0/center/middle/filters:quality(60)/https%3A%2F%2Fharpersbazaarprod.vtexassets.com%2Farquivos%2Fids%2F802704%2Fimage_3.jpg%3Fv%3D638761644188330000"", ""https://harpersbazaarprod.vtexassets.com/unsafe/154x0/center/middle/filters:quality(60)/https%3A%2F%2Fharpersbazaarprod.vtexassets.com%2Farquivos%2Fids%2F802703%2Fimage_4.jpg%3Fv%3D638761644186300000"", ""https://harpersbazaarprod.vtexassets.com/unsafe/154x0/center/middle/filters:quality(60)/https%3A%2F%2Fharpersbazaarprod.vtexassets.com%2Farquivos%2Fids%2F802702%2Fimage_5.jpg%3Fv%3D638761644183030000""]","This Denim Skirt showcases Coperni's creative fabric-cutting techniques thanks to its eye-catching silhouette that sweeps daringly to one side. One leg is revealed as the fabric drapes diagonally towards the opposite ankle, creating and elegant train that gently sways as you move.

• Blue Vintage
• 100% Cotton
• Made in Italy",https://shop.harpersbazaar.com/one-leg-denim-skirt-blue-1740418288943-123655/p
Knit Band Short Bleu Vintage,Alaïa,1200.0,"[""https://harpersbazaarprod.vtexassets.com/unsafe/154x0/center/middle/filters:quality(60)/https%3A%2F%2Fharpersbazaarprod.vtexassets.com%2Farquivos%2Fids%2F794044%2Fimage_1.jpg%3Fv%3D638760151765200000"", ""https://harpersbazaarprod.vtexassets.com/unsafe/154x0/center/middle/filters:quality(60)/https%3A%2F%2Fharpersbazaarprod.vtexassets.com%2Farquivos%2Fids%2F796385%2Fimage_2.jpg%3Fv%3D638760906247330000"", ""https://harpersbazaarprod.vtexassets.com/unsafe/154x0/center/middle/filters:quality(60)/https%3A%2F%2Fharpersbazaarprod.vtexassets.com%2Farquivos%2Fids%2F796384%2Fimage_3.jpg%3Fv%3D638760906245630000"", ""https://harpersbazaarprod.vtexassets.com/unsafe/154x0/center/middle/filters:quality(60)/https%3A%2F%2Fharpersbazaarprod.vtexassets.com%2Farquivos%2Fids%2F796383%2Fimage_4.jpg%3Fv%3D638760906244330000"", ""https://harpersbazaarprod.vtexassets.com/unsafe/154x0/center/middle/filters:quality(60)/https%3A%2F%2Fharpersbazaarprod.vtexassets.com%2Farquivos%2Fids%2F796382%2Fimage_5.jpg%3Fv%3D638760906242000000""]","• Regular Fit
• Belt loops
• Zip closure
• 5 pocket design
• Care according to label
• Material: Cotton
• Model is 5'9""/175cm and is wearing a size FR36",https://shop.harpersbazaar.com/knit-band-short-bleu-vintage-1740418374638-123797/p
Marino Culotte Blue and Multicolor,Jacquemus,420.0,"[""https://harpersbazaarprod.vtexassets.com/unsafe/154x0/center/middle/filters:quality(60)/https%3A%2F%2Fharpersbazaarprod.vtexassets.com%2Farquivos%2Fids%2F794067%2Fimage_1.jpg%3Fv%3D638760152042700000"", ""https://harpersbazaarprod.vtexassets.com/unsafe/154x0/center/middle/filters:quality(60)/https%3A%2F%2Fharpersbazaarprod.vtexassets.com%2Farquivos%2Fids%2F802571%2Fimage_2.jpg%3Fv%3D638761626117600000"", ""https://harpersbazaarprod.vtexassets.com/unsafe/154x0/center/middle/filters:quality(60)/https%3A%2F%2Fharpersbazaarprod.vtexassets.com%2Farquivos%2Fids%2F802570%2Fimage_3.jpg%3Fv%3D638761626116000000"", ""https://harpersbazaarprod.vtexassets.com/unsafe/154x0/center/middle/filters:quality(60)/https%3A%2F%2Fharpersbazaarprod.vtexassets.com%2Farquivos%2Fids%2F802569%2Fimage_4.jpg%3Fv%3D638761626114770000"", ""https://harpersbazaarprod.vtexassets.com/unsafe/154x0/center/middle/filters:quality(60)/https%3A%2F%2Fharpersbazaarprod.vtexassets.com%2Farquivos%2Fids%2F802568%2Fimage_5.jpg%3Fv%3D638761626112730000""]","• High waisted
• Braided motif
• Contrast ribbed waist and hem
• Apron front panel
• Trompe l’oeil pocket
• Embroidered logo
• Visible shorts in the back
• Care According to Label
• Material: 93% Viscose, 4% Polyester, 3% Elastane
• Model is 5'9""/175cm and is wearing a size FR36",https://shop.harpersbazaar.com/marino-culotte-blue-and-multicolor-1740418395202-123820/p
Markos Pants - Black,Loulou De Saison,610.0,"[""https://harpersbazaarprod.vtexassets.com/unsafe/154x0/center/middle/filters:quality(60)/https%3A%2F%2Fharpersbazaarprod.vtexassets.com%2Farquivos%2Fids%2F770785%2Fimage_1.jpg%3Fv%3D638743071813270000"", ""https://harpersbazaarprod.vtexassets.com/unsafe/154x0/center/middle/filters:quality(60)/https%3A%2F%2Fharpersbazaarprod.vtexassets.com%2Farquivos%2Fids%2F774385%2Fimage_2.jpg%3Fv%3D638744544075500000"", ""https://harpersbazaarprod.vtexassets.com/unsafe/154x0/center/middle/filters:quality(60)/https%3A%2F%2Fharpersbazaarprod.vtexassets.com%2Farquivos%2Fids%2F774384%2Fimage_3.jpg%3Fv%3D638744544073470000"", ""https://harpersbazaarprod.vtexassets.com/unsafe/154x0/center/middle/filters:quality(60)/https%3A%2F%2Fharpersbazaarprod.vtexassets.com%2Farquivos%2Fids%2F774383%2Fimage_4.jpg%3Fv%3D638744544072200000"", ""https://harpersbazaarprod.vtexassets.com/unsafe/154x0/center/middle/filters:quality(60)/https%3A%2F%2Fharpersbazaarprod.vtexassets.com%2Farquivos%2Fids%2F774382%2Fimage_5.jpg%3Fv%3D638744544070800000""]","
Relaxed fit
Full length
Elasticated waistband
All over printed design
Care according to label
Material: 100% Silk
Model is 5'9""/175cm and is wearing a size S

 ",https://shop.harpersbazaar.com/markos-pants-black-1738710366838-119566/p
Low Rise Midi Skirt Black and White,Alexander Wang,1195.0,"[""https://harpersbazaarprod.vtexassets.com/unsafe/154x0/center/middle/filters:quality(60)/https%3A%2F%2Fharpersbazaarprod.vtexassets.com%2Farquivos%2Fids%2F771431%2Fimage_1.jpg%3Fv%3D638743073690000000"", ""https://harpersbazaarprod.vtexassets.com/unsafe/154x0/center/middle/filters:quality(60)/https%3A%2F%2Fharpersbazaarprod.vtexassets.com%2Farquivos%2Fids%2F774139%2Fimage_2.jpg%3Fv%3D638744455402670000"", ""https://harpersbazaarprod.vtexassets.com/unsafe/154x0/center/middle/filters:quality(60)/https%3A%2F%2Fharpersbazaarprod.vtexassets.com%2Farquivos%2Fids%2F774138%2Fimage_3.jpg%3Fv%3D638744455402030000"", ""https://harpersbazaarprod.vtexassets.com/unsafe/154x0/center/middle/filters:quality(60)/https%3A%2F%2Fharpersbazaarprod.vtexassets.com%2Farquivos%2Fids%2F774137%2Fimage_4.jpg%3Fv%3D638744455400630000"", ""https://harpersbazaarprod.vtexassets.com/unsafe/154x0/center/middle/filters:quality(60)/https%3A%2F%2Fharpersbazaarprod.vtexassets.com%2Farquivos%2Fids%2F774136%2Fimage_5.jpg%3Fv%3D638744455399700000""]","Regular fitLow riseMidi lengthSlashed designCare according to labelModel is 5'9""/175cm and is wearing a size S",https://shop.harpersbazaar.com/low-rise-midi-skirt-black-and-white-1738710559698-119963/p
Micro Mini Skirt Dark Brown,WARDROBE.NYC,500.0,"[""https://harpersbazaarprod.vtexassets.com/unsafe/154x0/center/middle/filters:quality(60)/https%3A%2F%2Fharpersbazaarprod.vtexassets.com%2Farquivos%2Fids%2F771410%2Fimage_1.jpg%3Fv%3D638743073616430000"", ""https://harpersbazaarprod.vtexassets.com/unsafe/154x0/center/middle/filters:quality(60)/https%3A%2F%2Fharpersbazaarprod.vtexassets.com%2Farquivos%2Fids%2F772823%2Fimage_2.jpg%3Fv%3D638743680306900000"", ""https://harpersbazaarprod.vtexassets.com/unsafe/154x0/center/middle/filters:quality(60)/https%3A%2F%2Fharpersbazaarprod.vtexassets.com%2Farquivos%2Fids%2F772822%2Fimage_3.jpg%3Fv%3D638743680305170000"", ""https://harpersbazaarprod.vtexassets.com/unsafe/154x0/center/middle/filters:quality(60)/https%3A%2F%2Fharpersbazaarprod.vtexassets.com%2Farquivos%2Fids%2F772821%2Fimage_4.jpg%3Fv%3D638743680303770000"", ""https://harpersbazaarprod.vtexassets.com/unsafe/154x0/center/middle/filters:quality(60)/https%3A%2F%2Fharpersbazaarprod.vtexassets.com%2Farquivos%2Fids%2F772820%2Fimage_5.jpg%3Fv%3D638743680302800000""]","Regular FitMini lengthTwo side slit pocketsRear button fasteningConcealed side zip fasteningStraight hemCare according to labelMaterial: 100% WoolModel is 5'9""/175cm and is wearing a size S",https://shop.harpersbazaar.com/micro-mini-skirt-dark-brown-1738710551130-119942/p
Serge Tailored Mini Shorts Grey Melange,Loulou De Saison,255.0,"[""https://harpersbazaarprod.vtexassets.com/unsafe/154x0/center/middle/filters:quality(60)/https%3A%2F%2Fharpersbazaarprod.vtexassets.com%2Farquivos%2Fids%2F770876%2Fimage_1.jpg%3Fv%3D638743072050330000"", ""https://harpersbazaarprod.vtexassets.com/unsafe/154x0/center/middle/filters:quality(60)/https%3A%2F%2Fharpersbazaarprod.vtexassets.com%2Farquivos%2Fids%2F774206%2Fimage_2.jpg%3Fv%3D638744455890630000"", ""https://harpersbazaarprod.vtexassets.com/unsafe/154x0/center/middle/filters:quality(60)/https%3A%2F%2Fharpersbazaarprod.vtexassets.com%2Farquivos%2Fids%2F774205%2Fimage_3.jpg%3Fv%3D638744455889530000"", ""https://harpersbazaarprod.vtexassets.com/unsafe/154x0/center/middle/filters:quality(60)/https%3A%2F%2Fharpersbazaarprod.vtexassets.com%2Farquivos%2Fids%2F774204%2Fimage_4.jpg%3Fv%3D638744455887330000"", ""https://harpersbazaarprod.vtexassets.com/unsafe/154x0/center/middle/filters:quality(60)/https%3A%2F%2Fharpersbazaarprod.vtexassets.com%2Farquivos%2Fids%2F774203%2Fimage_5.jpg%3Fv%3D638744455885800000""]","
Tailored fit
Mini length
Zip and hook closure
Three pocket design
Care according to label
Material: 95% Virgin Wool, 5% Elastane
Model is 5'9""/175cm and is wearing a size EU36
",https://shop.harpersbazaar.com/serge-tailored-mini-shorts-grey-melange-1738710397269-119621/p
Long Pant - Black,The Attico,650.0,"[""https://harpersbazaarprod.vtexassets.com/unsafe/154x0/center/middle/filters:quality(60)/https%3A%2F%2Fharpersbazaarprod.vtexassets.com%2Farquivos%2Fids%2F770752%2Fimage_1.jpg%3Fv%3D638743071697730000"", ""https://harpersbazaarprod.vtexassets.com/unsafe/154x0/center/middle/filters:quality(60)/https%3A%2F%2Fharpersbazaarprod.vtexassets.com%2Farquivos%2Fids%2F772254%2Fimage_2.jpg%3Fv%3D638743572098100000"", ""https://harpersbazaarprod.vtexassets.com/unsafe/154x0/center/middle/filters:quality(60)/https%3A%2F%2Fharpersbazaarprod.vtexassets.com%2Farquivos%2Fids%2F772253%2Fimage_3.jpg%3Fv%3D638743572096370000"", ""https://harpersbazaarprod.vtexassets.com/unsafe/154x0/center/middle/filters:quality(60)/https%3A%2F%2Fharpersbazaarprod.vtexassets.com%2Farquivos%2Fids%2F772252%2Fimage_4.jpg%3Fv%3D638743572094030000"", ""https://harpersbazaarprod.vtexassets.com/unsafe/154x0/center/middle/filters:quality(60)/https%3A%2F%2Fharpersbazaarprod.vtexassets.com%2Farquivos%2Fids%2F772251%2Fimage_5.jpg%3Fv%3D638743572092200000""]","Regular FitFull LengthSide Seam PocketsZip and Hook ClosurePleated DesignCare According to LabelModel is 5'9""/175cm and is wearing a size FR36",https://shop.harpersbazaar.com/long-pant-black-1738710367584-119545/p
Shivon Skirt,Tanya Taylor,395.0,"[""https://harpersbazaarprod.vtexassets.com/unsafe/154x0/center/middle/filters:quality(60)/https%3A%2F%2Fharpersbazaarprod.vtexassets.com%2Farquivos%2Fids%2F784033%2Fimage_1.jpg%3Fv%3D638749908755900000"", ""https://harpersbazaarprod.vtexassets.com/unsafe/154x0/center/middle/filters:quality(60)/https%3A%2F%2Fharpersbazaarprod.vtexassets.com%2Farquivos%2Fids%2F785439%2Fimage_2.jpg%3Fv%3D638750520058170000"", ""https://harpersbazaarprod.vtexassets.com/unsafe/154x0/center/middle/filters:quality(60)/https%3A%2F%2Fharpersbazaarprod.vtexassets.com%2Farquivos%2Fids%2F785438%2Fimage_3.jpg%3Fv%3D638750520057070000"", ""https://harpersbazaarprod.vtexassets.com/unsafe/154x0/center/middle/filters:quality(60)/https%3A%2F%2Fharpersbazaarprod.vtexassets.com%2Farquivos%2Fids%2F785436%2Fimage_4.jpg%3Fv%3D638750520055500000"", ""https://harpersbazaarprod.vtexassets.com/unsafe/154x0/center/middle/filters:quality(60)/https%3A%2F%2Fharpersbazaarprod.vtexassets.com%2Farquivos%2Fids%2F785435%2Fimage_5.jpg%3Fv%3D638750520052200000"", ""https://harpersbazaarprod.vtexassets.com/unsafe/154x0/center/middle/filters:quality(60)/https%3A%2F%2Fharpersbazaarprod.vtexassets.com%2Farquivos%2Fids%2F785437%2Fimage_6.jpg%3Fv%3D638750520056300000""]","An update to our best-selling Midi Shivon Dress, the Shivon Skirt transforms this Cotton Poplin staple into a versatile styling separate for the season.
Designed with a pleated side skirt, a stretch grosgrain interior at the waist, and a self-tie for the perfect fit, this effortless piece blends structure with ease, making it a go-to for everyday wear.

Product Details:
• Midi length
• Unlined
• Cotton Poplin
• Pleated wearer's left skirt
• Fixed wrap with tie
• Stretch grosgrain at interior waist
• Hidden side zipper

Fit Details:
• True to size
• Sophie is 5’9” and wears a size 2
• Amelia is 5'9"" and wears a size 14
• Skirt is 32.5"" long from high point shoulder

Materials & Care:
• 80% Polyester, 20% Cotton
• Dry Clean Only",https://shop.harpersbazaar.com/shivon-skirt-1739394075069-122085/p
Denim Micro Mini Skirt Indigo,WARDROBE.NYC,250.0,"[""https://harpersbazaarprod.vtexassets.com/unsafe/154x0/center/middle/filters:quality(60)/https%3A%2F%2Fharpersbazaarprod.vtexassets.com%2Farquivos%2Fids%2F771411%2Fimage_1.jpg%3Fv%3D638743073619100000"", ""https://harpersbazaarprod.vtexassets.com/unsafe/154x0/center/middle/filters:quality(60)/https%3A%2F%2Fharpersbazaarprod.vtexassets.com%2Farquivos%2Fids%2F772410%2Fimage_2.jpg%3Fv%3D638743590138530000"", ""https://harpersbazaarprod.vtexassets.com/unsafe/154x0/center/middle/filters:quality(60)/https%3A%2F%2Fharpersbazaarprod.vtexassets.com%2Farquivos%2Fids%2F772409%2Fimage_3.jpg%3Fv%3D638743590137600000"", ""https://harpersbazaarprod.vtexassets.com/unsafe/154x0/center/middle/filters:quality(60)/https%3A%2F%2Fharpersbazaarprod.vtexassets.com%2Farquivos%2Fids%2F772408%2Fimage_4.jpg%3Fv%3D638743590135100000"", ""https://harpersbazaarprod.vtexassets.com/unsafe/154x0/center/middle/filters:quality(60)/https%3A%2F%2Fharpersbazaarprod.vtexassets.com%2Farquivos%2Fids%2F772407%2Fimage_5.jpg%3Fv%3D638743590134000000""]","Regular FitMini lengthBelt loopsButton fly fastening5 pocket designLogo patch to the rearStraight hemCare according to labelMaterial: 100% CottonModel is 5'9""/175cm and is wearing a size S",https://shop.harpersbazaar.com/denim-micro-mini-skirt-indigo-1738710550370-119943/p
Fern Cargo Sweatpants - Faded Mauve,The Attico,950.0,"[""https://harpersbazaarprod.vtexassets.com/unsafe/154x0/center/middle/filters:quality(60)/https%3A%2F%2Fharpersbazaarprod.vtexassets.com%2Farquivos%2Fids%2F770994%2Fimage_1.jpg%3Fv%3D638743072350570000"", ""https://harpersbazaarprod.vtexassets.com/unsafe/154x0/center/middle/filters:quality(60)/https%3A%2F%2Fharpersbazaarprod.vtexassets.com%2Farquivos%2Fids%2F772114%2Fimage_2.jpg%3Fv%3D638743554146230000"", ""https://harpersbazaarprod.vtexassets.com/unsafe/154x0/center/middle/filters:quality(60)/https%3A%2F%2Fharpersbazaarprod.vtexassets.com%2Farquivos%2Fids%2F772113%2Fimage_3.jpg%3Fv%3D638743554144970000"", ""https://harpersbazaarprod.vtexassets.com/unsafe/154x0/center/middle/filters:quality(60)/https%3A%2F%2Fharpersbazaarprod.vtexassets.com%2Farquivos%2Fids%2F772112%2Fimage_4.jpg%3Fv%3D638743554142800000"", ""https://harpersbazaarprod.vtexassets.com/unsafe/154x0/center/middle/filters:quality(60)/https%3A%2F%2Fharpersbazaarprod.vtexassets.com%2Farquivos%2Fids%2F772111%2Fimage_5.jpg%3Fv%3D638743554140630000""]","Faded American Fleece SweatpantsMulti-Pockets with a Folded Fifth PocketElasticated Waistband with DrawstringModel is 5'9""/175cm and is wearing a size FR36100% Cotton",https://shop.harpersbazaar.com/fern-cargo-sweatpants-faded-mauve-1738710431710-119683/p
Mesh Flare Pants,Jean Paul Gaultier,510.0,"[""https://harpersbazaarprod.vtexassets.com/unsafe/154x0/center/middle/filters:quality(60)/https%3A%2F%2Fharpersbazaarprod.vtexassets.com%2Farquivos%2Fids%2F445036%2Fimage_1.jpg%3Fv%3D638592573055600000"", ""https://harpersbazaarprod.vtexassets.com/unsafe/154x0/center/middle/filters:quality(60)/https%3A%2F%2Fharpersbazaarprod.vtexassets.com%2Farquivos%2Fids%2F445038%2Fimage_2.jpg%3Fv%3D638596818426600000"", ""https://harpersbazaarprod.vtexassets.com/unsafe/154x0/center/middle/filters:quality(60)/https%3A%2F%2Fharpersbazaarprod.vtexassets.com%2Farquivos%2Fids%2F445037%2Fimage_3.jpg%3Fv%3D638596818422700000"", ""https://harpersbazaarprod.vtexassets.com/unsafe/154x0/center/middle/filters:quality(60)/https%3A%2F%2Fharpersbazaarprod.vtexassets.com%2Farquivos%2Fids%2F445035%2Fimage_4.jpg%3Fv%3D638596818418330000"", ""https://harpersbazaarprod.vtexassets.com/unsafe/154x0/center/middle/filters:quality(60)/https%3A%2F%2Fharpersbazaarprod.vtexassets.com%2Farquivos%2Fids%2F445034%2Fimage_5.jpg%3Fv%3D638596818406470000""]","Flared Silhouette
All-over Pigalle city print
Mesh fabrication
Pull-on styling

Dimensions: Model is 5'9""/175cm and is wearing a size S
Composition: 100% Polyamide
Care: Care according to label",https://shop.harpersbazaar.com/mesh-flare-pants-1723660489755-47381/p
Mesh Flare Pants,Jean Paul Gaultier,510.0,"[""https://harpersbazaarprod.vtexassets.com/unsafe/154x0/center/middle/filters:quality(60)/https%3A%2F%2Fharpersbazaarprod.vtexassets.com%2Farquivos%2Fids%2F444943%2Fimage_1.jpg%3Fv%3D638592572779200000"", ""https://harpersbazaarprod.vtexassets.com/unsafe/154x0/center/middle/filters:quality(60)/https%3A%2F%2Fharpersbazaarprod.vtexassets.com%2Farquivos%2Fids%2F444945%2Fimage_2.jpg%3Fv%3D638596818322670000"", ""https://harpersbazaarprod.vtexassets.com/unsafe/154x0/center/middle/filters:quality(60)/https%3A%2F%2Fharpersbazaarprod.vtexassets.com%2Farquivos%2Fids%2F444944%2Fimage_3.jpg%3Fv%3D638596818316300000"", ""https://harpersbazaarprod.vtexassets.com/unsafe/154x0/center/middle/filters:quality(60)/https%3A%2F%2Fharpersbazaarprod.vtexassets.com%2Farquivos%2Fids%2F444942%2Fimage_4.jpg%3Fv%3D638592572776900000"", ""https://harpersbazaarprod.vtexassets.com/unsafe/154x0/center/middle/filters:quality(60)/https%3A%2F%2Fharpersbazaarprod.vtexassets.com%2Farquivos%2Fids%2F444941%2Fimage_5.jpg%3Fv%3D638596818306930000""]","Flared Silhouette
All-over Pigalle city print
Mesh fabrication
Pull-on styling

Dimensions: Model is 5'9""/175cm and is wearing a size S
Composition: 100% Polyamide
Care: Care according to label",https://shop.harpersbazaar.com/mesh-flare-pants-1723660476538-47360/p
GG Tweed Skirt,Gucci,1400.0,"[""https://harpersbazaarprod.vtexassets.com/unsafe/154x0/center/middle/filters:quality(60)/https%3A%2F%2Fharpersbazaarprod.vtexassets.com%2Farquivos%2Fids%2F442185%2Fimage_1.jpg%3Fv%3D638591582555600000""]","Braided ribbon trim
Self-covered button with Interlocking G
Fitted waistband
Two side pockets
Zip closure
Mini length

Dimensions: Model is 5'9""/ 175cm and is wearing a size IT40
Composition: 71% Wool, 29% Cotton
Care: Care according to label",https://shop.harpersbazaar.com/gg-tweed-skirt-1723561449728-46660/p
Organic Denim Shorts With Crystal G,Gucci,1350.0,"[""https://harpersbazaarprod.vtexassets.com/unsafe/154x0/center/middle/filters:quality(60)/https%3A%2F%2Fharpersbazaarprod.vtexassets.com%2Farquivos%2Fids%2F442034%2Fimage_1.jpg%3Fv%3D638591582146200000""]","Belt loops
Five-Pocket style
Crystal G
Raw cut edges
Button and zip closure

Dimensions: Model is 5'9""/175cm and is wearing a size US26
Composition: 100% Cotton
Care: Care according to label",https://shop.harpersbazaar.com/organic-denim-shorts-with-crystal-g-1723561414158-46594/p
Eloisa Pants,The Row,1850.0,"[""https://harpersbazaarprod.vtexassets.com/unsafe/154x0/center/middle/filters:quality(60)/https%3A%2F%2Fharpersbazaarprod.vtexassets.com%2Farquivos%2Fids%2F440114%2Fimage_1.jpg%3Fv%3D638588306127800000"", ""https://harpersbazaarprod.vtexassets.com/unsafe/154x0/center/middle/filters:quality(60)/https%3A%2F%2Fharpersbazaarprod.vtexassets.com%2Farquivos%2Fids%2F440116%2Fimage_2.jpg%3Fv%3D638592336139570000"", ""https://harpersbazaarprod.vtexassets.com/unsafe/154x0/center/middle/filters:quality(60)/https%3A%2F%2Fharpersbazaarprod.vtexassets.com%2Farquivos%2Fids%2F440115%2Fimage_3.jpg%3Fv%3D638592336138000000"", ""https://harpersbazaarprod.vtexassets.com/unsafe/154x0/center/middle/filters:quality(60)/https%3A%2F%2Fharpersbazaarprod.vtexassets.com%2Farquivos%2Fids%2F440113%2Fimage_4.jpg%3Fv%3D638592336134870000"", ""https://harpersbazaarprod.vtexassets.com/unsafe/154x0/center/middle/filters:quality(60)/https%3A%2F%2Fharpersbazaarprod.vtexassets.com%2Farquivos%2Fids%2F440112%2Fimage_5.jpg%3Fv%3D638588306123170000""]","Wide leg pants
Soft midweight cashmere
Side seam pockets
Pull-on waistband

Dimensions: Model is 5'9""/175cm and is wearing a size XS/S
Composition: 100% cashmere
Care: Care according to label",https://shop.harpersbazaar.com/eloisa-pants-1723233811902-46071/p
Straight Leg Trouser,Brandon Maxwell,1295.0,"[""https://harpersbazaarprod.vtexassets.com/unsafe/154x0/center/middle/filters:quality(60)/https%3A%2F%2Fharpersbazaarprod.vtexassets.com%2Farquivos%2Fids%2F427749%2Fimage_1.jpg%3Fv%3D638582562102430000"", ""https://harpersbazaarprod.vtexassets.com/unsafe/154x0/center/middle/filters:quality(60)/https%3A%2F%2Fharpersbazaarprod.vtexassets.com%2Farquivos%2Fids%2F427751%2Fimage_2.jpg%3Fv%3D638597808091830000"", ""https://harpersbazaarprod.vtexassets.com/unsafe/154x0/center/middle/filters:quality(60)/https%3A%2F%2Fharpersbazaarprod.vtexassets.com%2Farquivos%2Fids%2F427750%2Fimage_3.jpg%3Fv%3D638597808090100000""]","Brandon Maxwell Straight Leg Trouser in Ivory.
Viscose/Acetate/Elastane, Lining: Acetate/Polyester
Hi-Rise
Dry Clean
Made in IT",https://shop.harpersbazaar.com/straight-leg-trouser-1722614418897-43246/p
Metallic Jeans,Rabanne,790.0,"[""https://harpersbazaarprod.vtexassets.com/unsafe/154x0/center/middle/filters:quality(60)/https%3A%2F%2Fharpersbazaarprod.vtexassets.com%2Farquivos%2Fids%2F419220%2Fimage_1.jpg%3Fv%3D638580601464200000"", ""https://harpersbazaarprod.vtexassets.com/unsafe/154x0/center/middle/filters:quality(60)/https%3A%2F%2Fharpersbazaarprod.vtexassets.com%2Farquivos%2Fids%2F419222%2Fimage_2.jpg%3Fv%3D638580601469200000"", ""https://harpersbazaarprod.vtexassets.com/unsafe/154x0/center/middle/filters:quality(60)/https%3A%2F%2Fharpersbazaarprod.vtexassets.com%2Farquivos%2Fids%2F419221%2Fimage_3.jpg%3Fv%3D638696934374570000"", ""https://harpersbazaarprod.vtexassets.com/unsafe/154x0/center/middle/filters:quality(60)/https%3A%2F%2Fharpersbazaarprod.vtexassets.com%2Farquivos%2Fids%2F419218%2Fimage_4.jpg%3Fv%3D638696934368730000"", ""https://harpersbazaarprod.vtexassets.com/unsafe/154x0/center/middle/filters:quality(60)/https%3A%2F%2Fharpersbazaarprod.vtexassets.com%2Farquivos%2Fids%2F419217%2Fimage_5.jpg%3Fv%3D638696934366070000"", ""https://harpersbazaarprod.vtexassets.com/unsafe/154x0/center/middle/filters:quality(60)/https%3A%2F%2Fharpersbazaarprod.vtexassets.com%2Farquivos%2Fids%2F419219%2Fimage_6.jpg%3Fv%3D638696934371870000""]","Rabanne Metallic Jeans in Light Silver.
100% Viscose Combo: 71% Polyester, 29% Polyamide ,100% Viscose , Combo: 71% Polyester, 29% Polyamide
Dry Clean
Imported",https://shop.harpersbazaar.com/metallic-jeans-1722463345212-41925/p
Kores Leopard Skirt,THEO The Label,265.0,"[""https://harpersbazaarprod.vtexassets.com/unsafe/154x0/center/middle/filters:quality(60)/https%3A%2F%2Fharpersbazaarprod.vtexassets.com%2Farquivos%2Fids%2F418034%2Fimage_1.jpg%3Fv%3D638580546778670000"", ""https://harpersbazaarprod.vtexassets.com/unsafe/154x0/center/middle/filters:quality(60)/https%3A%2F%2Fharpersbazaarprod.vtexassets.com%2Farquivos%2Fids%2F418036%2Fimage_2.jpg%3Fv%3D638580546784500000"", ""https://harpersbazaarprod.vtexassets.com/unsafe/154x0/center/middle/filters:quality(60)/https%3A%2F%2Fharpersbazaarprod.vtexassets.com%2Farquivos%2Fids%2F418035%2Fimage_3.jpg%3Fv%3D638591526153430000"", ""https://harpersbazaarprod.vtexassets.com/unsafe/154x0/center/middle/filters:quality(60)/https%3A%2F%2Fharpersbazaarprod.vtexassets.com%2Farquivos%2Fids%2F418033%2Fimage_4.jpg%3Fv%3D638591526150570000"", ""https://harpersbazaarprod.vtexassets.com/unsafe/154x0/center/middle/filters:quality(60)/https%3A%2F%2Fharpersbazaarprod.vtexassets.com%2Farquivos%2Fids%2F418032%2Fimage_5.jpg%3Fv%3D638591526146630000""]","Go Wild in our Kores Leopard Skirt! 
This Flowy Long Skirt features a Fierce Leopard Print Design that will make you stand out from the crowd.
Perfect for adding some fun and flair to your wardrobe. Roar with style!",https://shop.harpersbazaar.com/kores-leopard-skirt-1722457875344-41636/p
Nyx High-Waist Denim Shorts,THEO The Label,135.0,"[""https://harpersbazaarprod.vtexassets.com/unsafe/154x0/center/middle/filters:quality(60)/https%3A%2F%2Fharpersbazaarprod.vtexassets.com%2Farquivos%2Fids%2F417936%2Fimage_1.jpg%3Fv%3D638580546527830000"", ""https://harpersbazaarprod.vtexassets.com/unsafe/154x0/center/middle/filters:quality(60)/https%3A%2F%2Fharpersbazaarprod.vtexassets.com%2Farquivos%2Fids%2F417938%2Fimage_2.jpg%3Fv%3D638580546532430000"", ""https://harpersbazaarprod.vtexassets.com/unsafe/154x0/center/middle/filters:quality(60)/https%3A%2F%2Fharpersbazaarprod.vtexassets.com%2Farquivos%2Fids%2F417937%2Fimage_3.jpg%3Fv%3D638591652340770000"", ""https://harpersbazaarprod.vtexassets.com/unsafe/154x0/center/middle/filters:quality(60)/https%3A%2F%2Fharpersbazaarprod.vtexassets.com%2Farquivos%2Fids%2F417935%2Fimage_4.jpg%3Fv%3D638591652338270000"", ""https://harpersbazaarprod.vtexassets.com/unsafe/154x0/center/middle/filters:quality(60)/https%3A%2F%2Fharpersbazaarprod.vtexassets.com%2Farquivos%2Fids%2F417934%2Fimage_5.jpg%3Fv%3D638591652335630000""]","Get Ready to Rock that cool, casual look with our Nyx Denim Shorts! 
With their angled cut, high-waist and frayed edges, these shorts will add a touch of edge to your style. Perfect for a day out with friends or a weekend of fun.",https://shop.harpersbazaar.com/nyx-highwaist-denim-shorts-1722457851741-41616/p
Demeter Cropped Denim Pant,THEO The Label,245.0,"[""https://harpersbazaarprod.vtexassets.com/unsafe/154x0/center/middle/filters:quality(60)/https%3A%2F%2Fharpersbazaarprod.vtexassets.com%2Farquivos%2Fids%2F417838%2Fimage_1.jpg%3Fv%3D638580546275430000"", ""https://harpersbazaarprod.vtexassets.com/unsafe/154x0/center/middle/filters:quality(60)/https%3A%2F%2Fharpersbazaarprod.vtexassets.com%2Farquivos%2Fids%2F417840%2Fimage_2.jpg%3Fv%3D638580546278500000"", ""https://harpersbazaarprod.vtexassets.com/unsafe/154x0/center/middle/filters:quality(60)/https%3A%2F%2Fharpersbazaarprod.vtexassets.com%2Farquivos%2Fids%2F417839%2Fimage_3.jpg%3Fv%3D638580546276900000"", ""https://harpersbazaarprod.vtexassets.com/unsafe/154x0/center/middle/filters:quality(60)/https%3A%2F%2Fharpersbazaarprod.vtexassets.com%2Farquivos%2Fids%2F417837%2Fimage_4.jpg%3Fv%3D638580546271400000""]","Prepare to embrace the cropped denim trend with our Demeter pants! Crafted for a tailored fit that accentuates your curves, these pants feature a bootcut design for a hint of retro charm. Elevate your style effortlessly and revel in both fashion and comfort with these essential bottoms.",https://shop.harpersbazaar.com/demeter-cropped-denim-pant-1722457826769-41596/p
Indigo Short - Bone,Christy Lynn,398.0,"[""https://harpersbazaarprod.vtexassets.com/unsafe/154x0/center/middle/filters:quality(60)/https%3A%2F%2Fharpersbazaarprod.vtexassets.com%2Farquivos%2Fids%2F417249%2Fimage_1.jpg%3Fv%3D638580474884030000"", ""https://harpersbazaarprod.vtexassets.com/unsafe/154x0/center/middle/filters:quality(60)/https%3A%2F%2Fharpersbazaarprod.vtexassets.com%2Farquivos%2Fids%2F417250%2Fimage_2.jpg%3Fv%3D638580474886530000""]","Our Classic Indigo Short is cut in a Sleek Bone Vegan Leather. These High-Waisted silhouette shorts are designed with a stationed cuff and elastic back for comfort. Complete with a removable self-tie belt.
Composition: Vegan Leather
Care: Dry Clean Only
Imported",https://shop.harpersbazaar.com/indigo-short-bone-1722450685194-41426/p
Maxi Skirt - Pink White,Missoni,1400.0,"[""https://harpersbazaarprod.vtexassets.com/unsafe/154x0/center/middle/filters:quality(60)/https%3A%2F%2Fharpersbazaarprod.vtexassets.com%2Farquivos%2Fids%2F416958%2Fimage_1.jpg%3Fv%3D638579776054500000"", ""https://harpersbazaarprod.vtexassets.com/unsafe/154x0/center/middle/filters:quality(60)/https%3A%2F%2Fharpersbazaarprod.vtexassets.com%2Farquivos%2Fids%2F416960%2Fimage_2.jpg%3Fv%3D638579776058530000"", ""https://harpersbazaarprod.vtexassets.com/unsafe/154x0/center/middle/filters:quality(60)/https%3A%2F%2Fharpersbazaarprod.vtexassets.com%2Farquivos%2Fids%2F416959%2Fimage_3.jpg%3Fv%3D638579776056830000"", ""https://harpersbazaarprod.vtexassets.com/unsafe/154x0/center/middle/filters:quality(60)/https%3A%2F%2Fharpersbazaarprod.vtexassets.com%2Farquivos%2Fids%2F416957%2Fimage_4.jpg%3Fv%3D638579776050270000""]","Missoni Knit Maxi Dress in Pink and White Multi.
Rayon Lurex Knit
Dry Clean
Imported",https://shop.harpersbazaar.com/maxi-skirt-pink-white-1722380804478-41332/p
Embroidered Pencil Skirt,Michael Kors Collection,3990.0,"[""https://harpersbazaarprod.vtexassets.com/unsafe/154x0/center/middle/filters:quality(60)/https%3A%2F%2Fharpersbazaarprod.vtexassets.com%2Farquivos%2Fids%2F416949%2Fimage_1.jpg%3Fv%3D638579776028370000"", ""https://harpersbazaarprod.vtexassets.com/unsafe/154x0/center/middle/filters:quality(60)/https%3A%2F%2Fharpersbazaarprod.vtexassets.com%2Farquivos%2Fids%2F416951%2Fimage_2.jpg%3Fv%3D638590824231670000"", ""https://harpersbazaarprod.vtexassets.com/unsafe/154x0/center/middle/filters:quality(60)/https%3A%2F%2Fharpersbazaarprod.vtexassets.com%2Farquivos%2Fids%2F416950%2Fimage_3.jpg%3Fv%3D638590824228070000""]","Get ready to turn heads in this showstopping gold-tone high-rise Pencil Skirt from Michael Kors. It features a Slim Silhouette with sparkling Sequin embroidery, concealed back zip closure, rear slit at hem and a mid-length.
82% Polyamide, 18% Elastane, Dry Clean
Made in India, US Sizing",https://shop.harpersbazaar.com/embroidered-pencil-skirt-1722380802395-41330/p
Embroidered Fishtail Skirt,Michael Kors Collection,3250.0,"[""https://harpersbazaarprod.vtexassets.com/unsafe/154x0/center/middle/filters:quality(60)/https%3A%2F%2Fharpersbazaarprod.vtexassets.com%2Farquivos%2Fids%2F416941%2Fimage_1.jpg%3Fv%3D638579934402630000"", ""https://harpersbazaarprod.vtexassets.com/unsafe/154x0/center/middle/filters:quality(60)/https%3A%2F%2Fharpersbazaarprod.vtexassets.com%2Farquivos%2Fids%2F416943%2Fimage_2.jpg%3Fv%3D638579934409200000"", ""https://harpersbazaarprod.vtexassets.com/unsafe/154x0/center/middle/filters:quality(60)/https%3A%2F%2Fharpersbazaarprod.vtexassets.com%2Farquivos%2Fids%2F416942%2Fimage_3.jpg%3Fv%3D638590824216600000"", ""https://harpersbazaarprod.vtexassets.com/unsafe/154x0/center/middle/filters:quality(60)/https%3A%2F%2Fharpersbazaarprod.vtexassets.com%2Farquivos%2Fids%2F416940%2Fimage_4.jpg%3Fv%3D638590824213230000"", ""https://harpersbazaarprod.vtexassets.com/unsafe/154x0/center/middle/filters:quality(60)/https%3A%2F%2Fharpersbazaarprod.vtexassets.com%2Farquivos%2Fids%2F416939%2Fimage_5.jpg%3Fv%3D638579934396300000""]","Michael Kors Embroidered Fishtail Skirt in Sand.
95% Polyester, 5% Elastane
Dry Clean
Made in Italy",https://shop.harpersbazaar.com/embroidered-fishtail-skirt-1722380799765-41328/p
Flare Trouser - White Multi,Missoni,1260.0,"[""https://harpersbazaarprod.vtexassets.com/unsafe/154x0/center/middle/filters:quality(60)/https%3A%2F%2Fharpersbazaarprod.vtexassets.com%2Farquivos%2Fids%2F416439%2Fimage_1.jpg%3Fv%3D638579774572800000"", ""https://harpersbazaarprod.vtexassets.com/unsafe/154x0/center/middle/filters:quality(60)/https%3A%2F%2Fharpersbazaarprod.vtexassets.com%2Farquivos%2Fids%2F416441%2Fimage_2.jpg%3Fv%3D638579774576870000"", ""https://harpersbazaarprod.vtexassets.com/unsafe/154x0/center/middle/filters:quality(60)/https%3A%2F%2Fharpersbazaarprod.vtexassets.com%2Farquivos%2Fids%2F416440%2Fimage_3.jpg%3Fv%3D638579774575000000"", ""https://harpersbazaarprod.vtexassets.com/unsafe/154x0/center/middle/filters:quality(60)/https%3A%2F%2Fharpersbazaarprod.vtexassets.com%2Farquivos%2Fids%2F416438%2Fimage_4.jpg%3Fv%3D638579774570770000""]","Missoni Flare Trouser in White Multi.
Wool Knit
Dry Clean
Imported",https://shop.harpersbazaar.com/flare-trouser-white-multi-1722380655469-41190/p
Sequin Denim Trousers,Missoni,1830.0,"[""https://harpersbazaarprod.vtexassets.com/unsafe/154x0/center/middle/filters:quality(60)/https%3A%2F%2Fharpersbazaarprod.vtexassets.com%2Farquivos%2Fids%2F416432%2Fimage_1.jpg%3Fv%3D638579774551830000"", ""https://harpersbazaarprod.vtexassets.com/unsafe/154x0/center/middle/filters:quality(60)/https%3A%2F%2Fharpersbazaarprod.vtexassets.com%2Farquivos%2Fids%2F416433%2Fimage_2.jpg%3Fv%3D638579774554030000""]","Missoni Sequin Denim Trouser in Dark Blue.
100% Cotton
Hi Rise
Machine Wash
Made in Italy",https://shop.harpersbazaar.com/sequin-denim-trousers-1722380654759-41188/p
Audrey Pant - Black,Adam Lippes,790.0,"[""https://harpersbazaarprod.vtexassets.com/unsafe/154x0/center/middle/filters:quality(60)/https%3A%2F%2Fharpersbazaarprod.vtexassets.com%2Farquivos%2Fids%2F415311%2Fimage_1.jpg%3Fv%3D638590770194500000"", ""https://harpersbazaarprod.vtexassets.com/unsafe/154x0/center/middle/filters:quality(60)/https%3A%2F%2Fharpersbazaarprod.vtexassets.com%2Farquivos%2Fids%2F415313%2Fimage_2.jpg%3Fv%3D638705952341170000"", ""https://harpersbazaarprod.vtexassets.com/unsafe/154x0/center/middle/filters:quality(60)/https%3A%2F%2Fharpersbazaarprod.vtexassets.com%2Farquivos%2Fids%2F415312%2Fimage_3.jpg%3Fv%3D638590770200600000""]","Adam Lippes cropped stretch pant in black.
66% Viscose, 32% Acetate, 2% Elastane
Dry Clean
Made in the United States ",https://shop.harpersbazaar.com/audrey-pant-black-1722375008977-40940/p
Classic Trouser in Stretch Viscose - Ivory,Co,695.0,"[""https://harpersbazaarprod.vtexassets.com/unsafe/154x0/center/middle/filters:quality(60)/https%3A%2F%2Fharpersbazaarprod.vtexassets.com%2Farquivos%2Fids%2F411198%2Fimage_1.jpg%3Fv%3D638587152144630000"", ""https://harpersbazaarprod.vtexassets.com/unsafe/154x0/center/middle/filters:quality(60)/https%3A%2F%2Fharpersbazaarprod.vtexassets.com%2Farquivos%2Fids%2F411200%2Fimage_2.jpg%3Fv%3D638587152150030000"", ""https://harpersbazaarprod.vtexassets.com/unsafe/154x0/center/middle/filters:quality(60)/https%3A%2F%2Fharpersbazaarprod.vtexassets.com%2Farquivos%2Fids%2F411199%2Fimage_3.jpg%3Fv%3D638587152147200000"", ""https://harpersbazaarprod.vtexassets.com/unsafe/154x0/center/middle/filters:quality(60)/https%3A%2F%2Fharpersbazaarprod.vtexassets.com%2Farquivos%2Fids%2F411197%2Fimage_4.jpg%3Fv%3D638587152142770000""]","Tailored for a relaxed fit. Generously cut in fluid viscose cady with double front pleat detail. Softly tapered at ankle.

Details

97% Viscose, 3% Elastane
5007MBND-ESSN

Relaxed fit. Size down to achieve a slimmer fit.
Inseam 31.5"" across all sizes.
Model is 5'9"" with 24"" waist and wears a size 2.",https://shop.harpersbazaar.com/classic-trouser-in-stretch-viscose-ivory-1722290945778-39836/p
Eris Baby Houndstooth Blazer,THEO The Label,375.0,"[""https://harpersbazaarprod.vtexassets.com/unsafe/154x0/center/middle/filters:quality(60)/https%3A%2F%2Fharpersbazaarprod.vtexassets.com%2Farquivos%2Fids%2F418216%2Fimage_1.jpg%3Fv%3D638580547236100000"", ""https://harpersbazaarprod.vtexassets.com/unsafe/154x0/center/middle/filters:quality(60)/https%3A%2F%2Fharpersbazaarprod.vtexassets.com%2Farquivos%2Fids%2F418218%2Fimage_2.jpg%3Fv%3D638591742112470000"", ""https://harpersbazaarprod.vtexassets.com/unsafe/154x0/center/middle/filters:quality(60)/https%3A%2F%2Fharpersbazaarprod.vtexassets.com%2Farquivos%2Fids%2F418217%2Fimage_3.jpg%3Fv%3D638580547239530000"", ""https://harpersbazaarprod.vtexassets.com/unsafe/154x0/center/middle/filters:quality(60)/https%3A%2F%2Fharpersbazaarprod.vtexassets.com%2Farquivos%2Fids%2F418215%2Fimage_4.jpg%3Fv%3D638591742108570000"", ""https://harpersbazaarprod.vtexassets.com/unsafe/154x0/center/middle/filters:quality(60)/https%3A%2F%2Fharpersbazaarprod.vtexassets.com%2Farquivos%2Fids%2F418214%2Fimage_5.jpg%3Fv%3D638591742105530000""]","Upgrade your wardrobe with the Eris Baby Houndstooth Blazer. This stylish piece features a classic houndstooth print for a touch of sophistication. Crafted from quality materials, it effortlessly blends comfort and style, making it a must-have for the fashion-forward individual.",https://shop.harpersbazaar.com/eris-baby-houndstooth-blazer-1722457922541-41663/p
Aphrodite Shrunken Jacket,THEO The Label,325.0,"[""https://harpersbazaarprod.vtexassets.com/unsafe/154x0/center/middle/filters:quality(60)/https%3A%2F%2Fharpersbazaarprod.vtexassets.com%2Farquivos%2Fids%2F418238%2Fimage_1.jpg%3Fv%3D638580547305830000"", ""https://harpersbazaarprod.vtexassets.com/unsafe/154x0/center/middle/filters:quality(60)/https%3A%2F%2Fharpersbazaarprod.vtexassets.com%2Farquivos%2Fids%2F418240%2Fimage_2.jpg%3Fv%3D638591688204170000"", ""https://harpersbazaarprod.vtexassets.com/unsafe/154x0/center/middle/filters:quality(60)/https%3A%2F%2Fharpersbazaarprod.vtexassets.com%2Farquivos%2Fids%2F418239%2Fimage_3.jpg%3Fv%3D638591688202900000""]","Introducing the Aphrodite Shrunken Jacket: An exquisite blend of sophistication and charm. Crafted with meticulous attention to detail, this tailored masterpiece features front pockets that marry practicality with style, elevating your wardrobe to new heights. Designed to flatter every curve, it's the quintessential choice for discerning fashion enthusiasts craving opulent luxury.",https://shop.harpersbazaar.com/aphrodite-shrunken-jacket-1722457929819-41668/p
Refined Suiting Double Breasted Mini Dress,Rebecca Taylor,550.0,"[""https://harpersbazaarprod.vtexassets.com/unsafe/154x0/center/middle/filters:quality(60)/https%3A%2F%2Fharpersbazaarprod.vtexassets.com%2Farquivos%2Fids%2F658252%2Fimage_1.jpg%3Fv%3D638688150139830000"", ""https://harpersbazaarprod.vtexassets.com/unsafe/154x0/center/middle/filters:quality(60)/https%3A%2F%2Fharpersbazaarprod.vtexassets.com%2Farquivos%2Fids%2F658254%2Fimage_2.jpg%3Fv%3D638688150143000000"", ""https://harpersbazaarprod.vtexassets.com/unsafe/154x0/center/middle/filters:quality(60)/https%3A%2F%2Fharpersbazaarprod.vtexassets.com%2Farquivos%2Fids%2F658253%2Fimage_3.jpg%3Fv%3D638688150141470000"", ""https://harpersbazaarprod.vtexassets.com/unsafe/154x0/center/middle/filters:quality(60)/https%3A%2F%2Fharpersbazaarprod.vtexassets.com%2Farquivos%2Fids%2F658250%2Fimage_4.jpg%3Fv%3D638681743880700000"", ""https://harpersbazaarprod.vtexassets.com/unsafe/154x0/center/middle/filters:quality(60)/https%3A%2F%2Fharpersbazaarprod.vtexassets.com%2Farquivos%2Fids%2F658249%2Fimage_5.jpg%3Fv%3D638688150137630000"", ""https://harpersbazaarprod.vtexassets.com/unsafe/154x0/center/middle/filters:quality(60)/https%3A%2F%2Fharpersbazaarprod.vtexassets.com%2Farquivos%2Fids%2F658251%2Fimage_6.jpg%3Fv%3D638688150138570000""]","This chic and sophisticated piece features a double-breasted front for a tailored look. The sleeveless design and mini length add a modern touch, perfect for both professional settings and stylish evenings out. Effortlessly versatile, this dress combines elegance and contemporary flair.",https://shop.harpersbazaar.com/refined-suiting-double-breasted-mini-dress-1732647638115-97830/p
Hazy Dot Dress,Rebecca Taylor,530.0,"[""https://harpersbazaarprod.vtexassets.com/unsafe/154x0/center/middle/filters:quality(60)/https%3A%2F%2Fharpersbazaarprod.vtexassets.com%2Farquivos%2Fids%2F658366%2Fimage_1.jpg%3Fv%3D638681744104700000"", ""https://harpersbazaarprod.vtexassets.com/unsafe/154x0/center/middle/filters:quality(60)/https%3A%2F%2Fharpersbazaarprod.vtexassets.com%2Farquivos%2Fids%2F658368%2Fimage_2.jpg%3Fv%3D638688222265400000"", ""https://harpersbazaarprod.vtexassets.com/unsafe/154x0/center/middle/filters:quality(60)/https%3A%2F%2Fharpersbazaarprod.vtexassets.com%2Farquivos%2Fids%2F658367%2Fimage_3.jpg%3Fv%3D638688222263400000"", ""https://harpersbazaarprod.vtexassets.com/unsafe/154x0/center/middle/filters:quality(60)/https%3A%2F%2Fharpersbazaarprod.vtexassets.com%2Farquivos%2Fids%2F658365%2Fimage_4.jpg%3Fv%3D638688222262600000"", ""https://harpersbazaarprod.vtexassets.com/unsafe/154x0/center/middle/filters:quality(60)/https%3A%2F%2Fharpersbazaarprod.vtexassets.com%2Farquivos%2Fids%2F658364%2Fimage_5.jpg%3Fv%3D638688222261500000""]","This alluring tie Neck Dress in a deep navy combo showcases a playful geometric print, perfect for day-to-night versatility. The elegant tie neck detail adds a touch of sophistication, while the Fabric Blend ensures comfort and ease of movement.

• Navy-colored with light geometric pattern
• Tie neck detail for adjustable styling
• Long sleeves with fitted silhouette
• Keyhole back cutout
• 97% Polyester, 3% Spandex
• Dry Clean Only",https://shop.harpersbazaar.com/hazy-dot-dress-1732577604658-97851/p
Rory Maxi Shirtdress Blackout,Frank & Eileen,398.0,"[""https://harpersbazaarprod.vtexassets.com/unsafe/154x0/center/middle/filters:quality(60)/https%3A%2F%2Fharpersbazaarprod.vtexassets.com%2Farquivos%2Fids%2F430543%2Fimage_1.jpg%3Fv%3D638585659476600000"", ""https://harpersbazaarprod.vtexassets.com/unsafe/154x0/center/middle/filters:quality(60)/https%3A%2F%2Fharpersbazaarprod.vtexassets.com%2Farquivos%2Fids%2F430545%2Fimage_2.jpg%3Fv%3D638585659485530000"", ""https://harpersbazaarprod.vtexassets.com/unsafe/154x0/center/middle/filters:quality(60)/https%3A%2F%2Fharpersbazaarprod.vtexassets.com%2Farquivos%2Fids%2F430544%2Fimage_3.jpg%3Fv%3D638585659481000000"", ""https://harpersbazaarprod.vtexassets.com/unsafe/154x0/center/middle/filters:quality(60)/https%3A%2F%2Fharpersbazaarprod.vtexassets.com%2Farquivos%2Fids%2F430542%2Fimage_4.jpg%3Fv%3D638585659475370000""]","The Rory Maxi Shirt Dress in Blackout by Frank and Eileen is a full-length dress featuring a slimming silhouette, statement chest pocket and full-length sleeves perfect for rolling up for a more casual effect",https://shop.harpersbazaar.com/rory-maxi-shirtdress-blackout-1722969147046-43971/p
Long Sleeve Shirt Dress  in Crepe - Ivory,Co,795.0,"[""https://harpersbazaarprod.vtexassets.com/unsafe/154x0/center/middle/filters:quality(60)/https%3A%2F%2Fharpersbazaarprod.vtexassets.com%2Farquivos%2Fids%2F411876%2Fimage_1.jpg%3Fv%3D638578879265300000"", ""https://harpersbazaarprod.vtexassets.com/unsafe/154x0/center/middle/filters:quality(60)/https%3A%2F%2Fharpersbazaarprod.vtexassets.com%2Farquivos%2Fids%2F411878%2Fimage_2.jpg%3Fv%3D638587404247500000"", ""https://harpersbazaarprod.vtexassets.com/unsafe/154x0/center/middle/filters:quality(60)/https%3A%2F%2Fharpersbazaarprod.vtexassets.com%2Farquivos%2Fids%2F411877%2Fimage_3.jpg%3Fv%3D638587404245670000"", ""https://harpersbazaarprod.vtexassets.com/unsafe/154x0/center/middle/filters:quality(60)/https%3A%2F%2Fharpersbazaarprod.vtexassets.com%2Farquivos%2Fids%2F411875%2Fimage_4.jpg%3Fv%3D638578879263600000""]","A Midi-Length A-Line Dress in a fluid Stretch Viscose, featuring a half zip detail at front.

Details

Ivory Midi-Length Dress
Stretch Viscose
Pointed collar
Half-zip closure at bodice front
A-Line Skirt
Box pleat at Skirt front
97% Viscose, 3% Elastane
4471MBND-ESSN

Size and Fit

Designed for a relaxed fit. Size down for a slimmer fit.
Model is 5'10"" and wears a size Small.",https://shop.harpersbazaar.com/long-sleeve-shirt-dress-in-crepe-ivory-1722291125675-40036/p
Turi Mesh Dress - Adwa Multi Print,Andrea Iyamah,390.0,"[""https://harpersbazaarprod.vtexassets.com/unsafe/154x0/center/middle/filters:quality(60)/https%3A%2F%2Fharpersbazaarprod.vtexassets.com%2Farquivos%2Fids%2F676766%2Fimage_1.jpg%3Fv%3D638691030114870000"", ""https://harpersbazaarprod.vtexassets.com/unsafe/154x0/center/middle/filters:quality(60)/https%3A%2F%2Fharpersbazaarprod.vtexassets.com%2Farquivos%2Fids%2F676768%2Fimage_2.jpg%3Fv%3D638691030117830000"", ""https://harpersbazaarprod.vtexassets.com/unsafe/154x0/center/middle/filters:quality(60)/https%3A%2F%2Fharpersbazaarprod.vtexassets.com%2Farquivos%2Fids%2F676767%2Fimage_3.jpg%3Fv%3D638691030116570000"", ""https://harpersbazaarprod.vtexassets.com/unsafe/154x0/center/middle/filters:quality(60)/https%3A%2F%2Fharpersbazaarprod.vtexassets.com%2Farquivos%2Fids%2F676761%2Fimage_4.jpg%3Fv%3D638691030105030000"", ""https://harpersbazaarprod.vtexassets.com/unsafe/154x0/center/middle/filters:quality(60)/https%3A%2F%2Fharpersbazaarprod.vtexassets.com%2Farquivos%2Fids%2F676760%2Fimage_5.jpg%3Fv%3D638691030103330000"", ""https://harpersbazaarprod.vtexassets.com/unsafe/154x0/center/middle/filters:quality(60)/https%3A%2F%2Fharpersbazaarprod.vtexassets.com%2Farquivos%2Fids%2F676764%2Fimage_6.jpg%3Fv%3D638691030111730000"", ""https://harpersbazaarprod.vtexassets.com/unsafe/154x0/center/middle/filters:quality(60)/https%3A%2F%2Fharpersbazaarprod.vtexassets.com%2Farquivos%2Fids%2F676762%2Fimage_7.jpg%3Fv%3D638691030106300000"", ""https://harpersbazaarprod.vtexassets.com/unsafe/154x0/center/middle/filters:quality(60)/https%3A%2F%2Fharpersbazaarprod.vtexassets.com%2Farquivos%2Fids%2F676759%2Fimage_8.jpg%3Fv%3D638691030101370000"", ""https://harpersbazaarprod.vtexassets.com/unsafe/154x0/center/middle/filters:quality(60)/https%3A%2F%2Fharpersbazaarprod.vtexassets.com%2Farquivos%2Fids%2F676757%2Fimage_9.jpg%3Fv%3D638691030097900000"", ""https://harpersbazaarprod.vtexassets.com/unsafe/154x0/center/middle/filters:quality(60)/https%3A%2F%2Fharpersbazaarprod.vtexassets.com%2Farquivos%2Fids%2F676758%2Fimage_10.jpg%3Fv%3D638691030099800000"", ""https://harpersbazaarprod.vtexassets.com/unsafe/154x0/center/middle/filters:quality(60)/https%3A%2F%2Fharpersbazaarprod.vtexassets.com%2Farquivos%2Fids%2F676765%2Fimage_11.jpg%3Fv%3D638691030113900000"", ""https://harpersbazaarprod.vtexassets.com/unsafe/154x0/center/middle/filters:quality(60)/https%3A%2F%2Fharpersbazaarprod.vtexassets.com%2Farquivos%2Fids%2F676763%2Fimage_12.jpg%3Fv%3D638691030110170000""]","The Turi Mesh Dress combines style, comfort and sophistication seamlessly. This Bodycon Dress features super soft mesh fabric that not only feels luxurious against your skin but also creates a lightweight and breathable fit. The layers of mesh give the dress a dimensional and dynamic quality, adding depth and texture to the overall design. The one-shoulder mono long sleeve design adds a modern and contemporary touch to the dress. It showcases your shoulder and collarbone beautifully, creating a flattering and alluring silhouette. The dramatic swoop slit on the thigh adds a sense of drama and sophistication, allowing glimpses of skin as you move.

Shell 95% Polyester / 5% Spandex
One sleeve bodycon ankle length dress
Printed Mesh Fabric top layer drapes across body
Fixed gathered tunnel across front neckline and down RHS bodice with long ties
Angled hem
High thigh front slit
Invisible side seam zip closure
Fully lined
Hand Wash Cold, Iron low Heat, Line Dry
100% Polyester Lining
Model is wearing S size",https://shop.harpersbazaar.com/turi-mesh-dress-adwa-multi-print-1733195301152-99968/p
Collo Bodysuit - Onyx,Andrea Iyamah,120.0,"[""https://harpersbazaarprod.vtexassets.com/unsafe/154x0/center/middle/filters:quality(60)/https%3A%2F%2Fharpersbazaarprod.vtexassets.com%2Farquivos%2Fids%2F677096%2Fimage_1.jpg%3Fv%3D638690814198700000"", ""https://harpersbazaarprod.vtexassets.com/unsafe/154x0/center/middle/filters:quality(60)/https%3A%2F%2Fharpersbazaarprod.vtexassets.com%2Farquivos%2Fids%2F677098%2Fimage_2.jpg%3Fv%3D638690814205670000"", ""https://harpersbazaarprod.vtexassets.com/unsafe/154x0/center/middle/filters:quality(60)/https%3A%2F%2Fharpersbazaarprod.vtexassets.com%2Farquivos%2Fids%2F677097%2Fimage_3.jpg%3Fv%3D638690814202300000"", ""https://harpersbazaarprod.vtexassets.com/unsafe/154x0/center/middle/filters:quality(60)/https%3A%2F%2Fharpersbazaarprod.vtexassets.com%2Farquivos%2Fids%2F677093%2Fimage_4.jpg%3Fv%3D638690814195100000"", ""https://harpersbazaarprod.vtexassets.com/unsafe/154x0/center/middle/filters:quality(60)/https%3A%2F%2Fharpersbazaarprod.vtexassets.com%2Farquivos%2Fids%2F677092%2Fimage_5.jpg%3Fv%3D638690814193100000"", ""https://harpersbazaarprod.vtexassets.com/unsafe/154x0/center/middle/filters:quality(60)/https%3A%2F%2Fharpersbazaarprod.vtexassets.com%2Farquivos%2Fids%2F677095%2Fimage_6.jpg%3Fv%3D638690814196200000"", ""https://harpersbazaarprod.vtexassets.com/unsafe/154x0/center/middle/filters:quality(60)/https%3A%2F%2Fharpersbazaarprod.vtexassets.com%2Farquivos%2Fids%2F677094%2Fimage_7.jpg%3Fv%3D638687921784130000"", ""https://harpersbazaarprod.vtexassets.com/unsafe/154x0/center/middle/filters:quality(60)/https%3A%2F%2Fharpersbazaarprod.vtexassets.com%2Farquivos%2Fids%2F677091%2Fimage_8.jpg%3Fv%3D638690814191830000"", ""https://harpersbazaarprod.vtexassets.com/unsafe/154x0/center/middle/filters:quality(60)/https%3A%2F%2Fharpersbazaarprod.vtexassets.com%2Farquivos%2Fids%2F677090%2Fimage_9.jpg%3Fv%3D638690814187300000""]","The Collo Turtleneck bodysuit in the New Onyx Color is the perfect accessory 
to your fall wardrobe. Featuring a Melange of a High Neckline, Long Sleeves and a Thong Bottom Design, it flatters the femini form to complement bottoms to achieve a clean look
•	Fabric Content
•	Knit, Printed Mesh Bodysuit
•	Snap Opening at Crotch
•	Lined Thong- Panty with Snap Closure
•	Fitted Long Sleeves
•	Turtleneck
•	Lining: Unlined
•	Wash Instructions
•	Model Size: 5'8 and wears a size S",https://shop.harpersbazaar.com/collo-bodysuit-onyx-1733195377203-99999/p
La Musica Mini Dress - Multi,ALÉMAIS,470.0,"[""https://harpersbazaarprod.vtexassets.com/unsafe/154x0/center/middle/filters:quality(60)/https%3A%2F%2Fharpersbazaarprod.vtexassets.com%2Farquivos%2Fids%2F610659%2Fimage_1.jpg%3Fv%3D638665241405100000"", ""https://harpersbazaarprod.vtexassets.com/unsafe/154x0/center/middle/filters:quality(60)/https%3A%2F%2Fharpersbazaarprod.vtexassets.com%2Farquivos%2Fids%2F610661%2Fimage_2.jpg%3Fv%3D638665241410030000"", ""https://harpersbazaarprod.vtexassets.com/unsafe/154x0/center/middle/filters:quality(60)/https%3A%2F%2Fharpersbazaarprod.vtexassets.com%2Farquivos%2Fids%2F610660%2Fimage_3.jpg%3Fv%3D638670299339930000"", ""https://harpersbazaarprod.vtexassets.com/unsafe/154x0/center/middle/filters:quality(60)/https%3A%2F%2Fharpersbazaarprod.vtexassets.com%2Farquivos%2Fids%2F610658%2Fimage_4.jpg%3Fv%3D638670299337600000""]","The ALÉMAIS La Musica Mini Dress is crafted in their one-of-a-kind print. This shirtdress features a playful mini length and self tie waistband in European Linen. Wear yours with loafers and a crossbody bag. 
 
Fit Description

Fits true to size, take your normal size 
Shirtdress 
Mini length 
Relaxed fit 
Self tie belt 
Point collar 
100% European Flax Linen
Harriet is wearing a size 6/ 2 US

Model Measurements

Bust: 32""
Waist: 24""
Hips: 30.5""
Height: 5’8.5”",https://shop.harpersbazaar.com/la-musica-mini-dress-in-multi-1730927310835-86122/p
Nikiya Dress - Midnight Garden,Christy Lynn,875.0,"[""https://harpersbazaarprod.vtexassets.com/unsafe/154x0/center/middle/filters:quality(60)/https%3A%2F%2Fharpersbazaarprod.vtexassets.com%2Farquivos%2Fids%2F492355%2Fimage_1.jpg%3Fv%3D638622828547470000"", ""https://harpersbazaarprod.vtexassets.com/unsafe/154x0/center/middle/filters:quality(60)/https%3A%2F%2Fharpersbazaarprod.vtexassets.com%2Farquivos%2Fids%2F492357%2Fimage_2.jpg%3Fv%3D638622828553270000"", ""https://harpersbazaarprod.vtexassets.com/unsafe/154x0/center/middle/filters:quality(60)/https%3A%2F%2Fharpersbazaarprod.vtexassets.com%2Farquivos%2Fids%2F492356%2Fimage_3.jpg%3Fv%3D638622828549970000"", ""https://harpersbazaarprod.vtexassets.com/unsafe/154x0/center/middle/filters:quality(60)/https%3A%2F%2Fharpersbazaarprod.vtexassets.com%2Farquivos%2Fids%2F492353%2Fimage_4.jpg%3Fv%3D638617735635000000"", ""https://harpersbazaarprod.vtexassets.com/unsafe/154x0/center/middle/filters:quality(60)/https%3A%2F%2Fharpersbazaarprod.vtexassets.com%2Farquivos%2Fids%2F492352%2Fimage_5.jpg%3Fv%3D638622828542230000"", ""https://harpersbazaarprod.vtexassets.com/unsafe/154x0/center/middle/filters:quality(60)/https%3A%2F%2Fharpersbazaarprod.vtexassets.com%2Farquivos%2Fids%2F492354%2Fimage_6.jpg%3Fv%3D638622828544600000""]","This mid-length, asymmetrical dress combines sexy and feminine into one look with the fitted waist and the elegant flow of the skirt. The Nikiya Dress is crafted in our custom floral silk burnout, making this special number a statement in any wardrobe. 
It fastens with an invisible zipper at the side and features a neck sash that lends a timeless grace.
Complete with a nude stretch slip.
Composition: Silk Burnout
Care: Dry Clean Only
Imported.",https://shop.harpersbazaar.com/nikiya-dress-midnight-garden-1726176743545-58258/p
Zia Corset Blazer Dress - Pumpkin,Andrea Iyamah,395.0,"[""https://harpersbazaarprod.vtexassets.com/unsafe/154x0/center/middle/filters:quality(60)/https%3A%2F%2Fharpersbazaarprod.vtexassets.com%2Farquivos%2Fids%2F676486%2Fimage_1.jpg%3Fv%3D638687920681330000"", ""https://harpersbazaarprod.vtexassets.com/unsafe/154x0/center/middle/filters:quality(60)/https%3A%2F%2Fharpersbazaarprod.vtexassets.com%2Farquivos%2Fids%2F676488%2Fimage_2.jpg%3Fv%3D638691066137030000"", ""https://harpersbazaarprod.vtexassets.com/unsafe/154x0/center/middle/filters:quality(60)/https%3A%2F%2Fharpersbazaarprod.vtexassets.com%2Farquivos%2Fids%2F676487%2Fimage_3.jpg%3Fv%3D638691066135600000"", ""https://harpersbazaarprod.vtexassets.com/unsafe/154x0/center/middle/filters:quality(60)/https%3A%2F%2Fharpersbazaarprod.vtexassets.com%2Farquivos%2Fids%2F676483%2Fimage_4.jpg%3Fv%3D638691066132170000"", ""https://harpersbazaarprod.vtexassets.com/unsafe/154x0/center/middle/filters:quality(60)/https%3A%2F%2Fharpersbazaarprod.vtexassets.com%2Farquivos%2Fids%2F676482%2Fimage_5.jpg%3Fv%3D638691066130770000"", ""https://harpersbazaarprod.vtexassets.com/unsafe/154x0/center/middle/filters:quality(60)/https%3A%2F%2Fharpersbazaarprod.vtexassets.com%2Farquivos%2Fids%2F676485%2Fimage_6.jpg%3Fv%3D638691066134670000"", ""https://harpersbazaarprod.vtexassets.com/unsafe/154x0/center/middle/filters:quality(60)/https%3A%2F%2Fharpersbazaarprod.vtexassets.com%2Farquivos%2Fids%2F676484%2Fimage_7.jpg%3Fv%3D638691066133270000"", ""https://harpersbazaarprod.vtexassets.com/unsafe/154x0/center/middle/filters:quality(60)/https%3A%2F%2Fharpersbazaarprod.vtexassets.com%2Farquivos%2Fids%2F676481%2Fimage_8.jpg%3Fv%3D638691066130000000"", ""https://harpersbazaarprod.vtexassets.com/unsafe/154x0/center/middle/filters:quality(60)/https%3A%2F%2Fharpersbazaarprod.vtexassets.com%2Farquivos%2Fids%2F676479%2Fimage_9.jpg%3Fv%3D638687920670200000"", ""https://harpersbazaarprod.vtexassets.com/unsafe/154x0/center/middle/filters:quality(60)/https%3A%2F%2Fharpersbazaarprod.vtexassets.com%2Farquivos%2Fids%2F676480%2Fimage_10.jpg%3Fv%3D638687920671770000""]","The Zia Corset Blazer Dress is a classic, designed to back up the confidence of the wearer. Tailored to a loose fit without the belt and a fitted look with its accompanying belt, this look has comfort and versatility at its best.

92% Polyester 8% Spandex
Cut straight from armhole
Deep V-Neckline with notch lapels
Removable lace up-corset belt included
Corset belt has boning
Functional flap pockets
Center front button closure
Long back vent for ease of walking
Inseam 34.5""
Dry Clean
Lining: 100% Polyester
Model (S) is 5'8 and wears a size S",https://shop.harpersbazaar.com/zia-corset-blazer-dress-pumpkin-1733195249272-99939/p
The Virginia Dress,Kirna Zabête,395.0,"[""https://harpersbazaarprod.vtexassets.com/unsafe/154x0/center/middle/filters:quality(60)/https%3A%2F%2Fharpersbazaarprod.vtexassets.com%2Farquivos%2Fids%2F533351%2Fimage_1.jpg%3Fv%3D638633918130170000"", ""https://harpersbazaarprod.vtexassets.com/unsafe/154x0/center/middle/filters:quality(60)/https%3A%2F%2Fharpersbazaarprod.vtexassets.com%2Farquivos%2Fids%2F533353%2Fimage_2.jpg%3Fv%3D638633918133930000"", ""https://harpersbazaarprod.vtexassets.com/unsafe/154x0/center/middle/filters:quality(60)/https%3A%2F%2Fharpersbazaarprod.vtexassets.com%2Farquivos%2Fids%2F533352%2Fimage_3.jpg%3Fv%3D638633918132070000"", ""https://harpersbazaarprod.vtexassets.com/unsafe/154x0/center/middle/filters:quality(60)/https%3A%2F%2Fharpersbazaarprod.vtexassets.com%2Farquivos%2Fids%2F533350%2Fimage_4.jpg%3Fv%3D638633918128130000""]","The Virginia Dress offers an effortless elegance and timeless feel in this belted shirt dress silhouette. Featuring a point collar and cap sleeves, the Virginia Dress has front button fastening with a removable belt for a cinched waistline. Complete with a ruffled hem for added volume, this dress will be your no-brainer style throughout the summer. Did we mention it has pockets? Designed by founder Beth Buccini.

Composition: 96% Cotton, 4% Spandex
Size and Fit: Runs True to Size. Model is 5'9"" and wears a size S.
Care Instructions: Dry Clean Only
Origin: Made in USA
SKU: KZ48PNIA-WHT",https://shop.harpersbazaar.com/the-virginia-dress-1727795012087-68345/p
Damien Dress,Tanya Taylor,495.0,"[""https://harpersbazaarprod.vtexassets.com/unsafe/154x0/center/middle/filters:quality(60)/https%3A%2F%2Fharpersbazaarprod.vtexassets.com%2Farquivos%2Fids%2F690418%2Fimage_1.jpg%3Fv%3D638699580217400000"", ""https://harpersbazaarprod.vtexassets.com/unsafe/154x0/center/middle/filters:quality(60)/https%3A%2F%2Fharpersbazaarprod.vtexassets.com%2Farquivos%2Fids%2F691916%2Fimage_2.jpg%3Fv%3D638699580221000000"", ""https://harpersbazaarprod.vtexassets.com/unsafe/154x0/center/middle/filters:quality(60)/https%3A%2F%2Fharpersbazaarprod.vtexassets.com%2Farquivos%2Fids%2F691915%2Fimage_3.jpg%3Fv%3D638699580218970000"", ""https://harpersbazaarprod.vtexassets.com/unsafe/154x0/center/middle/filters:quality(60)/https%3A%2F%2Fharpersbazaarprod.vtexassets.com%2Farquivos%2Fids%2F691914%2Fimage_4.jpg%3Fv%3D638699580216000000"", ""https://harpersbazaarprod.vtexassets.com/unsafe/154x0/center/middle/filters:quality(60)/https%3A%2F%2Fharpersbazaarprod.vtexassets.com%2Farquivos%2Fids%2F691913%2Fimage_5.jpg%3Fv%3D638699580214570000""]","Designed in a luxe scuba crepe, the Damien Dress is a statement midi that's a staple for any closet.

Featuring a figure-grazing fit with a twist at the waist and feminine cap sleeves, Damien is universally flattering and ideal for any event.

Style the Damien Dress with your favorite pair of heels for an evening look.

Product Details

• Midi length
• V-Neck
• Cap sleeve
• Unlined
• Scuba crepe
• Twisted knot detail at waist
• Front slit
• Hidden center back zipper

Fit Details:

• True to size
• Klara is 5'9"" and wears a size 2
• Dress is 49"" long from high point shoulder",https://shop.harpersbazaar.com/damien-dress-1734105675426-102168/p
Cody Dress,Tanya Taylor,365.0,"[""https://harpersbazaarprod.vtexassets.com/unsafe/154x0/center/middle/filters:quality(60)/https%3A%2F%2Fharpersbazaarprod.vtexassets.com%2Farquivos%2Fids%2F690420%2Fimage_1.jpg%3Fv%3D638699616069200000"", ""https://harpersbazaarprod.vtexassets.com/unsafe/154x0/center/middle/filters:quality(60)/https%3A%2F%2Fharpersbazaarprod.vtexassets.com%2Farquivos%2Fids%2F692085%2Fimage_2.jpg%3Fv%3D638699616072000000"", ""https://harpersbazaarprod.vtexassets.com/unsafe/154x0/center/middle/filters:quality(60)/https%3A%2F%2Fharpersbazaarprod.vtexassets.com%2Farquivos%2Fids%2F692084%2Fimage_3.jpg%3Fv%3D638699616071530000"", ""https://harpersbazaarprod.vtexassets.com/unsafe/154x0/center/middle/filters:quality(60)/https%3A%2F%2Fharpersbazaarprod.vtexassets.com%2Farquivos%2Fids%2F692083%2Fimage_4.jpg%3Fv%3D638699616068100000"", ""https://harpersbazaarprod.vtexassets.com/unsafe/154x0/center/middle/filters:quality(60)/https%3A%2F%2Fharpersbazaarprod.vtexassets.com%2Farquivos%2Fids%2F692082%2Fimage_5.jpg%3Fv%3D638699616067500000""]","An update to our instantly best-selling style, the Cody Dress is back with the same signature figure-grazing silhouette and cotton rugby stripe, in a new seasonal colorway.

Featuring long sleeves and a side slit with a twist knot detail at the waist, Cody is an ultra-flattering style with a soft hand feel.

Style the Cody Dress back to your favorite heels or boots for a day-to-night look.

Product Details:

• Midi length
• Crew neckline
• Long sleeve
• Unlined
• Cotton rugby stripe
• Twisted knot detail at the waist
• Side slit
• Pull on

Fit Details:

• True to size
• Klara is 5'9"" and wears a size S
• Tomie is 5'8"" and wears a size XL
• Dress is 49"" long from high point shoulder",https://shop.harpersbazaar.com/cody-dress-1734105671790-102170/p
Rosa Dress - Midnight Waterlily,Christy Lynn,575.0,"[""https://harpersbazaarprod.vtexassets.com/unsafe/154x0/center/middle/filters:quality(60)/https%3A%2F%2Fharpersbazaarprod.vtexassets.com%2Farquivos%2Fids%2F492458%2Fimage_1.jpg%3Fv%3D638622756278000000"", ""https://harpersbazaarprod.vtexassets.com/unsafe/154x0/center/middle/filters:quality(60)/https%3A%2F%2Fharpersbazaarprod.vtexassets.com%2Farquivos%2Fids%2F492459%2Fimage_2.jpg%3Fv%3D638622756279070000""]","Fabricated in our new and striking silk burnout, the Rosa Dress is a shapeless halter dress that falls to the mid-thigh. It is designed in our Midnight Waterlily print that lends bold jewel tones to your Fall wardrobe. This dress features a chic tie-neck detail, open slits at the sides and comes to a fitted silhouette with a self-tie belt at the waist. It is complete with an attached printed lining and self-covered buttons at the back neck for closure.

Composition: Silk Burnout
Care: Dry Clean Only
Imported.",https://shop.harpersbazaar.com/rosa-dress-midnight-waterlily-1726176754421-58278/p
Nyx Bodysuit,Live The Process,175.0,"[""https://harpersbazaarprod.vtexassets.com/unsafe/154x0/center/middle/filters:quality(60)/https%3A%2F%2Fharpersbazaarprod.vtexassets.com%2Farquivos%2Fids%2F628731%2Fimage_1.jpg%3Fv%3D638670299769200000"", ""https://harpersbazaarprod.vtexassets.com/unsafe/154x0/center/middle/filters:quality(60)/https%3A%2F%2Fharpersbazaarprod.vtexassets.com%2Farquivos%2Fids%2F628733%2Fimage_2.jpg%3Fv%3D638671879450800000"", ""https://harpersbazaarprod.vtexassets.com/unsafe/154x0/center/middle/filters:quality(60)/https%3A%2F%2Fharpersbazaarprod.vtexassets.com%2Farquivos%2Fids%2F628732%2Fimage_3.jpg%3Fv%3D638671879446030000""]",Double take. A knit mesh Bodysuit in a classic leotard silhouette with a sheer panel to pique your interest.,https://shop.harpersbazaar.com/nyx-bodysuit-1731433176532-90470/p
The Josephine Dress,Kirna Zabête,425.0,"[""https://harpersbazaarprod.vtexassets.com/unsafe/154x0/center/middle/filters:quality(60)/https%3A%2F%2Fharpersbazaarprod.vtexassets.com%2Farquivos%2Fids%2F533375%2Fimage_1.jpg%3Fv%3D638633918217000000"", ""https://harpersbazaarprod.vtexassets.com/unsafe/154x0/center/middle/filters:quality(60)/https%3A%2F%2Fharpersbazaarprod.vtexassets.com%2Farquivos%2Fids%2F533377%2Fimage_2.jpg%3Fv%3D638641512132100000"", ""https://harpersbazaarprod.vtexassets.com/unsafe/154x0/center/middle/filters:quality(60)/https%3A%2F%2Fharpersbazaarprod.vtexassets.com%2Farquivos%2Fids%2F533376%2Fimage_3.jpg%3Fv%3D638641512127730000"", ""https://harpersbazaarprod.vtexassets.com/unsafe/154x0/center/middle/filters:quality(60)/https%3A%2F%2Fharpersbazaarprod.vtexassets.com%2Farquivos%2Fids%2F533374%2Fimage_4.jpg%3Fv%3D638641512124770000"", ""https://harpersbazaarprod.vtexassets.com/unsafe/154x0/center/middle/filters:quality(60)/https%3A%2F%2Fharpersbazaarprod.vtexassets.com%2Farquivos%2Fids%2F533373%2Fimage_5.jpg%3Fv%3D638641512122730000""]","The Josephine Dress, named for Beth's older daughter, has been brought back with an even better fit. The bodice features boning that holds nicely, while the Skirt is detailed with romantic tiers. Made in our signature Lightweight Cotton, this version comes in a flattering Pastel Blue. Designed by founder Beth Buccini.

• Composition: 96% Cotton, 4% Spandex
• Size and Fit: Runs True to Size. Model is 5'9"" and wears a size S.
• Care Instructions: Dry Clean Only
• Origin: Made in USA
• SKU: KZ48PINE-LB",https://shop.harpersbazaar.com/the-josephine-dress-1727795020536-68350/p
Melat | Scoop Neck Dress,Lemlem,295.0,"[""https://harpersbazaarprod.vtexassets.com/unsafe/154x0/center/middle/filters:quality(60)/https%3A%2F%2Fharpersbazaarprod.vtexassets.com%2Farquivos%2Fids%2F614866%2Fimage_1.jpg%3Fv%3D638666841917500000"", ""https://harpersbazaarprod.vtexassets.com/unsafe/154x0/center/middle/filters:quality(60)/https%3A%2F%2Fharpersbazaarprod.vtexassets.com%2Farquivos%2Fids%2F614868%2Fimage_2.jpg%3Fv%3D638666841920130000"", ""https://harpersbazaarprod.vtexassets.com/unsafe/154x0/center/middle/filters:quality(60)/https%3A%2F%2Fharpersbazaarprod.vtexassets.com%2Farquivos%2Fids%2F614867%2Fimage_3.jpg%3Fv%3D638666841918900000"", ""https://harpersbazaarprod.vtexassets.com/unsafe/154x0/center/middle/filters:quality(60)/https%3A%2F%2Fharpersbazaarprod.vtexassets.com%2Farquivos%2Fids%2F614864%2Fimage_4.jpg%3Fv%3D638666841913430000"", ""https://harpersbazaarprod.vtexassets.com/unsafe/154x0/center/middle/filters:quality(60)/https%3A%2F%2Fharpersbazaarprod.vtexassets.com%2Farquivos%2Fids%2F614863%2Fimage_5.jpg%3Fv%3D638666841911700000"", ""https://harpersbazaarprod.vtexassets.com/unsafe/154x0/center/middle/filters:quality(60)/https%3A%2F%2Fharpersbazaarprod.vtexassets.com%2Farquivos%2Fids%2F614865%2Fimage_6.jpg%3Fv%3D638666841914370000""]","The Nefas Peach Collection showcases a light, Gauzy fabric with a beautiful Ombre color block of pink, blush, and peach, creating a soft and airy look.

This Sheer Long Dress features a flattering scoop neckline, elastic waist, and low back design. Pair it over your swimwear for an effortlessly elegant beach look.

Hand-Woven in Ethiopia, this silhouette is made of Soft Hand-Spun Cotton for a light and comfortable feel.",https://shop.harpersbazaar.com/melat-scoop-neck-dress-1731087390794-86783/p
Red Stripe Poplin Dress,Rebecca Taylor,430.0,"[""https://harpersbazaarprod.vtexassets.com/unsafe/154x0/center/middle/filters:quality(60)/https%3A%2F%2Fharpersbazaarprod.vtexassets.com%2Farquivos%2Fids%2F658569%2Fimage_1.jpg%3Fv%3D638688222337630000"", ""https://harpersbazaarprod.vtexassets.com/unsafe/154x0/center/middle/filters:quality(60)/https%3A%2F%2Fharpersbazaarprod.vtexassets.com%2Farquivos%2Fids%2F658571%2Fimage_2.jpg%3Fv%3D638681744442900000"", ""https://harpersbazaarprod.vtexassets.com/unsafe/154x0/center/middle/filters:quality(60)/https%3A%2F%2Fharpersbazaarprod.vtexassets.com%2Farquivos%2Fids%2F658570%2Fimage_3.jpg%3Fv%3D638688222339800000"", ""https://harpersbazaarprod.vtexassets.com/unsafe/154x0/center/middle/filters:quality(60)/https%3A%2F%2Fharpersbazaarprod.vtexassets.com%2Farquivos%2Fids%2F658568%2Fimage_4.jpg%3Fv%3D638681744435630000"", ""https://harpersbazaarprod.vtexassets.com/unsafe/154x0/center/middle/filters:quality(60)/https%3A%2F%2Fharpersbazaarprod.vtexassets.com%2Farquivos%2Fids%2F658567%2Fimage_5.jpg%3Fv%3D638688222333630000""]","Charming puff sleeves 
Flattering drawstring waist 
Classic stripes with a modern silhouette 
Button-down front for a polished look 
Collared neckline for versatile styling 

100% Cotton

Hand Wash Cold
Only Non-Chlorine Bleach When Needed
Lay Flat To Dry
Cool Iron If Needed
Or Dry Clean",https://shop.harpersbazaar.com/red-stripe-poplin-dress-1732577642910-97890/p
Hanna | Flutter Dress,Lemlem,425.0,"[""https://harpersbazaarprod.vtexassets.com/unsafe/154x0/center/middle/filters:quality(60)/https%3A%2F%2Fharpersbazaarprod.vtexassets.com%2Farquivos%2Fids%2F615278%2Fimage_1.jpg%3Fv%3D638666842658500000""]","Featuring delicate white Tibeb bands on a rich navy silhouette, the Nunu line is a chic and modern collection.

This flutter short dress features fluttery ¾ bell sleeves, a plunge neckline and breezy tiered ruffled hem. The empire waist creates a flattering everyday silhouette.

Hand-Woven in Ethiopia, this silhouette is made of soft hand-spun Cotton for a light and comfortable feel.",https://shop.harpersbazaar.com/hanna-flutter-dress-1731087465315-86870/p
Polka Dot Silky Wrap Dress,Rebecca Taylor,630.0,"[""https://harpersbazaarprod.vtexassets.com/unsafe/154x0/center/middle/filters:quality(60)/https%3A%2F%2Fharpersbazaarprod.vtexassets.com%2Farquivos%2Fids%2F658355%2Fimage_1.jpg%3Fv%3D638688186237030000"", ""https://harpersbazaarprod.vtexassets.com/unsafe/154x0/center/middle/filters:quality(60)/https%3A%2F%2Fharpersbazaarprod.vtexassets.com%2Farquivos%2Fids%2F658357%2Fimage_2.jpg%3Fv%3D638688186241400000"", ""https://harpersbazaarprod.vtexassets.com/unsafe/154x0/center/middle/filters:quality(60)/https%3A%2F%2Fharpersbazaarprod.vtexassets.com%2Farquivos%2Fids%2F658356%2Fimage_3.jpg%3Fv%3D638688186238900000"", ""https://harpersbazaarprod.vtexassets.com/unsafe/154x0/center/middle/filters:quality(60)/https%3A%2F%2Fharpersbazaarprod.vtexassets.com%2Farquivos%2Fids%2F658354%2Fimage_4.jpg%3Fv%3D638681744083100000"", ""https://harpersbazaarprod.vtexassets.com/unsafe/154x0/center/middle/filters:quality(60)/https%3A%2F%2Fharpersbazaarprod.vtexassets.com%2Farquivos%2Fids%2F658353%2Fimage_5.jpg%3Fv%3D638688186234530000""]","Featuring a Classic Polka Dot Pattern and a flattering wrap waist, this dress combines timeless elegance with a modern Silhouette. Perfect for both professional and casual occasions, it adds a sophisticated touch to any wardrobe.",https://shop.harpersbazaar.com/polka-dot-silky-wrap-dress-1732647639379-97849/p
Leila | Plunge Dress,Lemlem,425.0,"[""https://harpersbazaarprod.vtexassets.com/unsafe/154x0/center/middle/filters:quality(60)/https%3A%2F%2Fharpersbazaarprod.vtexassets.com%2Farquivos%2Fids%2F614942%2Fimage_1.jpg%3Fv%3D638666842073370000"", ""https://harpersbazaarprod.vtexassets.com/unsafe/154x0/center/middle/filters:quality(60)/https%3A%2F%2Fharpersbazaarprod.vtexassets.com%2Farquivos%2Fids%2F614944%2Fimage_2.jpg%3Fv%3D638666842075530000"", ""https://harpersbazaarprod.vtexassets.com/unsafe/154x0/center/middle/filters:quality(60)/https%3A%2F%2Fharpersbazaarprod.vtexassets.com%2Farquivos%2Fids%2F614943%2Fimage_3.jpg%3Fv%3D638666842074900000"", ""https://harpersbazaarprod.vtexassets.com/unsafe/154x0/center/middle/filters:quality(60)/https%3A%2F%2Fharpersbazaarprod.vtexassets.com%2Farquivos%2Fids%2F614940%2Fimage_4.jpg%3Fv%3D638666842069670000"", ""https://harpersbazaarprod.vtexassets.com/unsafe/154x0/center/middle/filters:quality(60)/https%3A%2F%2Fharpersbazaarprod.vtexassets.com%2Farquivos%2Fids%2F614939%2Fimage_5.jpg%3Fv%3D638666842068430000"", ""https://harpersbazaarprod.vtexassets.com/unsafe/154x0/center/middle/filters:quality(60)/https%3A%2F%2Fharpersbazaarprod.vtexassets.com%2Farquivos%2Fids%2F614941%2Fimage_6.jpg%3Fv%3D638666842070930000""]","The Zelele Orchid Collection features a stripe pattern of bright magenta, blue, and orange on a crispy white background. The fabric features textured weave with heavier yarn woven through finer gauze, creating a unique beehive-like effect. This versatile long dress features dolman sleeves, a deep plunge neckline and comfortable elastic waist to create an hourglass silhouette. The side slit and ruffled hem make this style a resort wear staple and a perfect day to evening dress. Hand-woven in Ethiopia, this silhouette is made of soft hand-Spun Cotton for a light and comfortable feel.",https://shop.harpersbazaar.com/leila-plunge-dress-1731087401736-86799/p
Nia | Slip Dress,Lemlem,395.0,"[""https://harpersbazaarprod.vtexassets.com/unsafe/154x0/center/middle/filters:quality(60)/https%3A%2F%2Fharpersbazaarprod.vtexassets.com%2Farquivos%2Fids%2F614898%2Fimage_1.jpg%3Fv%3D638666841985400000"", ""https://harpersbazaarprod.vtexassets.com/unsafe/154x0/center/middle/filters:quality(60)/https%3A%2F%2Fharpersbazaarprod.vtexassets.com%2Farquivos%2Fids%2F614900%2Fimage_2.jpg%3Fv%3D638666841989000000"", ""https://harpersbazaarprod.vtexassets.com/unsafe/154x0/center/middle/filters:quality(60)/https%3A%2F%2Fharpersbazaarprod.vtexassets.com%2Farquivos%2Fids%2F614899%2Fimage_3.jpg%3Fv%3D638666841987770000"", ""https://harpersbazaarprod.vtexassets.com/unsafe/154x0/center/middle/filters:quality(60)/https%3A%2F%2Fharpersbazaarprod.vtexassets.com%2Farquivos%2Fids%2F614896%2Fimage_4.jpg%3Fv%3D638666841981670000"", ""https://harpersbazaarprod.vtexassets.com/unsafe/154x0/center/middle/filters:quality(60)/https%3A%2F%2Fharpersbazaarprod.vtexassets.com%2Farquivos%2Fids%2F614895%2Fimage_5.jpg%3Fv%3D638666841979800000"", ""https://harpersbazaarprod.vtexassets.com/unsafe/154x0/center/middle/filters:quality(60)/https%3A%2F%2Fharpersbazaarprod.vtexassets.com%2Farquivos%2Fids%2F614897%2Fimage_6.jpg%3Fv%3D638666841983700000""]","In Classic black with White dotted lines, the Leliti collection is a timeless wardrobe staple.

This slip dress features thin straps, a flattering scooped neckline with tuck detail and a gradual flowing shape.

Hand-Woven in Ethiopia, this silhouette is made of soft hand-spun cotton for a light and comfortable feel.",https://shop.harpersbazaar.com/nia-slip-dress-1731087397602-86790/p
Alem | Plunge Dress,Lemlem,375.0,"[""https://harpersbazaarprod.vtexassets.com/unsafe/154x0/center/middle/filters:quality(60)/https%3A%2F%2Fharpersbazaarprod.vtexassets.com%2Farquivos%2Fids%2F614860%2Fimage_1.jpg%3Fv%3D638666841904900000"", ""https://harpersbazaarprod.vtexassets.com/unsafe/154x0/center/middle/filters:quality(60)/https%3A%2F%2Fharpersbazaarprod.vtexassets.com%2Farquivos%2Fids%2F614862%2Fimage_2.jpg%3Fv%3D638666841907570000"", ""https://harpersbazaarprod.vtexassets.com/unsafe/154x0/center/middle/filters:quality(60)/https%3A%2F%2Fharpersbazaarprod.vtexassets.com%2Farquivos%2Fids%2F614861%2Fimage_3.jpg%3Fv%3D638666841906470000"", ""https://harpersbazaarprod.vtexassets.com/unsafe/154x0/center/middle/filters:quality(60)/https%3A%2F%2Fharpersbazaarprod.vtexassets.com%2Farquivos%2Fids%2F614859%2Fimage_4.jpg%3Fv%3D638666841902900000"", ""https://harpersbazaarprod.vtexassets.com/unsafe/154x0/center/middle/filters:quality(60)/https%3A%2F%2Fharpersbazaarprod.vtexassets.com%2Farquivos%2Fids%2F614858%2Fimage_5.jpg%3Fv%3D638666841901330000""]","The Nefas Peach Collection showcases a light, gauzy fabric with a beautiful ombre color block of Pink, Blush and Peach, creating a soft and airy look. This versatile short dress features dolman sleeves, a deep plunge neckline and comfortable elastic waist to create an hourglass silhouette. The ruffled hem makes this style a resort wear staple. Hand-Woven in Ethiopia, this silhouette is made of Soft Hand-Spun Cotton for a light and comfortable feel.",https://shop.harpersbazaar.com/alem-plunge-dress-1731087389778-86782/p
Alem | Plunge Dress,Lemlem,375.0,"[""https://harpersbazaarprod.vtexassets.com/unsafe/154x0/center/middle/filters:quality(60)/https%3A%2F%2Fharpersbazaarprod.vtexassets.com%2Farquivos%2Fids%2F614761%2Fimage_1.jpg%3Fv%3D638666841704600000"", ""https://harpersbazaarprod.vtexassets.com/unsafe/154x0/center/middle/filters:quality(60)/https%3A%2F%2Fharpersbazaarprod.vtexassets.com%2Farquivos%2Fids%2F614763%2Fimage_2.jpg%3Fv%3D638666841707030000"", ""https://harpersbazaarprod.vtexassets.com/unsafe/154x0/center/middle/filters:quality(60)/https%3A%2F%2Fharpersbazaarprod.vtexassets.com%2Farquivos%2Fids%2F614762%2Fimage_3.jpg%3Fv%3D638666841705700000"", ""https://harpersbazaarprod.vtexassets.com/unsafe/154x0/center/middle/filters:quality(60)/https%3A%2F%2Fharpersbazaarprod.vtexassets.com%2Farquivos%2Fids%2F614759%2Fimage_4.jpg%3Fv%3D638666841698530000"", ""https://harpersbazaarprod.vtexassets.com/unsafe/154x0/center/middle/filters:quality(60)/https%3A%2F%2Fharpersbazaarprod.vtexassets.com%2Farquivos%2Fids%2F614758%2Fimage_5.jpg%3Fv%3D638666841696630000"", ""https://harpersbazaarprod.vtexassets.com/unsafe/154x0/center/middle/filters:quality(60)/https%3A%2F%2Fharpersbazaarprod.vtexassets.com%2Farquivos%2Fids%2F614760%2Fimage_6.jpg%3Fv%3D638666841702370000""]","Featuring delicate white Tibeb bands on a rich Navy silhouette, the Nunu line is a chic and modern collection.This versatile short dress features dolman sleeves, a deep plunge neckline and comfortable elastic waist to create an hourglass silhouette. The ruffled hem makes this style a resort wear staple.Hand-woven in Ethiopia, this silhouette is made of soft hand-spun Cotton for a light and comfortable feel. Giving Back | 5% of all purchases will be donated to the Lemlem Foundation.",https://shop.harpersbazaar.com/alem-plunge-dress-1731087369356-86762/p
Cosmos Playsuit,Live The Process,140.0,"[""https://harpersbazaarprod.vtexassets.com/unsafe/154x0/center/middle/filters:quality(60)/https%3A%2F%2Fharpersbazaarprod.vtexassets.com%2Farquivos%2Fids%2F606873%2Fimage_1.jpg%3Fv%3D638663694377330000"", ""https://harpersbazaarprod.vtexassets.com/unsafe/154x0/center/middle/filters:quality(60)/https%3A%2F%2Fharpersbazaarprod.vtexassets.com%2Farquivos%2Fids%2F606875%2Fimage_2.jpg%3Fv%3D638669376259300000"", ""https://harpersbazaarprod.vtexassets.com/unsafe/154x0/center/middle/filters:quality(60)/https%3A%2F%2Fharpersbazaarprod.vtexassets.com%2Farquivos%2Fids%2F606874%2Fimage_3.jpg%3Fv%3D638669376256270000""]","The short of it. 
Inching up and up, our Cosmos Playsuit offers a playful twist on our Cosmos Bodysuit with its round neck, short sleeves and Criss-Cross open back. 
Make this long plunging backline your go-to twist.",https://shop.harpersbazaar.com/cosmos-playsuit-1730772565411-85258/p
Halterneck Jumpsuit,Camilla,799.0,"[""https://harpersbazaarprod.vtexassets.com/unsafe/154x0/center/middle/filters:quality(60)/https%3A%2F%2Fharpersbazaarprod.vtexassets.com%2Farquivos%2Fids%2F503446%2Fimage_1.jpg%3Fv%3D638621515114630000""]","Camilla Halter Neck Jumpsuit in Flower Child Society.
100% Silk
Hand Wash Only
Made in India",https://shop.harpersbazaar.com/halterneck-jumpsuit-1726554710015-60168/p
Leila | Plunge Dress,Lemlem,425.0,"[""https://harpersbazaarprod.vtexassets.com/unsafe/154x0/center/middle/filters:quality(60)/https%3A%2F%2Fharpersbazaarprod.vtexassets.com%2Farquivos%2Fids%2F614977%2Fimage_1.jpg%3Fv%3D638666842145500000"", ""https://harpersbazaarprod.vtexassets.com/unsafe/154x0/center/middle/filters:quality(60)/https%3A%2F%2Fharpersbazaarprod.vtexassets.com%2Farquivos%2Fids%2F614979%2Fimage_2.jpg%3Fv%3D638666842148000000"", ""https://harpersbazaarprod.vtexassets.com/unsafe/154x0/center/middle/filters:quality(60)/https%3A%2F%2Fharpersbazaarprod.vtexassets.com%2Farquivos%2Fids%2F614978%2Fimage_3.jpg%3Fv%3D638666842147070000"", ""https://harpersbazaarprod.vtexassets.com/unsafe/154x0/center/middle/filters:quality(60)/https%3A%2F%2Fharpersbazaarprod.vtexassets.com%2Farquivos%2Fids%2F614975%2Fimage_4.jpg%3Fv%3D638666842143100000"", ""https://harpersbazaarprod.vtexassets.com/unsafe/154x0/center/middle/filters:quality(60)/https%3A%2F%2Fharpersbazaarprod.vtexassets.com%2Farquivos%2Fids%2F614974%2Fimage_5.jpg%3Fv%3D638666842142000000"", ""https://harpersbazaarprod.vtexassets.com/unsafe/154x0/center/middle/filters:quality(60)/https%3A%2F%2Fharpersbazaarprod.vtexassets.com%2Farquivos%2Fids%2F614976%2Fimage_6.jpg%3Fv%3D638666842144030000""]","Featuring delicate White Tibeb bands on a Rich Navy silhouette, the Nunu line is a chic and modern collection. This versatile long dress features dolman sleeves, a deep plunge neckline and comfortable elastic waist to create an hourglass silhouette. The side slit and ruffled hem make this style a resort wear staple and a perfect day to evening dress. Hand-Woven in Ethiopia, this silhouette is made of Soft Hand-Spun Cotton for a light and comfortable feel.",https://shop.harpersbazaar.com/leila-plunge-dress-1731087413747-86806/p
Benson Mini Dress - Black,Simkhai,495.0,"[""https://harpersbazaarprod.vtexassets.com/unsafe/154x0/center/middle/filters:quality(60)/https%3A%2F%2Fharpersbazaarprod.vtexassets.com%2Farquivos%2Fids%2F688715%2Fimage_1.jpg%3Fv%3D638694508671870000"", ""https://harpersbazaarprod.vtexassets.com/unsafe/154x0/center/middle/filters:quality(60)/https%3A%2F%2Fharpersbazaarprod.vtexassets.com%2Farquivos%2Fids%2F688717%2Fimage_2.jpg%3Fv%3D638695296144370000"", ""https://harpersbazaarprod.vtexassets.com/unsafe/154x0/center/middle/filters:quality(60)/https%3A%2F%2Fharpersbazaarprod.vtexassets.com%2Farquivos%2Fids%2F688716%2Fimage_3.jpg%3Fv%3D638695296141700000"", ""https://harpersbazaarprod.vtexassets.com/unsafe/154x0/center/middle/filters:quality(60)/https%3A%2F%2Fharpersbazaarprod.vtexassets.com%2Farquivos%2Fids%2F688714%2Fimage_4.jpg%3Fv%3D638695296138900000""]","The Simkhai Benson Mini Dress will have you ready for an evening out. This mini dress features allover sequins with a slim silhouette. Wear yours with platforms and a clutch. 
 
Fit Description 
•	Fits true to size, take your normal size 
•	Mini length 
•	Slim silhouette 
•	All over sequins 
•	Square neckline 
•	Shell: 65% Rayon, 30% Nylon, 5% Spandex
•	Lining: 88% Polyester, 12% Spandex
•	Harriet is wearing a size 2
 
Model Measurements
•	Bust: 32""
•	Waist: 24""
•	Hips: 30.5""
•	Height: 5’8.5”",https://shop.harpersbazaar.com/benson-mini-dress-black-1733854066434-101776/p
Africa Dress,TOVE,1430.0,"[""https://harpersbazaarprod.vtexassets.com/unsafe/154x0/center/middle/filters:quality(60)/https%3A%2F%2Fharpersbazaarprod.vtexassets.com%2Farquivos%2Fids%2F652950%2Fimage_1.jpg%3Fv%3D638679006695230000""]","Tove's Africa Dress offers modern elegance with its asymmetric gathered detailing, making it an ideal day-to-evening piece. Designed with long slim sleeves and a high neckline, the dress features a clean silhouette that gracefully skims the body, leading to a full, fluid hemline. Crafted from Italian Crepe Viscose jersey, it boasts a beautiful Weight and Drape.",https://shop.harpersbazaar.com/africa-dress-1732557614959-96546/p
Logan Dress - White / Black / Black Multi,Tanya Taylor,465.0,"[""https://harpersbazaarprod.vtexassets.com/unsafe/154x0/center/middle/filters:quality(60)/https%3A%2F%2Fharpersbazaarprod.vtexassets.com%2Farquivos%2Fids%2F656705%2Fimage_1.jpg%3Fv%3D638679213460070000"", ""https://harpersbazaarprod.vtexassets.com/unsafe/154x0/center/middle/filters:quality(60)/https%3A%2F%2Fharpersbazaarprod.vtexassets.com%2Farquivos%2Fids%2F656707%2Fimage_2.jpg%3Fv%3D638682247119270000"", ""https://harpersbazaarprod.vtexassets.com/unsafe/154x0/center/middle/filters:quality(60)/https%3A%2F%2Fharpersbazaarprod.vtexassets.com%2Farquivos%2Fids%2F656706%2Fimage_3.jpg%3Fv%3D638682247116770000"", ""https://harpersbazaarprod.vtexassets.com/unsafe/154x0/center/middle/filters:quality(60)/https%3A%2F%2Fharpersbazaarprod.vtexassets.com%2Farquivos%2Fids%2F656704%2Fimage_4.jpg%3Fv%3D638682247114400000""]","A New Statement Silhouette of the season, the Tanya Taylor Logan Dress is their answer to easy daytime dressing this season. Featuring a Crewneck Striped Cotton Rib Knit Bodice and Pleated Skirt, Logan is an everyday silhouette with the perfect proportions in mind. Style the Logan Dress back to your favorite pair of strappy sandals or flats for an effortless, yet chic daytime look.
 
Fit Description 
•	Fits True to Size, Take Your Normal Size 
•	Midi Length
•	Crew Neck
•	Lined Bodice
•	Striped Cotton Rib
•	Pleated Skirt
•	Self: 95% Cotton, 5% Elastane
•	Combo: 80% Polyester, 20% Cotton
•	Lining: 95% Cotton, 5% Elastane
•	Taylor is wearing a size XS
 
Model Measurements
•	Bust: 33.5""
•	Waist: 27.5""
•	Hips: 36.5""
•	Height: 5’9”",https://shop.harpersbazaar.com/logan-dress-white-black-black-multi-1732324497540-97501/p
Naia Playsuit,Live The Process,160.0,"[""https://harpersbazaarprod.vtexassets.com/unsafe/154x0/center/middle/filters:quality(60)/https%3A%2F%2Fharpersbazaarprod.vtexassets.com%2Farquivos%2Fids%2F628827%2Fimage_1.jpg%3Fv%3D638671860023100000"", ""https://harpersbazaarprod.vtexassets.com/unsafe/154x0/center/middle/filters:quality(60)/https%3A%2F%2Fharpersbazaarprod.vtexassets.com%2Farquivos%2Fids%2F628829%2Fimage_2.jpg%3Fv%3D638671860026400000"", ""https://harpersbazaarprod.vtexassets.com/unsafe/154x0/center/middle/filters:quality(60)/https%3A%2F%2Fharpersbazaarprod.vtexassets.com%2Farquivos%2Fids%2F628828%2Fimage_3.jpg%3Fv%3D638670300069400000""]","Going strong. Command attention with our Naia Playsuit, a sophisticated ensemble designed for the modern power dresser. This sleek, mid-thigh suit works for ultra-high impact with confidence and sensuality.",https://shop.harpersbazaar.com/naia-playsuit-1731433206213-90502/p
Lelisa | V Neck Dress,Lemlem,495.0,"[""https://harpersbazaarprod.vtexassets.com/unsafe/154x0/center/middle/filters:quality(60)/https%3A%2F%2Fharpersbazaarprod.vtexassets.com%2Farquivos%2Fids%2F615109%2Fimage_1.jpg%3Fv%3D638666842369330000"", ""https://harpersbazaarprod.vtexassets.com/unsafe/154x0/center/middle/filters:quality(60)/https%3A%2F%2Fharpersbazaarprod.vtexassets.com%2Farquivos%2Fids%2F615111%2Fimage_2.jpg%3Fv%3D638666842374570000"", ""https://harpersbazaarprod.vtexassets.com/unsafe/154x0/center/middle/filters:quality(60)/https%3A%2F%2Fharpersbazaarprod.vtexassets.com%2Farquivos%2Fids%2F615110%2Fimage_3.jpg%3Fv%3D638666842372200000"", ""https://harpersbazaarprod.vtexassets.com/unsafe/154x0/center/middle/filters:quality(60)/https%3A%2F%2Fharpersbazaarprod.vtexassets.com%2Farquivos%2Fids%2F615107%2Fimage_4.jpg%3Fv%3D638666842365500000"", ""https://harpersbazaarprod.vtexassets.com/unsafe/154x0/center/middle/filters:quality(60)/https%3A%2F%2Fharpersbazaarprod.vtexassets.com%2Farquivos%2Fids%2F615106%2Fimage_5.jpg%3Fv%3D638666842362470000"", ""https://harpersbazaarprod.vtexassets.com/unsafe/154x0/center/middle/filters:quality(60)/https%3A%2F%2Fharpersbazaarprod.vtexassets.com%2Farquivos%2Fids%2F615108%2Fimage_6.jpg%3Fv%3D638666842367770000""]","The Lulit Black Collection features a rich black background with intricate cream Tibeb border patterns, offering an opulent embroidered trim effect for a timeless and elegant look.

This maxi V-Neck dress features a deep plunge neckline, bare sides and maxi length for a showstopping silhouette. This dress comes with straps that can be adjusted for a perfectly customized fit.

Hand-woven in Ethiopia, this silhouette is made of soft hand-spun Cotton for a light and comfortable feel.",https://shop.harpersbazaar.com/lelisa-v-neck-dress-1731087435959-86832/p
Hunia Dress,Dries Van Noten,350.0,"[""https://harpersbazaarprod.vtexassets.com/unsafe/154x0/center/middle/filters:quality(60)/https%3A%2F%2Fharpersbazaarprod.vtexassets.com%2Farquivos%2Fids%2F223549%2Fimage_1.jpg%3Fv%3D638572806216530000"", ""https://harpersbazaarprod.vtexassets.com/unsafe/154x0/center/middle/filters:quality(60)/https%3A%2F%2Fharpersbazaarprod.vtexassets.com%2Farquivos%2Fids%2F223551%2Fimage_2.jpg%3Fv%3D638572806221100000"", ""https://harpersbazaarprod.vtexassets.com/unsafe/154x0/center/middle/filters:quality(60)/https%3A%2F%2Fharpersbazaarprod.vtexassets.com%2Farquivos%2Fids%2F223550%2Fimage_3.jpg%3Fv%3D638572806218270000""]","The Dries Van Noten Hunia Dress will be a staple in your wardrobe. This slip dress is perfect for layering or wearing alone. We love it layered with a sweater and sandals. 

Fit Description 
Fits true to size, take your normal size 
Slip dress 
Midi length 
Straight silhouette 
100% Polyester 
Kyleigh is wearing a size XS
 
Model Measurements 
Bust: 32""
Waist: 25""
Hips: 33.5"" 
Height: 5’9”",https://shop.harpersbazaar.com/hunia-dress-1721683818513-11040/p
The Claudina Dress,Kirna Zabête,395.0,"[""https://harpersbazaarprod.vtexassets.com/unsafe/154x0/center/middle/filters:quality(60)/https%3A%2F%2Fharpersbazaarprod.vtexassets.com%2Farquivos%2Fids%2F533370%2Fimage_1.jpg%3Fv%3D638633918198730000"", ""https://harpersbazaarprod.vtexassets.com/unsafe/154x0/center/middle/filters:quality(60)/https%3A%2F%2Fharpersbazaarprod.vtexassets.com%2Farquivos%2Fids%2F533372%2Fimage_2.jpg%3Fv%3D638641314060630000"", ""https://harpersbazaarprod.vtexassets.com/unsafe/154x0/center/middle/filters:quality(60)/https%3A%2F%2Fharpersbazaarprod.vtexassets.com%2Farquivos%2Fids%2F533371%2Fimage_3.jpg%3Fv%3D638641314057370000"", ""https://harpersbazaarprod.vtexassets.com/unsafe/154x0/center/middle/filters:quality(60)/https%3A%2F%2Fharpersbazaarprod.vtexassets.com%2Farquivos%2Fids%2F533369%2Fimage_4.jpg%3Fv%3D638641314053970000"", ""https://harpersbazaarprod.vtexassets.com/unsafe/154x0/center/middle/filters:quality(60)/https%3A%2F%2Fharpersbazaarprod.vtexassets.com%2Farquivos%2Fids%2F533368%2Fimage_5.jpg%3Fv%3D638641314050830000""]","The Claudina Dress is an easy Sundress, with a Sexy Edge. Its Sweetheart Neckline is elevated by a ruched bodice, creating a perfect fit in the bust. Cut from a Lightweight Cotton, this dress features gathering in the back and adjustable straps. Its lavender hue is the color of the season. Designed by founder Beth Buccini.

Composition: 96% Cotton, 4% Spandex
Size and Fit: Runs True to Size. Model is 5'9"" and wears a size S.
Care Instructions: Dry Clean Only
Origin: Made in United States
SKU: KZ48PINA-PUR",https://shop.harpersbazaar.com/the-claudina-dress-1727795018740-68349/p
Georgie Dress,Tanya Taylor,595.0,"[""https://harpersbazaarprod.vtexassets.com/unsafe/154x0/center/middle/filters:quality(60)/https%3A%2F%2Fharpersbazaarprod.vtexassets.com%2Farquivos%2Fids%2F690475%2Fimage_1.jpg%3Fv%3D638697025015100000"", ""https://harpersbazaarprod.vtexassets.com/unsafe/154x0/center/middle/filters:quality(60)/https%3A%2F%2Fharpersbazaarprod.vtexassets.com%2Farquivos%2Fids%2F690794%2Fimage_2.jpg%3Fv%3D638699400252730000"", ""https://harpersbazaarprod.vtexassets.com/unsafe/154x0/center/middle/filters:quality(60)/https%3A%2F%2Fharpersbazaarprod.vtexassets.com%2Farquivos%2Fids%2F690793%2Fimage_3.jpg%3Fv%3D638699400251300000"", ""https://harpersbazaarprod.vtexassets.com/unsafe/154x0/center/middle/filters:quality(60)/https%3A%2F%2Fharpersbazaarprod.vtexassets.com%2Farquivos%2Fids%2F690792%2Fimage_4.jpg%3Fv%3D638699400250330000"", ""https://harpersbazaarprod.vtexassets.com/unsafe/154x0/center/middle/filters:quality(60)/https%3A%2F%2Fharpersbazaarprod.vtexassets.com%2Farquivos%2Fids%2F690791%2Fimage_5.jpg%3Fv%3D638699400249400000""]","Designed in a luxe stretch crepe and a statement silhouette of the season, the Georgie Dress is our answer to event dressing this Fall.

Featuring an asymmetrical off-the-shoulder, pleating at the waist side seam, and a figure-flattering fit, Georgie has a feminine look and feel in this sophisticated yet easy soirée essential.

Style the Georgie Dress with your favorite heel or boot for a standout Fall look perfect for any evening.

Product Details:

• Maxi length
• One-shoulder
• Long sleeve
• Lined body
• Stretch Crepe
• Pleating at wearers left shoulder and wearers right side seam
• Hidden side zipper and sleeve zippers

Fit Details:

• True to size
• Sophie is 5’9” and wears a size 0
• Dress is 54"" long from high point shoulder",https://shop.harpersbazaar.com/georgie-dress-1734105673440-102226/p
Dormer Tank Dress,Live The Process,190.0,"[""https://harpersbazaarprod.vtexassets.com/unsafe/154x0/center/middle/filters:quality(60)/https%3A%2F%2Fharpersbazaarprod.vtexassets.com%2Farquivos%2Fids%2F606597%2Fimage_1.jpg%3Fv%3D638669376161870000"", ""https://harpersbazaarprod.vtexassets.com/unsafe/154x0/center/middle/filters:quality(60)/https%3A%2F%2Fharpersbazaarprod.vtexassets.com%2Farquivos%2Fids%2F606599%2Fimage_2.jpg%3Fv%3D638669376164070000"", ""https://harpersbazaarprod.vtexassets.com/unsafe/154x0/center/middle/filters:quality(60)/https%3A%2F%2Fharpersbazaarprod.vtexassets.com%2Farquivos%2Fids%2F606598%2Fimage_3.jpg%3Fv%3D638663693466670000""]","Frock of ages. The night (and day) belongs to our Dormer Tank Dress, a breathable Knit Slip. The ideal piece for transitioning from post-gym to a night out, revel in the elevated comfort as the lightweight fabric that flatters all shapes.",https://shop.harpersbazaar.com/dormer-tank-dress-1730772535042-85166/p
Cotton SS A-Line Dress,Kirna Zabête,415.0,"[""https://harpersbazaarprod.vtexassets.com/unsafe/154x0/center/middle/filters:quality(60)/https%3A%2F%2Fharpersbazaarprod.vtexassets.com%2Farquivos%2Fids%2F533476%2Fimage_1.jpg%3Fv%3D638633918508970000"", ""https://harpersbazaarprod.vtexassets.com/unsafe/154x0/center/middle/filters:quality(60)/https%3A%2F%2Fharpersbazaarprod.vtexassets.com%2Farquivos%2Fids%2F533478%2Fimage_2.jpg%3Fv%3D638641530098800000"", ""https://harpersbazaarprod.vtexassets.com/unsafe/154x0/center/middle/filters:quality(60)/https%3A%2F%2Fharpersbazaarprod.vtexassets.com%2Farquivos%2Fids%2F533477%2Fimage_3.jpg%3Fv%3D638641530096770000"", ""https://harpersbazaarprod.vtexassets.com/unsafe/154x0/center/middle/filters:quality(60)/https%3A%2F%2Fharpersbazaarprod.vtexassets.com%2Farquivos%2Fids%2F533475%2Fimage_4.jpg%3Fv%3D638633918506770000"", ""https://harpersbazaarprod.vtexassets.com/unsafe/154x0/center/middle/filters:quality(60)/https%3A%2F%2Fharpersbazaarprod.vtexassets.com%2Farquivos%2Fids%2F533474%2Fimage_5.jpg%3Fv%3D638641530094270000""]","Introducing Kirna Zabête's very own Cotton SS A-Line Dress. 
The dress features a Relaxed Fit Silhouette, Short Cuffed Sleeves and a Button Front Placket. 
It has a Collared Neckline and falls to an A-Line Hem that hits the mid-thigh.

Composition: 96% Cotton / 4% Spandex 
Size and Fit: Runs True to Size 
Care Instructions: Dry Clean Only 
Origin: Made in USA 
SKU: KZ50R05",https://shop.harpersbazaar.com/cotton-ss-aline-dress-1727795046509-68376/p
Wool Tace Shirtdress,Pari Passu,598.0,"[""https://harpersbazaarprod.vtexassets.com/unsafe/154x0/center/middle/filters:quality(60)/https%3A%2F%2Fharpersbazaarprod.vtexassets.com%2Farquivos%2Fids%2F684785%2Fimage_1.jpg%3Fv%3D638693640907400000"", ""https://harpersbazaarprod.vtexassets.com/unsafe/154x0/center/middle/filters:quality(60)/https%3A%2F%2Fharpersbazaarprod.vtexassets.com%2Farquivos%2Fids%2F684787%2Fimage_2.jpg%3Fv%3D638693640914970000"", ""https://harpersbazaarprod.vtexassets.com/unsafe/154x0/center/middle/filters:quality(60)/https%3A%2F%2Fharpersbazaarprod.vtexassets.com%2Farquivos%2Fids%2F684786%2Fimage_3.jpg%3Fv%3D638693640912070000"", ""https://harpersbazaarprod.vtexassets.com/unsafe/154x0/center/middle/filters:quality(60)/https%3A%2F%2Fharpersbazaarprod.vtexassets.com%2Farquivos%2Fids%2F684784%2Fimage_4.jpg%3Fv%3D638694270141470000"", ""https://harpersbazaarprod.vtexassets.com/unsafe/154x0/center/middle/filters:quality(60)/https%3A%2F%2Fharpersbazaarprod.vtexassets.com%2Farquivos%2Fids%2F684783%2Fimage_5.jpg%3Fv%3D638694270138330000""]","A Timeless Shirtdress made from a Super Soft Wool Twill Fabric with Full A Line Skirt, Button Front Closure and Detachable Self Belt. Classic Shirt details include Button Vent Cuff and Stand Collar. The Tace Shirtdress is our bestselling silhouette, available in the Patented Pari Passu Fit System with 21 size/shape combinations for a flawless fit.

•	Mother of Pearl buttons
•	97% Wool, 3% Spandex
•	Dry Clean Only",https://shop.harpersbazaar.com/wool-tace-shirtdress-1733767278460-100807/p
Cosmos Bodysuit,Live The Process,180.0,"[""https://harpersbazaarprod.vtexassets.com/unsafe/154x0/center/middle/filters:quality(60)/https%3A%2F%2Fharpersbazaarprod.vtexassets.com%2Farquivos%2Fids%2F606828%2Fimage_1.jpg%3Fv%3D638663694231570000"", ""https://harpersbazaarprod.vtexassets.com/unsafe/154x0/center/middle/filters:quality(60)/https%3A%2F%2Fharpersbazaarprod.vtexassets.com%2Farquivos%2Fids%2F606830%2Fimage_2.jpg%3Fv%3D638663694235630000"", ""https://harpersbazaarprod.vtexassets.com/unsafe/154x0/center/middle/filters:quality(60)/https%3A%2F%2Fharpersbazaarprod.vtexassets.com%2Farquivos%2Fids%2F606829%2Fimage_3.jpg%3Fv%3D638663694233600000""]","Good to the core. Meet your new dance floor favorite, the Cosmos Bodysuit. With its round neck, short sleeves and flirty criss-cross open back, a full-length knockout flatters you.",https://shop.harpersbazaar.com/cosmos-bodysuit-1730772622720-85243/p
Millie Bias Dress,Pari Passu,356.0,"[""https://harpersbazaarprod.vtexassets.com/unsafe/154x0/center/middle/filters:quality(60)/https%3A%2F%2Fharpersbazaarprod.vtexassets.com%2Farquivos%2Fids%2F684871%2Fimage_1.jpg%3Fv%3D638694198621130000"", ""https://harpersbazaarprod.vtexassets.com/unsafe/154x0/center/middle/filters:quality(60)/https%3A%2F%2Fharpersbazaarprod.vtexassets.com%2Farquivos%2Fids%2F684873%2Fimage_2.jpg%3Fv%3D638694414086730000"", ""https://harpersbazaarprod.vtexassets.com/unsafe/154x0/center/middle/filters:quality(60)/https%3A%2F%2Fharpersbazaarprod.vtexassets.com%2Farquivos%2Fids%2F684872%2Fimage_3.jpg%3Fv%3D638694414085170000"", ""https://harpersbazaarprod.vtexassets.com/unsafe/154x0/center/middle/filters:quality(60)/https%3A%2F%2Fharpersbazaarprod.vtexassets.com%2Farquivos%2Fids%2F684870%2Fimage_4.jpg%3Fv%3D638694198619730000"", ""https://harpersbazaarprod.vtexassets.com/unsafe/154x0/center/middle/filters:quality(60)/https%3A%2F%2Fharpersbazaarprod.vtexassets.com%2Farquivos%2Fids%2F684869%2Fimage_5.jpg%3Fv%3D638694198619100000""]","An effortless Bias Dress in a Midi Length and a Gorgeous Scarlet color. The Millie Dress is crafted in Lightweight Georgette Fabric and features Tall Button Cuffs and a Slightly Gathered Sleeve. The Soft wide Cowled Neck Drapes just at the Collar Bone.

•	100% Poly
•	Dry Clean Only",https://shop.harpersbazaar.com/millie-bias-dress-1733767286193-100823/p
Vivara Print Long Dress,Pucci,1150.0,"[""https://harpersbazaarprod.vtexassets.com/unsafe/154x0/center/middle/filters:quality(60)/https%3A%2F%2Fharpersbazaarprod.vtexassets.com%2Farquivos%2Fids%2F491541%2Fimage_1.jpg%3Fv%3D638617723752400000"", ""https://harpersbazaarprod.vtexassets.com/unsafe/154x0/center/middle/filters:quality(60)/https%3A%2F%2Fharpersbazaarprod.vtexassets.com%2Farquivos%2Fids%2F491543%2Fimage_2.jpg%3Fv%3D638617723755970000"", ""https://harpersbazaarprod.vtexassets.com/unsafe/154x0/center/middle/filters:quality(60)/https%3A%2F%2Fharpersbazaarprod.vtexassets.com%2Farquivos%2Fids%2F491542%2Fimage_3.jpg%3Fv%3D638622486086430000"", ""https://harpersbazaarprod.vtexassets.com/unsafe/154x0/center/middle/filters:quality(60)/https%3A%2F%2Fharpersbazaarprod.vtexassets.com%2Farquivos%2Fids%2F491540%2Fimage_4.jpg%3Fv%3D638622486085500000"", ""https://harpersbazaarprod.vtexassets.com/unsafe/154x0/center/middle/filters:quality(60)/https%3A%2F%2Fharpersbazaarprod.vtexassets.com%2Farquivos%2Fids%2F491539%2Fimage_5.jpg%3Fv%3D638617723749800000""]","Boat Neck
Sleeveless
Open Sides
Straight Hem
Relaxed Fit

Dimensions: Model is 5'9""/175cm and is wearing a size IT 40
Composition: 95% Viscose, 5% Elastane
Care: Dry clean only",https://shop.harpersbazaar.com/vivara-print-long-dress-1726175556384-58083/p
Rine Dress - Black Rose,Christy Lynn,675.0,"[""https://harpersbazaarprod.vtexassets.com/unsafe/154x0/center/middle/filters:quality(60)/https%3A%2F%2Fharpersbazaarprod.vtexassets.com%2Farquivos%2Fids%2F492262%2Fimage_1.jpg%3Fv%3D638618706045500000"", ""https://harpersbazaarprod.vtexassets.com/unsafe/154x0/center/middle/filters:quality(60)/https%3A%2F%2Fharpersbazaarprod.vtexassets.com%2Farquivos%2Fids%2F492264%2Fimage_2.jpg%3Fv%3D638618706052500000"", ""https://harpersbazaarprod.vtexassets.com/unsafe/154x0/center/middle/filters:quality(60)/https%3A%2F%2Fharpersbazaarprod.vtexassets.com%2Farquivos%2Fids%2F492263%2Fimage_3.jpg%3Fv%3D638618706048600000"", ""https://harpersbazaarprod.vtexassets.com/unsafe/154x0/center/middle/filters:quality(60)/https%3A%2F%2Fharpersbazaarprod.vtexassets.com%2Farquivos%2Fids%2F492261%2Fimage_4.jpg%3Fv%3D638622738300670000"", ""https://harpersbazaarprod.vtexassets.com/unsafe/154x0/center/middle/filters:quality(60)/https%3A%2F%2Fharpersbazaarprod.vtexassets.com%2Farquivos%2Fids%2F492260%2Fimage_5.jpg%3Fv%3D638622738298770000""]","The Rine Dress is cut in chic lamé fabrication and Black Rose print. The dress features a delicate hand-smocking detail at the yoke and cuff with a single tier drop-waisted skirt. Complete with self-covered buttons at the neck, self-tie belt, and printed stretch slip.

Composition: Silk Lurex
Care: Dry Clean Only
Imported.",https://shop.harpersbazaar.com/rine-dress-black-rose-1726176733645-58240/p
Evangeline Dress - Evening Lily,Christy Lynn,498.0,"[""https://harpersbazaarprod.vtexassets.com/unsafe/154x0/center/middle/filters:quality(60)/https%3A%2F%2Fharpersbazaarprod.vtexassets.com%2Farquivos%2Fids%2F492257%2Fimage_1.jpg%3Fv%3D638617735330770000"", ""https://harpersbazaarprod.vtexassets.com/unsafe/154x0/center/middle/filters:quality(60)/https%3A%2F%2Fharpersbazaarprod.vtexassets.com%2Farquivos%2Fids%2F492259%2Fimage_2.jpg%3Fv%3D638622720239930000"", ""https://harpersbazaarprod.vtexassets.com/unsafe/154x0/center/middle/filters:quality(60)/https%3A%2F%2Fharpersbazaarprod.vtexassets.com%2Farquivos%2Fids%2F492258%2Fimage_3.jpg%3Fv%3D638622720237730000"", ""https://harpersbazaarprod.vtexassets.com/unsafe/154x0/center/middle/filters:quality(60)/https%3A%2F%2Fharpersbazaarprod.vtexassets.com%2Farquivos%2Fids%2F492256%2Fimage_4.jpg%3Fv%3D638622720235200000"", ""https://harpersbazaarprod.vtexassets.com/unsafe/154x0/center/middle/filters:quality(60)/https%3A%2F%2Fharpersbazaarprod.vtexassets.com%2Farquivos%2Fids%2F492255%2Fimage_5.jpg%3Fv%3D638617735323100000""]","Introducing our first ever Sweater Dress in the Fall '24 collection- the Evangeline Dress in our placed Evening Lily print. The Evangeline is designed to be a Chic Knit dress which features side slits and a self-tie belt. The overall Black Dress features Purple Flowers making for a special, but easy to wear knit. This dress can be styled beautifully on its own or over pants.

Composition: Nylon Viscose
Care: Dry Clean Only
Imported",https://shop.harpersbazaar.com/evangeline-dress-evening-lily-1726176731690-58239/p
Cigni Print Mini Dress,Pucci,1940.0,"[""https://harpersbazaarprod.vtexassets.com/unsafe/154x0/center/middle/filters:quality(60)/https%3A%2F%2Fharpersbazaarprod.vtexassets.com%2Farquivos%2Fids%2F491656%2Fimage_1.jpg%3Fv%3D638617724035130000"", ""https://harpersbazaarprod.vtexassets.com/unsafe/154x0/center/middle/filters:quality(60)/https%3A%2F%2Fharpersbazaarprod.vtexassets.com%2Farquivos%2Fids%2F491658%2Fimage_2.jpg%3Fv%3D638622578822570000"", ""https://harpersbazaarprod.vtexassets.com/unsafe/154x0/center/middle/filters:quality(60)/https%3A%2F%2Fharpersbazaarprod.vtexassets.com%2Farquivos%2Fids%2F491657%2Fimage_3.jpg%3Fv%3D638617724036700000"", ""https://harpersbazaarprod.vtexassets.com/unsafe/154x0/center/middle/filters:quality(60)/https%3A%2F%2Fharpersbazaarprod.vtexassets.com%2Farquivos%2Fids%2F491655%2Fimage_4.jpg%3Fv%3D638622578819700000"", ""https://harpersbazaarprod.vtexassets.com/unsafe/154x0/center/middle/filters:quality(60)/https%3A%2F%2Fharpersbazaarprod.vtexassets.com%2Farquivos%2Fids%2F491654%2Fimage_5.jpg%3Fv%3D638617724031100000""]","• Halter neck with clasp back fastening
• Keyhole cut-out at front
• Low open back
• Straight mini-length hem
• Concealed zip back fastening

Dimensions: Model is 5'9""/ 175cm and is wearing a size IT 40
Composition: 100% Cotton
Care: Care according to label",https://shop.harpersbazaar.com/cigni-print-mini-dress-1726175538266-58107/p
Janice Funnel Dress - Espresso,Pari Passu,248.0,"[""https://harpersbazaarprod.vtexassets.com/unsafe/154x0/center/middle/filters:quality(60)/https%3A%2F%2Fharpersbazaarprod.vtexassets.com%2Farquivos%2Fids%2F684834%2Fimage_1.jpg%3Fv%3D638693641048770000"", ""https://harpersbazaarprod.vtexassets.com/unsafe/154x0/center/middle/filters:quality(60)/https%3A%2F%2Fharpersbazaarprod.vtexassets.com%2Farquivos%2Fids%2F684836%2Fimage_2.jpg%3Fv%3D638694396136470000"", ""https://harpersbazaarprod.vtexassets.com/unsafe/154x0/center/middle/filters:quality(60)/https%3A%2F%2Fharpersbazaarprod.vtexassets.com%2Farquivos%2Fids%2F684835%2Fimage_3.jpg%3Fv%3D638694396134100000"", ""https://harpersbazaarprod.vtexassets.com/unsafe/154x0/center/middle/filters:quality(60)/https%3A%2F%2Fharpersbazaarprod.vtexassets.com%2Farquivos%2Fids%2F684833%2Fimage_4.jpg%3Fv%3D638694396131300000"", ""https://harpersbazaarprod.vtexassets.com/unsafe/154x0/center/middle/filters:quality(60)/https%3A%2F%2Fharpersbazaarprod.vtexassets.com%2Farquivos%2Fids%2F684832%2Fimage_5.jpg%3Fv%3D638694288157830000""]","This luxurious, Midi Length Ponte Dress with detailed seaming is both modern and effortless. The Janice Dress has a dramatic funnel neck and soft batwing sleeve creates an effortless fit. The self-belt allows for versatility in styling.
 
Details

• Self-belt
• 68% Viscose, 27% Nylon, 5% Spandex
• Dry Clean Only",https://shop.harpersbazaar.com/janice-funnel-dress-espresso-1733767301088-100816/p
Freida Dress - Gold Shadow Flower,Christy Lynn,698.0,"[""https://harpersbazaarprod.vtexassets.com/unsafe/154x0/center/middle/filters:quality(60)/https%3A%2F%2Fharpersbazaarprod.vtexassets.com%2Farquivos%2Fids%2F492376%2Fimage_1.jpg%3Fv%3D638622702582930000"", ""https://harpersbazaarprod.vtexassets.com/unsafe/154x0/center/middle/filters:quality(60)/https%3A%2F%2Fharpersbazaarprod.vtexassets.com%2Farquivos%2Fids%2F492378%2Fimage_2.jpg%3Fv%3D638622702589870000"", ""https://harpersbazaarprod.vtexassets.com/unsafe/154x0/center/middle/filters:quality(60)/https%3A%2F%2Fharpersbazaarprod.vtexassets.com%2Farquivos%2Fids%2F492377%2Fimage_3.jpg%3Fv%3D638622702586200000"", ""https://harpersbazaarprod.vtexassets.com/unsafe/154x0/center/middle/filters:quality(60)/https%3A%2F%2Fharpersbazaarprod.vtexassets.com%2Farquivos%2Fids%2F492375%2Fimage_4.jpg%3Fv%3D638622702581530000""]","The Freida Dress is cut in Christy Lynn's Silk Crinkle Chiffon and hand-painted Gold Shadow Flower print. This dress features a Silk Satin Tie detail at the Neck and a drop-waisted asymmetrical skirt piped out in Silk Satin. Complete a Self-Tie Belt and Stretch Slip.

Composition: 100% Silk Crinkle Chiffon
Care: Dry Clean Only
Imported.",https://shop.harpersbazaar.com/freida-dress-gold-shadow-flower-1726176761182-58262/p
Luna Dress - Gold Shadow Flower,Christy Lynn,550.0,"[""https://harpersbazaarprod.vtexassets.com/unsafe/154x0/center/middle/filters:quality(60)/https%3A%2F%2Fharpersbazaarprod.vtexassets.com%2Farquivos%2Fids%2F492316%2Fimage_1.jpg%3Fv%3D638617735526800000"", ""https://harpersbazaarprod.vtexassets.com/unsafe/154x0/center/middle/filters:quality(60)/https%3A%2F%2Fharpersbazaarprod.vtexassets.com%2Farquivos%2Fids%2F492317%2Fimage_2.jpg%3Fv%3D638617735529770000""]","The Luna Dress is cut in Christy Lyn's signature Silk Crinkle Chiffon and Gold Shadow Flower print. This dress features a drop-waisted silhouette with a neck-tie at the collar. Complete with a printed slip and self-tie belt.

Composition: 100% Silk Crinkle Chiffon
Care: Dry Clean Only
Imported.",https://shop.harpersbazaar.com/luna-dress-gold-shadow-flower-1726176730873-58250/p
Lime Sequin Knit Pant,Naeem Khan,1495.0,"[""https://harpersbazaarprod.vtexassets.com/unsafe/154x0/center/middle/filters:quality(60)/https%3A%2F%2Fharpersbazaarprod.vtexassets.com%2Farquivos%2Fids%2F555151%2Fimage_1.jpg%3Fv%3D638641012657370000"", ""https://harpersbazaarprod.vtexassets.com/unsafe/154x0/center/middle/filters:quality(60)/https%3A%2F%2Fharpersbazaarprod.vtexassets.com%2Farquivos%2Fids%2F555153%2Fimage_2.jpg%3Fv%3D638641012662400000"", ""https://harpersbazaarprod.vtexassets.com/unsafe/154x0/center/middle/filters:quality(60)/https%3A%2F%2Fharpersbazaarprod.vtexassets.com%2Farquivos%2Fids%2F555152%2Fimage_3.jpg%3Fv%3D638641012660330000""]","Naeem Khan Lime Sequin Knit Pant with a High Waist, Relaxed Straight Leg, Drawstring Waist and Side Pockets. 
100% Nylon Tulle, Dry Clean 
Made in the USA, Standard Sizing",https://shop.harpersbazaar.com/lime-sequin-knit-pant-1728504464950-73758/p
Wilkes Pant - Dirty White,Rachel Comey,425.0,"[""https://harpersbazaarprod.vtexassets.com/unsafe/154x0/center/middle/filters:quality(60)/https%3A%2F%2Fharpersbazaarprod.vtexassets.com%2Farquivos%2Fids%2F228086%2Fimage_1.jpg%3Fv%3D638573661156000000"", ""https://harpersbazaarprod.vtexassets.com/unsafe/154x0/center/middle/filters:quality(60)/https%3A%2F%2Fharpersbazaarprod.vtexassets.com%2Farquivos%2Fids%2F228088%2Fimage_2.jpg%3Fv%3D638573661160200000"", ""https://harpersbazaarprod.vtexassets.com/unsafe/154x0/center/middle/filters:quality(60)/https%3A%2F%2Fharpersbazaarprod.vtexassets.com%2Farquivos%2Fids%2F228087%2Fimage_3.jpg%3Fv%3D638573661157700000"", ""https://harpersbazaarprod.vtexassets.com/unsafe/154x0/center/middle/filters:quality(60)/https%3A%2F%2Fharpersbazaarprod.vtexassets.com%2Farquivos%2Fids%2F465713%2Fimage_4.jpg%3Fv%3D638605260091600000"", ""https://harpersbazaarprod.vtexassets.com/unsafe/154x0/center/middle/filters:quality(60)/https%3A%2F%2Fharpersbazaarprod.vtexassets.com%2Farquivos%2Fids%2F228085%2Fimage_5.jpg%3Fv%3D638573661152400000""]","The Rachel Comey Wilkes Pant are a great addition to your denim collection. You'll love the relaxed fit paired with distressed detailing and exposed button front. Wear yours with a slouchy sweater and sandals. 

Fit Description
 
Fits true to size, take your normal size 
Medium rise 
Straight leg 
Relaxed fit 
Distressed detailing 
Exposed button front 
Minimal stretch 
100% Cotton
Taylor is wearing a size XS
 
Model Measurements 

Bust: 33.5""
Waist: 27.5""
Hips: 36.5""
Height: 5’9""",https://shop.harpersbazaar.com/wilkes-pant-1721769314723-12104/p
90s High Rise Loose Long Jean,RE/DONE,295.0,"[""https://harpersbazaarprod.vtexassets.com/unsafe/154x0/center/middle/filters:quality(60)/https%3A%2F%2Fharpersbazaarprod.vtexassets.com%2Farquivos%2Fids%2F538740%2Fimage_1.jpg%3Fv%3D638634978137000000"", ""https://harpersbazaarprod.vtexassets.com/unsafe/154x0/center/middle/filters:quality(60)/https%3A%2F%2Fharpersbazaarprod.vtexassets.com%2Farquivos%2Fids%2F546234%2Fimage_2.jpg%3Fv%3D638640882082630000"", ""https://harpersbazaarprod.vtexassets.com/unsafe/154x0/center/middle/filters:quality(60)/https%3A%2F%2Fharpersbazaarprod.vtexassets.com%2Farquivos%2Fids%2F546233%2Fimage_3.jpg%3Fv%3D638640882079970000"", ""https://harpersbazaarprod.vtexassets.com/unsafe/154x0/center/middle/filters:quality(60)/https%3A%2F%2Fharpersbazaarprod.vtexassets.com%2Farquivos%2Fids%2F546232%2Fimage_4.jpg%3Fv%3D638640882076200000""]","The 90s High Rise Loose in Smoke is a take on the iconic long and loose Denim from the 90s. Features a vintage inspired stone wash on Black Rigid Fabric, Classic Button Fly and Finished Hem.",https://shop.harpersbazaar.com/90s-high-rise-loose-long-jean-1728419405600-69175/p
Vizcaya Distressed Shorts,MODISTE,75.0,"[""https://harpersbazaarprod.vtexassets.com/unsafe/154x0/center/middle/filters:quality(60)/https%3A%2F%2Fharpersbazaarprod.vtexassets.com%2Farquivos%2Fids%2F533975%2Fimage_1.jpg%3Fv%3D638634060667700000"", ""https://harpersbazaarprod.vtexassets.com/unsafe/154x0/center/middle/filters:quality(60)/https%3A%2F%2Fharpersbazaarprod.vtexassets.com%2Farquivos%2Fids%2F533977%2Fimage_2.jpg%3Fv%3D638634060673800000"", ""https://harpersbazaarprod.vtexassets.com/unsafe/154x0/center/middle/filters:quality(60)/https%3A%2F%2Fharpersbazaarprod.vtexassets.com%2Farquivos%2Fids%2F533976%2Fimage_3.jpg%3Fv%3D638634060670830000"", ""https://harpersbazaarprod.vtexassets.com/unsafe/154x0/center/middle/filters:quality(60)/https%3A%2F%2Fharpersbazaarprod.vtexassets.com%2Farquivos%2Fids%2F608875%2Fimage_4.jpg%3Fv%3D638665110142370000""]","Designed to be paired with our Basel Tee, these Miami-Inspired Shorts are a great addition to your wardrobe. Wear them to the beach, the gym or wherever this summer takes you.",https://shop.harpersbazaar.com/vizcaya-distressed-shorts-1727809265704-68505/p
Drill Shorts,WARDROBE.NYC,500.0,"[""https://harpersbazaarprod.vtexassets.com/unsafe/154x0/center/middle/filters:quality(60)/https%3A%2F%2Fharpersbazaarprod.vtexassets.com%2Farquivos%2Fids%2F528302%2Fimage_1.jpg%3Fv%3D638630537688300000"", ""https://harpersbazaarprod.vtexassets.com/unsafe/154x0/center/middle/filters:quality(60)/https%3A%2F%2Fharpersbazaarprod.vtexassets.com%2Farquivos%2Fids%2F528304%2Fimage_2.jpg%3Fv%3D638639064277970000"", ""https://harpersbazaarprod.vtexassets.com/unsafe/154x0/center/middle/filters:quality(60)/https%3A%2F%2Fharpersbazaarprod.vtexassets.com%2Farquivos%2Fids%2F528303%2Fimage_3.jpg%3Fv%3D638639064275130000"", ""https://harpersbazaarprod.vtexassets.com/unsafe/154x0/center/middle/filters:quality(60)/https%3A%2F%2Fharpersbazaarprod.vtexassets.com%2Farquivos%2Fids%2F528301%2Fimage_4.jpg%3Fv%3D638630537686070000"", ""https://harpersbazaarprod.vtexassets.com/unsafe/154x0/center/middle/filters:quality(60)/https%3A%2F%2Fharpersbazaarprod.vtexassets.com%2Farquivos%2Fids%2F528300%2Fimage_5.jpg%3Fv%3D638639064272670000""]","Elasticated waist
Custom draw cord
Side pockets
Straight Hem
Topstitching 

Dimensions: Model is 5'9""/175cm and is wearing a size S 
Composition: 78% Cotton, 22% Polyamide 
Care: Care according to label",https://shop.harpersbazaar.com/drill-shorts-1727456967732-66856/p
Drill Chino Trousers,WARDROBE.NYC,900.0,"[""https://harpersbazaarprod.vtexassets.com/unsafe/154x0/center/middle/filters:quality(60)/https%3A%2F%2Fharpersbazaarprod.vtexassets.com%2Farquivos%2Fids%2F527804%2Fimage_1.jpg%3Fv%3D638630536376700000"", ""https://harpersbazaarprod.vtexassets.com/unsafe/154x0/center/middle/filters:quality(60)/https%3A%2F%2Fharpersbazaarprod.vtexassets.com%2Farquivos%2Fids%2F527806%2Fimage_2.jpg%3Fv%3D638630536380730000"", ""https://harpersbazaarprod.vtexassets.com/unsafe/154x0/center/middle/filters:quality(60)/https%3A%2F%2Fharpersbazaarprod.vtexassets.com%2Farquivos%2Fids%2F527805%2Fimage_3.jpg%3Fv%3D638630536378830000"", ""https://harpersbazaarprod.vtexassets.com/unsafe/154x0/center/middle/filters:quality(60)/https%3A%2F%2Fharpersbazaarprod.vtexassets.com%2Farquivos%2Fids%2F527803%2Fimage_4.jpg%3Fv%3D638630536375770000"", ""https://harpersbazaarprod.vtexassets.com/unsafe/154x0/center/middle/filters:quality(60)/https%3A%2F%2Fharpersbazaarprod.vtexassets.com%2Farquivos%2Fids%2F527802%2Fimage_5.jpg%3Fv%3D638630536374500000""]","Belt loops
Front pleats 
Straight leg 
Side seam pockets and a covered fly with button closures
Topstitching 

Dimensions: Model is 5'9""/175cm and is wearing a size S 
Composition: 
Outer: 78% Cotton , 22% Polyamide
Pocket Lining: 100% Cotton

Care: Dry Clean",https://shop.harpersbazaar.com/drill-chino-trousers-1727456836998-66750/p
Low Rise Trouser,WARDROBE.NYC,900.0,"[""https://harpersbazaarprod.vtexassets.com/unsafe/154x0/center/middle/filters:quality(60)/https%3A%2F%2Fharpersbazaarprod.vtexassets.com%2Farquivos%2Fids%2F527753%2Fimage_1.jpg%3Fv%3D638630536267070000"", ""https://harpersbazaarprod.vtexassets.com/unsafe/154x0/center/middle/filters:quality(60)/https%3A%2F%2Fharpersbazaarprod.vtexassets.com%2Farquivos%2Fids%2F527755%2Fimage_2.jpg%3Fv%3D638630536271400000"", ""https://harpersbazaarprod.vtexassets.com/unsafe/154x0/center/middle/filters:quality(60)/https%3A%2F%2Fharpersbazaarprod.vtexassets.com%2Farquivos%2Fids%2F527754%2Fimage_3.jpg%3Fv%3D638639028038400000"", ""https://harpersbazaarprod.vtexassets.com/unsafe/154x0/center/middle/filters:quality(60)/https%3A%2F%2Fharpersbazaarprod.vtexassets.com%2Farquivos%2Fids%2F527752%2Fimage_4.jpg%3Fv%3D638639028037130000"", ""https://harpersbazaarprod.vtexassets.com/unsafe/154x0/center/middle/filters:quality(60)/https%3A%2F%2Fharpersbazaarprod.vtexassets.com%2Farquivos%2Fids%2F527751%2Fimage_5.jpg%3Fv%3D638639028034170000""]","Dimensions: Model is 5'9""/175cm and is wearing a size S

Composition: 100% Virgin Wool
Care: Care according to label",https://shop.harpersbazaar.com/low-rise-trouser-1727456825795-66739/p
X Hailey Bieber Trouser,WARDROBE.NYC,1000.0,"[""https://harpersbazaarprod.vtexassets.com/unsafe/154x0/center/middle/filters:quality(60)/https%3A%2F%2Fharpersbazaarprod.vtexassets.com%2Farquivos%2Fids%2F527932%2Fimage_1.jpg%3Fv%3D638630536695300000"", ""https://harpersbazaarprod.vtexassets.com/unsafe/154x0/center/middle/filters:quality(60)/https%3A%2F%2Fharpersbazaarprod.vtexassets.com%2Farquivos%2Fids%2F527934%2Fimage_2.jpg%3Fv%3D638639028053030000"", ""https://harpersbazaarprod.vtexassets.com/unsafe/154x0/center/middle/filters:quality(60)/https%3A%2F%2Fharpersbazaarprod.vtexassets.com%2Farquivos%2Fids%2F527933%2Fimage_3.jpg%3Fv%3D638639028051500000"", ""https://harpersbazaarprod.vtexassets.com/unsafe/154x0/center/middle/filters:quality(60)/https%3A%2F%2Fharpersbazaarprod.vtexassets.com%2Farquivos%2Fids%2F527931%2Fimage_4.jpg%3Fv%3D638639028050400000"", ""https://harpersbazaarprod.vtexassets.com/unsafe/154x0/center/middle/filters:quality(60)/https%3A%2F%2Fharpersbazaarprod.vtexassets.com%2Farquivos%2Fids%2F527930%2Fimage_5.jpg%3Fv%3D638639028048670000""]","Relaxed silhouette.
Front button-zipper closure.
Dual slit pockets at the waistband.
Harem leg design.
Dimensions: Model is 5'9""/175cm and is wearing a size S

Composition: 100% Wool
Care: Care according to label",https://shop.harpersbazaar.com/x-hailey-bieber-trouser-1727456821136-66782/p
Draped Skirt,Rabanne,720.0,"[""https://harpersbazaarprod.vtexassets.com/unsafe/154x0/center/middle/filters:quality(60)/https%3A%2F%2Fharpersbazaarprod.vtexassets.com%2Farquivos%2Fids%2F526717%2Fimage_1.jpg%3Fv%3D638630533455530000"", ""https://harpersbazaarprod.vtexassets.com/unsafe/154x0/center/middle/filters:quality(60)/https%3A%2F%2Fharpersbazaarprod.vtexassets.com%2Farquivos%2Fids%2F526719%2Fimage_2.jpg%3Fv%3D638630533462500000"", ""https://harpersbazaarprod.vtexassets.com/unsafe/154x0/center/middle/filters:quality(60)/https%3A%2F%2Fharpersbazaarprod.vtexassets.com%2Farquivos%2Fids%2F526718%2Fimage_3.jpg%3Fv%3D638696844187170000"", ""https://harpersbazaarprod.vtexassets.com/unsafe/154x0/center/middle/filters:quality(60)/https%3A%2F%2Fharpersbazaarprod.vtexassets.com%2Farquivos%2Fids%2F526716%2Fimage_4.jpg%3Fv%3D638630533451570000"", ""https://harpersbazaarprod.vtexassets.com/unsafe/154x0/center/middle/filters:quality(60)/https%3A%2F%2Fharpersbazaarprod.vtexassets.com%2Farquivos%2Fids%2F526715%2Fimage_5.jpg%3Fv%3D638696844185000000""]","•	Wrapped Skirt
•	Knee Length
•	Straight Hem
•	Topstitching

Dimensions: Model is 5'9""/175cm and is wearing a size FR36
Composition: 100% Cotton
Care: Care according to label",https://shop.harpersbazaar.com/draped-skirt-1727456532822-66515/p
Leather Maxi Column Skirt,WARDROBE.NYC,1750.0,"[""https://harpersbazaarprod.vtexassets.com/unsafe/154x0/center/middle/filters:quality(60)/https%3A%2F%2Fharpersbazaarprod.vtexassets.com%2Farquivos%2Fids%2F526707%2Fimage_1.jpg%3Fv%3D638630533427430000"", ""https://harpersbazaarprod.vtexassets.com/unsafe/154x0/center/middle/filters:quality(60)/https%3A%2F%2Fharpersbazaarprod.vtexassets.com%2Farquivos%2Fids%2F526709%2Fimage_2.jpg%3Fv%3D638639046208300000"", ""https://harpersbazaarprod.vtexassets.com/unsafe/154x0/center/middle/filters:quality(60)/https%3A%2F%2Fharpersbazaarprod.vtexassets.com%2Farquivos%2Fids%2F526708%2Fimage_3.jpg%3Fv%3D638639046207230000"", ""https://harpersbazaarprod.vtexassets.com/unsafe/154x0/center/middle/filters:quality(60)/https%3A%2F%2Fharpersbazaarprod.vtexassets.com%2Farquivos%2Fids%2F526706%2Fimage_4.jpg%3Fv%3D638639046206300000"", ""https://harpersbazaarprod.vtexassets.com/unsafe/154x0/center/middle/filters:quality(60)/https%3A%2F%2Fharpersbazaarprod.vtexassets.com%2Farquivos%2Fids%2F526705%2Fimage_5.jpg%3Fv%3D638639046205100000""]","Rendered in Leather
Column silhouette
Maxi-length design
Belt loops
Tonal button fastening
Five-pocket design
Straight hem
Dimensions: Model is 5'9""/175cm and is wearing a size S

Composition: 100% Sheepskin Leather
Care: Care according to label",https://shop.harpersbazaar.com/leather-maxi-column-skirt-1727456530063-66513/p
Column Maxi Skirt,WARDROBE.NYC,800.0,"[""https://harpersbazaarprod.vtexassets.com/unsafe/154x0/center/middle/filters:quality(60)/https%3A%2F%2Fharpersbazaarprod.vtexassets.com%2Farquivos%2Fids%2F526699%2Fimage_1.jpg%3Fv%3D638630533407730000""]","Long column skirt
Interlock weave
Rear zip fastening
Rear slit
Straight hem
Ankle-length
Satin lining
Dimensions: Model is 5'9""/175cm and is wearing a size S

Composition: Wool, Viscose
Care: Care according to label",https://shop.harpersbazaar.com/column-maxi-skirt-1727456529661-66511/p
Gem Nini Pareo,Oséree,325.0,"[""https://harpersbazaarprod.vtexassets.com/unsafe/154x0/center/middle/filters:quality(60)/https%3A%2F%2Fharpersbazaarprod.vtexassets.com%2Farquivos%2Fids%2F524093%2Fimage_1.jpg%3Fv%3D638628948692000000"", ""https://harpersbazaarprod.vtexassets.com/unsafe/154x0/center/middle/filters:quality(60)/https%3A%2F%2Fharpersbazaarprod.vtexassets.com%2Farquivos%2Fids%2F524095%2Fimage_2.jpg%3Fv%3D638636418631070000"", ""https://harpersbazaarprod.vtexassets.com/unsafe/154x0/center/middle/filters:quality(60)/https%3A%2F%2Fharpersbazaarprod.vtexassets.com%2Farquivos%2Fids%2F524094%2Fimage_3.jpg%3Fv%3D638636418628100000"", ""https://harpersbazaarprod.vtexassets.com/unsafe/154x0/center/middle/filters:quality(60)/https%3A%2F%2Fharpersbazaarprod.vtexassets.com%2Farquivos%2Fids%2F524092%2Fimage_4.jpg%3Fv%3D638636418625100000"", ""https://harpersbazaarprod.vtexassets.com/unsafe/154x0/center/middle/filters:quality(60)/https%3A%2F%2Fharpersbazaarprod.vtexassets.com%2Farquivos%2Fids%2F524091%2Fimage_5.jpg%3Fv%3D638636418622770000""]","Wrap Skirt
Asymmetric Hem
Embellishment 
Topstitching 

Dimensions: Model is 5'9""/175cm and is wearing a size S/M 
Composition: Fabric Blend 
Care: Care according to label",https://shop.harpersbazaar.com/gem-nini-pareo-1727298068414-66090/p
Venus Legging,Live The Process,100.0,"[""https://harpersbazaarprod.vtexassets.com/unsafe/154x0/center/middle/filters:quality(60)/https%3A%2F%2Fharpersbazaarprod.vtexassets.com%2Farquivos%2Fids%2F627704%2Fimage_1.jpg%3Fv%3D638671986066030000"", ""https://harpersbazaarprod.vtexassets.com/unsafe/154x0/center/middle/filters:quality(60)/https%3A%2F%2Fharpersbazaarprod.vtexassets.com%2Farquivos%2Fids%2F627706%2Fimage_2.jpg%3Fv%3D638670296611300000"", ""https://harpersbazaarprod.vtexassets.com/unsafe/154x0/center/middle/filters:quality(60)/https%3A%2F%2Fharpersbazaarprod.vtexassets.com%2Farquivos%2Fids%2F627705%2Fimage_3.jpg%3Fv%3D638671986069830000""]","V good. It's easy to find your flow in our Venus Legging that feels like second skin. With a crossover waistband that bee-line just below the belly button and as its hip hugs, here's a style that suits just about everybody.",https://shop.harpersbazaar.com/venus-legging-1731432844552-90122/p
Nyx Short,Live The Process,135.0,"[""https://harpersbazaarprod.vtexassets.com/unsafe/154x0/center/middle/filters:quality(60)/https%3A%2F%2Fharpersbazaarprod.vtexassets.com%2Farquivos%2Fids%2F628419%2Fimage_1.jpg%3Fv%3D638671968337100000"", ""https://harpersbazaarprod.vtexassets.com/unsafe/154x0/center/middle/filters:quality(60)/https%3A%2F%2Fharpersbazaarprod.vtexassets.com%2Farquivos%2Fids%2F628421%2Fimage_2.jpg%3Fv%3D638670298687100000"", ""https://harpersbazaarprod.vtexassets.com/unsafe/154x0/center/middle/filters:quality(60)/https%3A%2F%2Fharpersbazaarprod.vtexassets.com%2Farquivos%2Fids%2F628420%2Fimage_3.jpg%3Fv%3D638671968340600000""]",Good as nude. Here for a flash trend—literally!—our knit meshed transparent Nyx Short with built-in underwear.,https://shop.harpersbazaar.com/nyx-short-1731433032367-90366/p
Jupiter Capri,Live The Process,125.0,"[""https://harpersbazaarprod.vtexassets.com/unsafe/154x0/center/middle/filters:quality(60)/https%3A%2F%2Fharpersbazaarprod.vtexassets.com%2Farquivos%2Fids%2F605551%2Fimage_1.jpg%3Fv%3D638663689985370000"", ""https://harpersbazaarprod.vtexassets.com/unsafe/154x0/center/middle/filters:quality(60)/https%3A%2F%2Fharpersbazaarprod.vtexassets.com%2Farquivos%2Fids%2F605553%2Fimage_2.jpg%3Fv%3D638670168148430000"", ""https://harpersbazaarprod.vtexassets.com/unsafe/154x0/center/middle/filters:quality(60)/https%3A%2F%2Fharpersbazaarprod.vtexassets.com%2Farquivos%2Fids%2F605552%2Fimage_3.jpg%3Fv%3D638670168145000000""]","Our Jupiter Capri is built for versatility, elegantly cutting just below the knee. Designed with a supportive waistband, this flattering style embraces every body type, offering sophistication and ease to dress up or down.",https://shop.harpersbazaar.com/jupiter-capri-1730772198049-84816/p
Women's Bamboo Jogger Pant,Cozy Earth,132.0,"[""https://harpersbazaarprod.vtexassets.com/unsafe/154x0/center/middle/filters:quality(60)/https%3A%2F%2Fharpersbazaarprod.vtexassets.com%2Farquivos%2Fids%2F191183%2Fimage_1.jpg%3Fv%3D638495896735600000"", ""https://harpersbazaarprod.vtexassets.com/unsafe/154x0/center/middle/filters:quality(60)/https%3A%2F%2Fharpersbazaarprod.vtexassets.com%2Farquivos%2Fids%2F191185%2Fimage_2.jpg%3Fv%3D638624232587670000"", ""https://harpersbazaarprod.vtexassets.com/unsafe/154x0/center/middle/filters:quality(60)/https%3A%2F%2Fharpersbazaarprod.vtexassets.com%2Farquivos%2Fids%2F191184%2Fimage_3.jpg%3Fv%3D638624232585630000"", ""https://harpersbazaarprod.vtexassets.com/unsafe/154x0/center/middle/filters:quality(60)/https%3A%2F%2Fharpersbazaarprod.vtexassets.com%2Farquivos%2Fids%2F191180%2Fimage_4.jpg%3Fv%3D638495896730070000"", ""https://harpersbazaarprod.vtexassets.com/unsafe/154x0/center/middle/filters:quality(60)/https%3A%2F%2Fharpersbazaarprod.vtexassets.com%2Farquivos%2Fids%2F191179%2Fimage_5.jpg%3Fv%3D638624232582070000"", ""https://harpersbazaarprod.vtexassets.com/unsafe/154x0/center/middle/filters:quality(60)/https%3A%2F%2Fharpersbazaarprod.vtexassets.com%2Farquivos%2Fids%2F191182%2Fimage_6.jpg%3Fv%3D638624232583770000"", ""https://harpersbazaarprod.vtexassets.com/unsafe/154x0/center/middle/filters:quality(60)/https%3A%2F%2Fharpersbazaarprod.vtexassets.com%2Farquivos%2Fids%2F191181%2Fimage_7.jpg%3Fv%3D638495896732470000"", ""https://harpersbazaarprod.vtexassets.com/unsafe/154x0/center/middle/filters:quality(60)/https%3A%2F%2Fharpersbazaarprod.vtexassets.com%2Farquivos%2Fids%2F191178%2Fimage_8.jpg%3Fv%3D638495896725670000""]","Our irresistibly soft Women’s Bamboo Joggers, made with Viscose from Bamboo, have all the coziness of pajamas woven into a stylish silhouette you can wear just about anywhere. With their flattering fit and phone-friendly side pockets, these super soft joggers will be your softest all-season staple wardrobe whether you’re staying in or stepping out.

Awarded Oprah's Favorite Things 2020",https://shop.harpersbazaar.com/womens-bamboo-jogger-pant-1713992833742-5274/p
Chic Shining Satin Sarong Skirt - Notte,Forte Forte,525.0,"[""https://harpersbazaarprod.vtexassets.com/unsafe/154x0/center/middle/filters:quality(60)/https%3A%2F%2Fharpersbazaarprod.vtexassets.com%2Farquivos%2Fids%2F689179%2Fimage_1.jpg%3Fv%3D638694509918770000"", ""https://harpersbazaarprod.vtexassets.com/unsafe/154x0/center/middle/filters:quality(60)/https%3A%2F%2Fharpersbazaarprod.vtexassets.com%2Farquivos%2Fids%2F689181%2Fimage_2.jpg%3Fv%3D638695224253770000"", ""https://harpersbazaarprod.vtexassets.com/unsafe/154x0/center/middle/filters:quality(60)/https%3A%2F%2Fharpersbazaarprod.vtexassets.com%2Farquivos%2Fids%2F689180%2Fimage_3.jpg%3Fv%3D638694509921430000"", ""https://harpersbazaarprod.vtexassets.com/unsafe/154x0/center/middle/filters:quality(60)/https%3A%2F%2Fharpersbazaarprod.vtexassets.com%2Farquivos%2Fids%2F689178%2Fimage_4.jpg%3Fv%3D638695224251200000""]","The Forte Forte Chic Shining Satin Sarong Skirt is perfect for an evening out. This Midi Skirt features a Flattering Wrap front in Lightweight Satin. Wear yours with a sweater and heels. 
 
Fit Description 
•	Fits true to size, take your normal size 
•	Midi Length 
•	Wrap Front 
•	A-Line Silhouette 
•	100% Polyester 
•	Harriet is wearing a size 0/ XS
 
Model Measurements
•	Bust: 32""
•	Waist: 24""
•	Hips: 30.5""
•	Height: 5’8.5”",https://shop.harpersbazaar.com/chic-shining-satin-sarong-skirt-notte-1733854190667-101889/p
Clotho Corduroy Chino Skirt,THEO The Label,245.0,"[""https://harpersbazaarprod.vtexassets.com/unsafe/154x0/center/middle/filters:quality(60)/https%3A%2F%2Fharpersbazaarprod.vtexassets.com%2Farquivos%2Fids%2F539655%2Fimage_1.jpg%3Fv%3D638635789224100000"", ""https://harpersbazaarprod.vtexassets.com/unsafe/154x0/center/middle/filters:quality(60)/https%3A%2F%2Fharpersbazaarprod.vtexassets.com%2Farquivos%2Fids%2F539657%2Fimage_2.jpg%3Fv%3D638641620266400000"", ""https://harpersbazaarprod.vtexassets.com/unsafe/154x0/center/middle/filters:quality(60)/https%3A%2F%2Fharpersbazaarprod.vtexassets.com%2Farquivos%2Fids%2F539656%2Fimage_3.jpg%3Fv%3D638641620264000000"", ""https://harpersbazaarprod.vtexassets.com/unsafe/154x0/center/middle/filters:quality(60)/https%3A%2F%2Fharpersbazaarprod.vtexassets.com%2Farquivos%2Fids%2F539654%2Fimage_4.jpg%3Fv%3D638641620261100000""]",The Clotho Corduroy Chino Skirt combines softness and style in a Non-Wool Cotton Blend. This sexy classic offers comfort and features pockets for added functionality.,https://shop.harpersbazaar.com/clotho-corduroy-chino-skirt-1727982120961-69465/p
Barre Seamless Short,Alala,55.0,"[""https://harpersbazaarprod.vtexassets.com/unsafe/154x0/center/middle/filters:quality(60)/https%3A%2F%2Fharpersbazaarprod.vtexassets.com%2Farquivos%2Fids%2F184395%2Fimage_1.jpg%3Fv%3D638465428565400000"", ""https://harpersbazaarprod.vtexassets.com/unsafe/154x0/center/middle/filters:quality(60)/https%3A%2F%2Fharpersbazaarprod.vtexassets.com%2Farquivos%2Fids%2F184397%2Fimage_2.jpg%3Fv%3D638465428570830000"", ""https://harpersbazaarprod.vtexassets.com/unsafe/154x0/center/middle/filters:quality(60)/https%3A%2F%2Fharpersbazaarprod.vtexassets.com%2Farquivos%2Fids%2F184396%2Fimage_3.jpg%3Fv%3D638465428569270000"", ""https://harpersbazaarprod.vtexassets.com/unsafe/154x0/center/middle/filters:quality(60)/https%3A%2F%2Fharpersbazaarprod.vtexassets.com%2Farquivos%2Fids%2F184394%2Fimage_4.jpg%3Fv%3D638465428563400000"", ""https://harpersbazaarprod.vtexassets.com/unsafe/154x0/center/middle/filters:quality(60)/https%3A%2F%2Fharpersbazaarprod.vtexassets.com%2Farquivos%2Fids%2F184393%2Fimage_5.jpg%3Fv%3D638465428559170000""]","A winner for your next workout. Offering a complete range of motion and reliable seamless support, these flattering black seamless shorts for women will inspire you to go far.

This style of black seamless workout shorts runs true to size.",https://shop.harpersbazaar.com/barre-seamless-short-1710946052918-4394/p
Eden Crest Disco Short,Sporty & Rich,110.0,"[""https://harpersbazaarprod.vtexassets.com/unsafe/154x0/center/middle/filters:quality(60)/https%3A%2F%2Fharpersbazaarprod.vtexassets.com%2Farquivos%2Fids%2F528232%2Fimage_1.jpg%3Fv%3D638630537488630000"", ""https://harpersbazaarprod.vtexassets.com/unsafe/154x0/center/middle/filters:quality(60)/https%3A%2F%2Fharpersbazaarprod.vtexassets.com%2Farquivos%2Fids%2F528234%2Fimage_2.jpg%3Fv%3D638639064243230000"", ""https://harpersbazaarprod.vtexassets.com/unsafe/154x0/center/middle/filters:quality(60)/https%3A%2F%2Fharpersbazaarprod.vtexassets.com%2Farquivos%2Fids%2F528233%2Fimage_3.jpg%3Fv%3D638639064241070000"", ""https://harpersbazaarprod.vtexassets.com/unsafe/154x0/center/middle/filters:quality(60)/https%3A%2F%2Fharpersbazaarprod.vtexassets.com%2Farquivos%2Fids%2F528231%2Fimage_4.jpg%3Fv%3D638630537487430000"", ""https://harpersbazaarprod.vtexassets.com/unsafe/154x0/center/middle/filters:quality(60)/https%3A%2F%2Fharpersbazaarprod.vtexassets.com%2Farquivos%2Fids%2F528230%2Fimage_5.jpg%3Fv%3D638639064239030000""]","Super-Short, Heavy Jersey Shorts
Elastic Waistband 
Two Side Pockets and One Back Pocket
100% Cotton, 9oz.Shrink Free
Garment Dyed 

Dimensions: Model is 5'9""/175cm and is wearing a size S 
Composition: 100% Cotton 
Care: Care According to Label",https://shop.harpersbazaar.com/eden-crest-disco-short-1727456948099-66842/p
Naia Legging,Live The Process,135.0,"[""https://harpersbazaarprod.vtexassets.com/unsafe/154x0/center/middle/filters:quality(60)/https%3A%2F%2Fharpersbazaarprod.vtexassets.com%2Farquivos%2Fids%2F627963%2Fimage_1.jpg%3Fv%3D638671842095630000"", ""https://harpersbazaarprod.vtexassets.com/unsafe/154x0/center/middle/filters:quality(60)/https%3A%2F%2Fharpersbazaarprod.vtexassets.com%2Farquivos%2Fids%2F627965%2Fimage_2.jpg%3Fv%3D638671842104370000"", ""https://harpersbazaarprod.vtexassets.com/unsafe/154x0/center/middle/filters:quality(60)/https%3A%2F%2Fharpersbazaarprod.vtexassets.com%2Farquivos%2Fids%2F627964%2Fimage_3.jpg%3Fv%3D638671842099700000""]","Go long. A Silhouette that will have you jumping for joy, our full-length Naia Legging features flirty crossover detailing on either side.",https://shop.harpersbazaar.com/naia-legging-1731432837250-90210/p
Desta | Pants,Lemlem,325.0,"[""https://harpersbazaarprod.vtexassets.com/unsafe/154x0/center/middle/filters:quality(60)/https%3A%2F%2Fharpersbazaarprod.vtexassets.com%2Farquivos%2Fids%2F613573%2Fimage_1.jpg%3Fv%3D638666839464800000""]","The Niku Red Collection features a custom-designed print inspired by ancient architectural patterns, blending the classic with the contemporary. The design is brought to life with a Rich, Vibrant Red, perfectly grounded by creamy ivory for a striking and timeless look. The Desta pants feature a wide, flattering leg and an elastic waistband for a comfortable, relaxed fit. Front and back patch pockets for a functional, laid-back vibe. The elastic waist offers a comfortable and secured fit. Responsibly-made in Africa, this silhouette is cut in crisp yet drapey European Flax Linen, offering a perfect balance between structure and softness.",https://shop.harpersbazaar.com/desta-pants-1731087139842-86530/p
Refined Sateen Foldover Wrap Skirt,Rebecca Taylor,390.0,"[""https://harpersbazaarprod.vtexassets.com/unsafe/154x0/center/middle/filters:quality(60)/https%3A%2F%2Fharpersbazaarprod.vtexassets.com%2Farquivos%2Fids%2F446593%2Fimage_1.jpg%3Fv%3D638603820429200000"", ""https://harpersbazaarprod.vtexassets.com/unsafe/154x0/center/middle/filters:quality(60)/https%3A%2F%2Fharpersbazaarprod.vtexassets.com%2Farquivos%2Fids%2F446595%2Fimage_2.jpg%3Fv%3D638603820432030000"", ""https://harpersbazaarprod.vtexassets.com/unsafe/154x0/center/middle/filters:quality(60)/https%3A%2F%2Fharpersbazaarprod.vtexassets.com%2Farquivos%2Fids%2F446594%2Fimage_3.jpg%3Fv%3D638603820430930000"", ""https://harpersbazaarprod.vtexassets.com/unsafe/154x0/center/middle/filters:quality(60)/https%3A%2F%2Fharpersbazaarprod.vtexassets.com%2Farquivos%2Fids%2F446592%2Fimage_4.jpg%3Fv%3D638598582524470000"", ""https://harpersbazaarprod.vtexassets.com/unsafe/154x0/center/middle/filters:quality(60)/https%3A%2F%2Fharpersbazaarprod.vtexassets.com%2Farquivos%2Fids%2F446591%2Fimage_5.jpg%3Fv%3D638603820426700000"", ""https://harpersbazaarprod.vtexassets.com/unsafe/154x0/center/middle/filters:quality(60)/https%3A%2F%2Fharpersbazaarprod.vtexassets.com%2Farquivos%2Fids%2F463899%2Fimage_6.jpg%3Fv%3D638603820428130000""]","Featuring a fold over design and a flattering wrap silhouette, this Skirt is perfect for both professional and casual settings. The button detail adds a chic touch, making it a versatile piece for any occasion.",https://shop.harpersbazaar.com/refined-sateen-foldover-wrap-skirt-1723672882037-47698/p
Knit Column Skirt,LaQuan Smith,1250.0,"[""https://harpersbazaarprod.vtexassets.com/unsafe/154x0/center/middle/filters:quality(60)/https%3A%2F%2Fharpersbazaarprod.vtexassets.com%2Farquivos%2Fids%2F599729%2Fimage_1.jpg%3Fv%3D638660054033770000"", ""https://harpersbazaarprod.vtexassets.com/unsafe/154x0/center/middle/filters:quality(60)/https%3A%2F%2Fharpersbazaarprod.vtexassets.com%2Farquivos%2Fids%2F599731%2Fimage_2.jpg%3Fv%3D638664984311470000"", ""https://harpersbazaarprod.vtexassets.com/unsafe/154x0/center/middle/filters:quality(60)/https%3A%2F%2Fharpersbazaarprod.vtexassets.com%2Farquivos%2Fids%2F599730%2Fimage_3.jpg%3Fv%3D638664984307700000"", ""https://harpersbazaarprod.vtexassets.com/unsafe/154x0/center/middle/filters:quality(60)/https%3A%2F%2Fharpersbazaarprod.vtexassets.com%2Farquivos%2Fids%2F599728%2Fimage_4.jpg%3Fv%3D638664984304570000"", ""https://harpersbazaarprod.vtexassets.com/unsafe/154x0/center/middle/filters:quality(60)/https%3A%2F%2Fharpersbazaarprod.vtexassets.com%2Farquivos%2Fids%2F599727%2Fimage_5.jpg%3Fv%3D638664984302500000""]","Slinky Long Knit Column Skirt
Pull-on with elastic waistband
Slim fit
Shimmery Viscose blend
Dimensions: Model is 5'9""/175cm and is wearing a size S

Composition: 70% Viscose, 30% Polyester

Care: Care according to label",https://shop.harpersbazaar.com/knit-column-skirt-1730408519897-83387/p
Ruffled Skirt,Loewe,1950.0,"[""https://harpersbazaarprod.vtexassets.com/unsafe/154x0/center/middle/filters:quality(60)/https%3A%2F%2Fharpersbazaarprod.vtexassets.com%2Farquivos%2Fids%2F442479%2Fimage_1.jpg%3Fv%3D638591778509030000"", ""https://harpersbazaarprod.vtexassets.com/unsafe/154x0/center/middle/filters:quality(60)/https%3A%2F%2Fharpersbazaarprod.vtexassets.com%2Farquivos%2Fids%2F442481%2Fimage_2.jpg%3Fv%3D638592336234430000"", ""https://harpersbazaarprod.vtexassets.com/unsafe/154x0/center/middle/filters:quality(60)/https%3A%2F%2Fharpersbazaarprod.vtexassets.com%2Farquivos%2Fids%2F442480%2Fimage_3.jpg%3Fv%3D638592336232400000"", ""https://harpersbazaarprod.vtexassets.com/unsafe/154x0/center/middle/filters:quality(60)/https%3A%2F%2Fharpersbazaarprod.vtexassets.com%2Farquivos%2Fids%2F442478%2Fimage_4.jpg%3Fv%3D638592336219400000"", ""https://harpersbazaarprod.vtexassets.com/unsafe/154x0/center/middle/filters:quality(60)/https%3A%2F%2Fharpersbazaarprod.vtexassets.com%2Farquivos%2Fids%2F442477%2Fimage_5.jpg%3Fv%3D638592336217800000""]","Short length
Mid waist
Asymmetric silhouette
Layered construction with gathered seams
Ribbed Silk Jersey waistband
Seam pocket on one side 
Dimensions: Model is 5'9""/175cm and is wearing a size 36 
Composition: Silk 
Care: Care according to label",https://shop.harpersbazaar.com/ruffled-skirt-1723581050068-46736/p
Draped Fine Knit Skirt - Black,Toteme,520.0,"[""https://harpersbazaarprod.vtexassets.com/unsafe/154x0/center/middle/filters:quality(60)/https%3A%2F%2Fharpersbazaarprod.vtexassets.com%2Farquivos%2Fids%2F564623%2Fimage_1.jpg%3Fv%3D638646399587930000"", ""https://harpersbazaarprod.vtexassets.com/unsafe/154x0/center/middle/filters:quality(60)/https%3A%2F%2Fharpersbazaarprod.vtexassets.com%2Farquivos%2Fids%2F564625%2Fimage_2.jpg%3Fv%3D638652168323830000"", ""https://harpersbazaarprod.vtexassets.com/unsafe/154x0/center/middle/filters:quality(60)/https%3A%2F%2Fharpersbazaarprod.vtexassets.com%2Farquivos%2Fids%2F564624%2Fimage_3.jpg%3Fv%3D638652168322730000"", ""https://harpersbazaarprod.vtexassets.com/unsafe/154x0/center/middle/filters:quality(60)/https%3A%2F%2Fharpersbazaarprod.vtexassets.com%2Farquivos%2Fids%2F564622%2Fimage_4.jpg%3Fv%3D638652168320700000""]","The Toteme Draped Fine Knit Skirt is knitted with an attached waist panel that wraps around the hips for sculptural draping. It is made from Light Merino Wool and Silk to a midi silhouette suspended from an elasticated waistband. 
 
Fit Description 
Fits true to size, take your normal size 
Elasticated waistband
Attached waist panel
75% Wool RWS, 25% Silk
Cool hand wash
Harriet is wearing a size XS

Model Meausurements
Bust: 32""
Waist: 24""
Hips: 30.5""
Height: 5’8.5”",https://shop.harpersbazaar.com/draped-fine-knit-skirt-black-1729043080291-75569/p
Marinta Pant,Khaite,1580.0,"[""https://harpersbazaarprod.vtexassets.com/unsafe/154x0/center/middle/filters:quality(60)/https%3A%2F%2Fharpersbazaarprod.vtexassets.com%2Farquivos%2Fids%2F635511%2Fimage_1.jpg%3Fv%3D638672419950570000"", ""https://harpersbazaarprod.vtexassets.com/unsafe/154x0/center/middle/filters:quality(60)/https%3A%2F%2Fharpersbazaarprod.vtexassets.com%2Farquivos%2Fids%2F635513%2Fimage_2.jpg%3Fv%3D638672419953370000"", ""https://harpersbazaarprod.vtexassets.com/unsafe/154x0/center/middle/filters:quality(60)/https%3A%2F%2Fharpersbazaarprod.vtexassets.com%2Farquivos%2Fids%2F635512%2Fimage_3.jpg%3Fv%3D638677170327900000"", ""https://harpersbazaarprod.vtexassets.com/unsafe/154x0/center/middle/filters:quality(60)/https%3A%2F%2Fharpersbazaarprod.vtexassets.com%2Farquivos%2Fids%2F635510%2Fimage_4.jpg%3Fv%3D638677170325030000"", ""https://harpersbazaarprod.vtexassets.com/unsafe/154x0/center/middle/filters:quality(60)/https%3A%2F%2Fharpersbazaarprod.vtexassets.com%2Farquivos%2Fids%2F635509%2Fimage_5.jpg%3Fv%3D638677170323300000""]","The Khaite Marinta Pant is a chic and versatile essential featuring a classic waistband, angled side pockets and back welt pockets. These elegantly elongated trousers are shaped by deep, angled pleats that create a sophisticated silhouette.",https://shop.harpersbazaar.com/marinta-pant-1731645194354-92587/p
Cora Button Skirt,Dwarmis,455.0,"[""https://harpersbazaarprod.vtexassets.com/unsafe/154x0/center/middle/filters:quality(60)/https%3A%2F%2Fharpersbazaarprod.vtexassets.com%2Farquivos%2Fids%2F466546%2Fimage_1.jpg%3Fv%3D638606250171370000"", ""https://harpersbazaarprod.vtexassets.com/unsafe/154x0/center/middle/filters:quality(60)/https%3A%2F%2Fharpersbazaarprod.vtexassets.com%2Farquivos%2Fids%2F466548%2Fimage_2.jpg%3Fv%3D638606250177000000"", ""https://harpersbazaarprod.vtexassets.com/unsafe/154x0/center/middle/filters:quality(60)/https%3A%2F%2Fharpersbazaarprod.vtexassets.com%2Farquivos%2Fids%2F466547%2Fimage_3.jpg%3Fv%3D638606250173070000"", ""https://harpersbazaarprod.vtexassets.com/unsafe/154x0/center/middle/filters:quality(60)/https%3A%2F%2Fharpersbazaarprod.vtexassets.com%2Farquivos%2Fids%2F466443%2Fimage_4.jpg%3Fv%3D638606250168070000""]","Product Details:

The Cora Button Skirt is a standout piece that makes a statement. With an adjustable waist and eye-catching gold buttons, it offers a flawless fit. Made from elegant, fluid piece-dyed twill, this skirt is your go-to for any occasion. For a show-stopping look, pair it with our Lala Tie Top.

Made in New York City

Material and Care:

•	Fabric: Woven Twill-Rayon 90%, Polyester 10%
•	Adjustable waist
•	7 gold buttons
•	Dry clean only
•	Length: 38 1/2″ (97.79 cm)
•	Style #1301",https://shop.harpersbazaar.com/cora-button-skirt-1724974267320-51689/p
Uta Pants - Pumpkin,Andrea Iyamah,270.0,"[""https://harpersbazaarprod.vtexassets.com/unsafe/154x0/center/middle/filters:quality(60)/https%3A%2F%2Fharpersbazaarprod.vtexassets.com%2Farquivos%2Fids%2F675883%2Fimage_1.jpg%3Fv%3D638690994066530000"", ""https://harpersbazaarprod.vtexassets.com/unsafe/154x0/center/middle/filters:quality(60)/https%3A%2F%2Fharpersbazaarprod.vtexassets.com%2Farquivos%2Fids%2F675885%2Fimage_2.jpg%3Fv%3D638690994069500000"", ""https://harpersbazaarprod.vtexassets.com/unsafe/154x0/center/middle/filters:quality(60)/https%3A%2F%2Fharpersbazaarprod.vtexassets.com%2Farquivos%2Fids%2F675884%2Fimage_3.jpg%3Fv%3D638690994067930000"", ""https://harpersbazaarprod.vtexassets.com/unsafe/154x0/center/middle/filters:quality(60)/https%3A%2F%2Fharpersbazaarprod.vtexassets.com%2Farquivos%2Fids%2F675878%2Fimage_4.jpg%3Fv%3D638687919509030000"", ""https://harpersbazaarprod.vtexassets.com/unsafe/154x0/center/middle/filters:quality(60)/https%3A%2F%2Fharpersbazaarprod.vtexassets.com%2Farquivos%2Fids%2F675877%2Fimage_5.jpg%3Fv%3D638690994057300000"", ""https://harpersbazaarprod.vtexassets.com/unsafe/154x0/center/middle/filters:quality(60)/https%3A%2F%2Fharpersbazaarprod.vtexassets.com%2Farquivos%2Fids%2F675881%2Fimage_6.jpg%3Fv%3D638690994062300000"", ""https://harpersbazaarprod.vtexassets.com/unsafe/154x0/center/middle/filters:quality(60)/https%3A%2F%2Fharpersbazaarprod.vtexassets.com%2Farquivos%2Fids%2F675879%2Fimage_7.jpg%3Fv%3D638690994059030000"", ""https://harpersbazaarprod.vtexassets.com/unsafe/154x0/center/middle/filters:quality(60)/https%3A%2F%2Fharpersbazaarprod.vtexassets.com%2Farquivos%2Fids%2F675876%2Fimage_8.jpg%3Fv%3D638690994055600000"", ""https://harpersbazaarprod.vtexassets.com/unsafe/154x0/center/middle/filters:quality(60)/https%3A%2F%2Fharpersbazaarprod.vtexassets.com%2Farquivos%2Fids%2F675874%2Fimage_9.jpg%3Fv%3D638690994053400000"", ""https://harpersbazaarprod.vtexassets.com/unsafe/154x0/center/middle/filters:quality(60)/https%3A%2F%2Fharpersbazaarprod.vtexassets.com%2Farquivos%2Fids%2F675875%2Fimage_10.jpg%3Fv%3D638687919506830000"", ""https://harpersbazaarprod.vtexassets.com/unsafe/154x0/center/middle/filters:quality(60)/https%3A%2F%2Fharpersbazaarprod.vtexassets.com%2Farquivos%2Fids%2F675882%2Fimage_11.jpg%3Fv%3D638690994064970000"", ""https://harpersbazaarprod.vtexassets.com/unsafe/154x0/center/middle/filters:quality(60)/https%3A%2F%2Fharpersbazaarprod.vtexassets.com%2Farquivos%2Fids%2F675880%2Fimage_12.jpg%3Fv%3D638690994060430000""]","The Uta High Waist Bootcut Pants  are a classic tailored pant designed with fit, comfort and style in mind. Made with premium suiting fabric and an elongating silhouette, this pant is a must-have closet staple...in every colour.

95% Polyester, 5% Spandex
Reinforced waistband
Straight leg
Front pleats and back darts for shaping
Back welt pockets
Center back invisible zipper closure with hook and eye
Inseam: 34.5""""
Lining : 100% Polyester
Hand wash cold, line dry,
Iron low heat
Model (S) is 5'8 and wears a size S",https://shop.harpersbazaar.com/uta-pants-pumpkin-1733195126901-99878/p
Pencil Skirt - Notte,Forte Forte,490.0,"[""https://harpersbazaarprod.vtexassets.com/unsafe/154x0/center/middle/filters:quality(60)/https%3A%2F%2Fharpersbazaarprod.vtexassets.com%2Farquivos%2Fids%2F689311%2Fimage_1.jpg%3Fv%3D638694510296630000"", ""https://harpersbazaarprod.vtexassets.com/unsafe/154x0/center/middle/filters:quality(60)/https%3A%2F%2Fharpersbazaarprod.vtexassets.com%2Farquivos%2Fids%2F689313%2Fimage_2.jpg%3Fv%3D638695278260870000"", ""https://harpersbazaarprod.vtexassets.com/unsafe/154x0/center/middle/filters:quality(60)/https%3A%2F%2Fharpersbazaarprod.vtexassets.com%2Farquivos%2Fids%2F689312%2Fimage_3.jpg%3Fv%3D638695278257100000"", ""https://harpersbazaarprod.vtexassets.com/unsafe/154x0/center/middle/filters:quality(60)/https%3A%2F%2Fharpersbazaarprod.vtexassets.com%2Farquivos%2Fids%2F689310%2Fimage_4.jpg%3Fv%3D638695278254130000""]","The Forte Forte Pencil Skirt will be in your wardrobe for years to come. This Pencil Skirt is crafted in beautiful Viscose–Blend Velvet with a Slim Silhouette. Wear yours with a blouse and heels. 
 
Fit Description 
•	Fits true to size, take your normal size 
•	Pencil Skirt 
•	Slim Silhouette 
•	High Rise 
•	Front Slit 
•	Velvet Material 
•	58% Cotton, 40% Viscose, 2% Elastane
•	Taylor is wearing a size 0/ XS
 
Model Measurements
•	Bust: 33.5""
•	Waist: 27.5""
•	Hips: 36.5""
•	Height: 5’9”",https://shop.harpersbazaar.com/pencil-skirt-notte-1733854194804-101922/p
Beach Short,WARDROBE.NYC,500.0,"[""https://harpersbazaarprod.vtexassets.com/unsafe/154x0/center/middle/filters:quality(60)/https%3A%2F%2Fharpersbazaarprod.vtexassets.com%2Farquivos%2Fids%2F527769%2Fimage_1.jpg%3Fv%3D638630536308130000"", ""https://harpersbazaarprod.vtexassets.com/unsafe/154x0/center/middle/filters:quality(60)/https%3A%2F%2Fharpersbazaarprod.vtexassets.com%2Farquivos%2Fids%2F527771%2Fimage_2.jpg%3Fv%3D638639172356800000"", ""https://harpersbazaarprod.vtexassets.com/unsafe/154x0/center/middle/filters:quality(60)/https%3A%2F%2Fharpersbazaarprod.vtexassets.com%2Farquivos%2Fids%2F527770%2Fimage_3.jpg%3Fv%3D638639172355230000"", ""https://harpersbazaarprod.vtexassets.com/unsafe/154x0/center/middle/filters:quality(60)/https%3A%2F%2Fharpersbazaarprod.vtexassets.com%2Farquivos%2Fids%2F527768%2Fimage_4.jpg%3Fv%3D638630536306570000"", ""https://harpersbazaarprod.vtexassets.com/unsafe/154x0/center/middle/filters:quality(60)/https%3A%2F%2Fharpersbazaarprod.vtexassets.com%2Farquivos%2Fids%2F527767%2Fimage_5.jpg%3Fv%3D638639172354000000""]","Casual, Beach-Style Shorts
Side slit pockets
Elasticated waistband
Dimensions: Model is 5'9""/175cm and is wearing a size S

Composition: 78% Cotton, 22% Polyester
Care: Care according to label",https://shop.harpersbazaar.com/beach-short-1727456824380-66743/p
Charlee Skirts,LK Bennett,275.0,"[""https://harpersbazaarprod.vtexassets.com/unsafe/154x0/center/middle/filters:quality(60)/https%3A%2F%2Fharpersbazaarprod.vtexassets.com%2Farquivos%2Fids%2F667134%2Fimage_1.jpg%3Fv%3D638682401605430000"", ""https://harpersbazaarprod.vtexassets.com/unsafe/154x0/center/middle/filters:quality(60)/https%3A%2F%2Fharpersbazaarprod.vtexassets.com%2Farquivos%2Fids%2F667136%2Fimage_2.jpg%3Fv%3D638688474226130000"", ""https://harpersbazaarprod.vtexassets.com/unsafe/154x0/center/middle/filters:quality(60)/https%3A%2F%2Fharpersbazaarprod.vtexassets.com%2Farquivos%2Fids%2F667135%2Fimage_3.jpg%3Fv%3D638688474222800000"", ""https://harpersbazaarprod.vtexassets.com/unsafe/154x0/center/middle/filters:quality(60)/https%3A%2F%2Fharpersbazaarprod.vtexassets.com%2Farquivos%2Fids%2F679930%2Fimage_4.jpg%3Fv%3D638688474220170000"", ""https://harpersbazaarprod.vtexassets.com/unsafe/154x0/center/middle/filters:quality(60)/https%3A%2F%2Fharpersbazaarprod.vtexassets.com%2Farquivos%2Fids%2F680759%2Fimage_5.jpg%3Fv%3D638689950306000000""]","Teaming up with the Charlee jacket if you're feeling matchy matchy, the Charlee skirt in our Foundations Collection is made using a planet-friendly fabric. Crafted from a Recycled Cotton Blend Italian Tweed in Black, it sits on the waist with an A-line cut, has double pockets with raw edge detail and pewter heritage buttons and it falls above the knee. Throw on the Charlee jacket for suited moments or tuck in a simple top on more casual days.",https://shop.harpersbazaar.com/charlee-skirts-1732643359727-99523/p
Bolt Track Pant,Electric Yoga,118.0,"[""https://harpersbazaarprod.vtexassets.com/unsafe/154x0/center/middle/filters:quality(60)/https%3A%2F%2Fharpersbazaarprod.vtexassets.com%2Farquivos%2Fids%2F488119%2Fimage_1.jpg%3Fv%3D638621064163770000"", ""https://harpersbazaarprod.vtexassets.com/unsafe/154x0/center/middle/filters:quality(60)/https%3A%2F%2Fharpersbazaarprod.vtexassets.com%2Farquivos%2Fids%2F488121%2Fimage_2.jpg%3Fv%3D638617536977500000"", ""https://harpersbazaarprod.vtexassets.com/unsafe/154x0/center/middle/filters:quality(60)/https%3A%2F%2Fharpersbazaarprod.vtexassets.com%2Farquivos%2Fids%2F488120%2Fimage_3.jpg%3Fv%3D638621064166400000"", ""https://harpersbazaarprod.vtexassets.com/unsafe/154x0/center/middle/filters:quality(60)/https%3A%2F%2Fharpersbazaarprod.vtexassets.com%2Farquivos%2Fids%2F488118%2Fimage_4.jpg%3Fv%3D638621064160170000""]","Sporty & street ready, our Y2K-inspired Bolt Track Pant pairs perfectly with our Bolt Track Jacket or on its own as a monochromatic statement piece. 
  
Fabrication & Care

Body: 78% Polyester, 22% Spandex
Straight Leg
Mid rise
Side Pockets
Contrast leg stripes
Moisture Wicking
Quick Dry
Machine Washable 
Tumble Dry Low

Size & Fit

Fits true to size.
Model is 5’8”, with a 32"" bust, 24.5” waist & 37” hips — she wears size S.",https://shop.harpersbazaar.com/bolt-track-pant-1726156895776-57301/p
Tatum Skirt,Hunter Bell,385.0,"[""https://harpersbazaarprod.vtexassets.com/unsafe/154x0/center/middle/filters:quality(60)/https%3A%2F%2Fharpersbazaarprod.vtexassets.com%2Farquivos%2Fids%2F696267%2Fimage-1.jpg%3Fv%3D638703018880630000"", ""https://harpersbazaarprod.vtexassets.com/unsafe/154x0/center/middle/filters:quality(60)/https%3A%2F%2Fharpersbazaarprod.vtexassets.com%2Farquivos%2Fids%2F696269%2Fimage-2.jpg%3Fv%3D638703018883730000"", ""https://harpersbazaarprod.vtexassets.com/unsafe/154x0/center/middle/filters:quality(60)/https%3A%2F%2Fharpersbazaarprod.vtexassets.com%2Farquivos%2Fids%2F696268%2Fimage-3.jpg%3Fv%3D638702605248170000"", ""https://harpersbazaarprod.vtexassets.com/unsafe/154x0/center/middle/filters:quality(60)/https%3A%2F%2Fharpersbazaarprod.vtexassets.com%2Farquivos%2Fids%2F696264%2Fimage-4.jpg%3Fv%3D638703018874070000"", ""https://harpersbazaarprod.vtexassets.com/unsafe/154x0/center/middle/filters:quality(60)/https%3A%2F%2Fharpersbazaarprod.vtexassets.com%2Farquivos%2Fids%2F696263%2Fimage-5.jpg%3Fv%3D638703018871570000"", ""https://harpersbazaarprod.vtexassets.com/unsafe/154x0/center/middle/filters:quality(60)/https%3A%2F%2Fharpersbazaarprod.vtexassets.com%2Farquivos%2Fids%2F696266%2Fimage-6.jpg%3Fv%3D638702605244230000"", ""https://harpersbazaarprod.vtexassets.com/unsafe/154x0/center/middle/filters:quality(60)/https%3A%2F%2Fharpersbazaarprod.vtexassets.com%2Farquivos%2Fids%2F696265%2Fimage-7.jpg%3Fv%3D638703018877730000"", ""https://harpersbazaarprod.vtexassets.com/unsafe/154x0/center/middle/filters:quality(60)/https%3A%2F%2Fharpersbazaarprod.vtexassets.com%2Farquivos%2Fids%2F696262%2Fimage-8.jpg%3Fv%3D638702605234570000""]","The Tatum Skirt is back for resort in our stand out Amalfi Tiles print. This Midi Skirt was crafted to embody both ease and daring style. With a covered elastic waistband and relaxed fit, Tatum offers effortless wearability while allowing for billowy movements.

Details

• Covered elastic waist
• Full skirt
• Side slits
• Side seam pockets
• Contrast cream topstitching throughout side slits

Fit details:

• 36” from top of waistband",https://shop.harpersbazaar.com/tatum-skirt-1734663719426-103224/p
Nicole Pant,Tanya Taylor,425.0,"[""https://harpersbazaarprod.vtexassets.com/unsafe/154x0/center/middle/filters:quality(60)/https%3A%2F%2Fharpersbazaarprod.vtexassets.com%2Farquivos%2Fids%2F690378%2Fimage_1.jpg%3Fv%3D638697024543070000"", ""https://harpersbazaarprod.vtexassets.com/unsafe/154x0/center/middle/filters:quality(60)/https%3A%2F%2Fharpersbazaarprod.vtexassets.com%2Farquivos%2Fids%2F690862%2Fimage_2.jpg%3Fv%3D638699418050070000"", ""https://harpersbazaarprod.vtexassets.com/unsafe/154x0/center/middle/filters:quality(60)/https%3A%2F%2Fharpersbazaarprod.vtexassets.com%2Farquivos%2Fids%2F690861%2Fimage_3.jpg%3Fv%3D638699418048600000"", ""https://harpersbazaarprod.vtexassets.com/unsafe/154x0/center/middle/filters:quality(60)/https%3A%2F%2Fharpersbazaarprod.vtexassets.com%2Farquivos%2Fids%2F690860%2Fimage_4.jpg%3Fv%3D638699418047530000"", ""https://harpersbazaarprod.vtexassets.com/unsafe/154x0/center/middle/filters:quality(60)/https%3A%2F%2Fharpersbazaarprod.vtexassets.com%2Farquivos%2Fids%2F690859%2Fimage_5.jpg%3Fv%3D638699418045970000""]","Designed in a Crisp Indigo Blue Denim, the Nicole Pant is our twist on a Classic Denim Jean.

Featuring front and back patch pockets and a bootcut fit, Nicole is an effortless option for everyday ease of wear.

This season, style the Nicole Pant back to the Marina Stripe Top for an effortlessly chic look.

Product Details:
• Full length
• Mid-rise
• Bootcut
• Unlined
• Denim
• Functional front and back patch pockets
• Center front zip with hook and bar and interior button

Fit Details:
• True to size
• Klara is 5'9"" and wears a size 2
• Pant has 34"" inseam",https://shop.harpersbazaar.com/nicole-pant-1734105653308-102130/p
Slip Skirt,WARDROBE.NYC,600.0,"[""https://harpersbazaarprod.vtexassets.com/unsafe/154x0/center/middle/filters:quality(60)/https%3A%2F%2Fharpersbazaarprod.vtexassets.com%2Farquivos%2Fids%2F526657%2Fimage_1.jpg%3Fv%3D638630533292930000"", ""https://harpersbazaarprod.vtexassets.com/unsafe/154x0/center/middle/filters:quality(60)/https%3A%2F%2Fharpersbazaarprod.vtexassets.com%2Farquivos%2Fids%2F526659%2Fimage_2.jpg%3Fv%3D638630533296230000"", ""https://harpersbazaarprod.vtexassets.com/unsafe/154x0/center/middle/filters:quality(60)/https%3A%2F%2Fharpersbazaarprod.vtexassets.com%2Farquivos%2Fids%2F526658%2Fimage_3.jpg%3Fv%3D638639028160270000"", ""https://harpersbazaarprod.vtexassets.com/unsafe/154x0/center/middle/filters:quality(60)/https%3A%2F%2Fharpersbazaarprod.vtexassets.com%2Farquivos%2Fids%2F526656%2Fimage_4.jpg%3Fv%3D638639028158400000"", ""https://harpersbazaarprod.vtexassets.com/unsafe/154x0/center/middle/filters:quality(60)/https%3A%2F%2Fharpersbazaarprod.vtexassets.com%2Farquivos%2Fids%2F526655%2Fimage_5.jpg%3Fv%3D638630533289500000""]","Slip-Style skirt
Midi length
Elasticated waistband 
Dimensions: Model is 5'9""/175cm and is wearing a size S 

Composition: 100% Viscose 
Care: Care according to label",https://shop.harpersbazaar.com/slip-skirt-1727456528588-66499/p
Denim Midi Skirt - Cool Blue,Toteme,520.0,"[""https://harpersbazaarprod.vtexassets.com/unsafe/154x0/center/middle/filters:quality(60)/https%3A%2F%2Fharpersbazaarprod.vtexassets.com%2Farquivos%2Fids%2F407685%2Fimage_1.jpg%3Fv%3D638576245433800000"", ""https://harpersbazaarprod.vtexassets.com/unsafe/154x0/center/middle/filters:quality(60)/https%3A%2F%2Fharpersbazaarprod.vtexassets.com%2Farquivos%2Fids%2F407687%2Fimage_2.jpg%3Fv%3D638586468078900000"", ""https://harpersbazaarprod.vtexassets.com/unsafe/154x0/center/middle/filters:quality(60)/https%3A%2F%2Fharpersbazaarprod.vtexassets.com%2Farquivos%2Fids%2F407686%2Fimage_3.jpg%3Fv%3D638586468075600000"", ""https://harpersbazaarprod.vtexassets.com/unsafe/154x0/center/middle/filters:quality(60)/https%3A%2F%2Fharpersbazaarprod.vtexassets.com%2Farquivos%2Fids%2F407684%2Fimage_4.jpg%3Fv%3D638586468073600000""]","The Toteme Denim Midi Skirt is an on-trend addition to your wardrobe. This Denim Skirt features a classic straight silhouette with a front slit in a light wash. Wear yours with a blouse tucked in and sandals.

Fit Description

Fits true to size, take your normal size
Denim Skirt
Knee length
Straight Silhouette
Front slit
Minimal stretch
100% Organic Cotton
Celeste is wearing a size 34/ 2 US

Model Measurements

Bust: 35""
Waist: 25.5""
Hips: 34""
Height: 5’10""",https://shop.harpersbazaar.com/denim-midi-skirt-cool-blue-1722027742381-38954/p
Pleated Straight Leg Pant,Brunello Cucinelli,1850.0,"[""https://harpersbazaarprod.vtexassets.com/unsafe/154x0/center/middle/filters:quality(60)/https%3A%2F%2Fharpersbazaarprod.vtexassets.com%2Farquivos%2Fids%2F231195%2Fimage_1.jpg%3Fv%3D638574357892030000"", ""https://harpersbazaarprod.vtexassets.com/unsafe/154x0/center/middle/filters:quality(60)/https%3A%2F%2Fharpersbazaarprod.vtexassets.com%2Farquivos%2Fids%2F231197%2Fimage_2.jpg%3Fv%3D638574357896570000"", ""https://harpersbazaarprod.vtexassets.com/unsafe/154x0/center/middle/filters:quality(60)/https%3A%2F%2Fharpersbazaarprod.vtexassets.com%2Farquivos%2Fids%2F231196%2Fimage_3.jpg%3Fv%3D638574357894070000"", ""https://harpersbazaarprod.vtexassets.com/unsafe/154x0/center/middle/filters:quality(60)/https%3A%2F%2Fharpersbazaarprod.vtexassets.com%2Farquivos%2Fids%2F231194%2Fimage_4.jpg%3Fv%3D638574357889870000"", ""https://harpersbazaarprod.vtexassets.com/unsafe/154x0/center/middle/filters:quality(60)/https%3A%2F%2Fharpersbazaarprod.vtexassets.com%2Farquivos%2Fids%2F231193%2Fimage_5.jpg%3Fv%3D638574357885630000""]","Brunello Cucinelli Pleated Straight Leg Pant in Chalk.
Cotton/Linen
Dry Clean
Made in Italy",https://shop.harpersbazaar.com/pleated-straight-leg-pant-1721838988218-12857/p
Hotel Du Cap Cursive Poplin Short,Sporty & Rich,110.0,"[""https://harpersbazaarprod.vtexassets.com/unsafe/154x0/center/middle/filters:quality(60)/https%3A%2F%2Fharpersbazaarprod.vtexassets.com%2Farquivos%2Fids%2F528342%2Fimage_1.jpg%3Fv%3D638630537784100000"", ""https://harpersbazaarprod.vtexassets.com/unsafe/154x0/center/middle/filters:quality(60)/https%3A%2F%2Fharpersbazaarprod.vtexassets.com%2Farquivos%2Fids%2F528344%2Fimage_2.jpg%3Fv%3D638639172531470000"", ""https://harpersbazaarprod.vtexassets.com/unsafe/154x0/center/middle/filters:quality(60)/https%3A%2F%2Fharpersbazaarprod.vtexassets.com%2Farquivos%2Fids%2F528343%2Fimage_3.jpg%3Fv%3D638639172528400000"", ""https://harpersbazaarprod.vtexassets.com/unsafe/154x0/center/middle/filters:quality(60)/https%3A%2F%2Fharpersbazaarprod.vtexassets.com%2Farquivos%2Fids%2F528341%2Fimage_4.jpg%3Fv%3D638639172525300000"", ""https://harpersbazaarprod.vtexassets.com/unsafe/154x0/center/middle/filters:quality(60)/https%3A%2F%2Fharpersbazaarprod.vtexassets.com%2Farquivos%2Fids%2F528340%2Fimage_5.jpg%3Fv%3D638639172524370000""]","100% Cotton Poplin Shorts
Oversized, Unisex Fit
Elastic Waistband 

Dimensions: Model is 5'9""/175cm and is wearing a size S 
Composition: 100% Cotton 
Care: Care According to Label",https://shop.harpersbazaar.com/hotel-du-cap-cursive-poplin-short-1727456955356-66864/p
Gaia High-Waist Wideleg Pant,THEO The Label,375.0,"[""https://harpersbazaarprod.vtexassets.com/unsafe/154x0/center/middle/filters:quality(60)/https%3A%2F%2Fharpersbazaarprod.vtexassets.com%2Farquivos%2Fids%2F539523%2Fimage_1.jpg%3Fv%3D638635788834000000"", ""https://harpersbazaarprod.vtexassets.com/unsafe/154x0/center/middle/filters:quality(60)/https%3A%2F%2Fharpersbazaarprod.vtexassets.com%2Farquivos%2Fids%2F539525%2Fimage_2.jpg%3Fv%3D638635788836430000"", ""https://harpersbazaarprod.vtexassets.com/unsafe/154x0/center/middle/filters:quality(60)/https%3A%2F%2Fharpersbazaarprod.vtexassets.com%2Farquivos%2Fids%2F539524%2Fimage_3.jpg%3Fv%3D638635788835800000""]","Elevate your style and comfort with the Gaia High-Waist Wide leg Pant, crafted from soft stretch Viscose Fabric for a flawless fit. Featuring an extended waistband tab and an elastic back, these Pants offer both ease and a sleek silhouette. The functional side pockets add practicality, while the flattering bootcut design creates an effortlessly chic look.",https://shop.harpersbazaar.com/gaia-highwaist-wideleg-pant-1727982080920-69435/p
Clio Pleated Dot Skirt,THEO The Label,595.0,"[""https://harpersbazaarprod.vtexassets.com/unsafe/154x0/center/middle/filters:quality(60)/https%3A%2F%2Fharpersbazaarprod.vtexassets.com%2Farquivos%2Fids%2F539660%2Fimage_1.jpg%3Fv%3D638635789246870000"", ""https://harpersbazaarprod.vtexassets.com/unsafe/154x0/center/middle/filters:quality(60)/https%3A%2F%2Fharpersbazaarprod.vtexassets.com%2Farquivos%2Fids%2F539662%2Fimage_2.jpg%3Fv%3D638635789253030000"", ""https://harpersbazaarprod.vtexassets.com/unsafe/154x0/center/middle/filters:quality(60)/https%3A%2F%2Fharpersbazaarprod.vtexassets.com%2Farquivos%2Fids%2F539661%2Fimage_3.jpg%3Fv%3D638641746386700000"", ""https://harpersbazaarprod.vtexassets.com/unsafe/154x0/center/middle/filters:quality(60)/https%3A%2F%2Fharpersbazaarprod.vtexassets.com%2Farquivos%2Fids%2F539659%2Fimage_4.jpg%3Fv%3D638641746382600000"", ""https://harpersbazaarprod.vtexassets.com/unsafe/154x0/center/middle/filters:quality(60)/https%3A%2F%2Fharpersbazaarprod.vtexassets.com%2Farquivos%2Fids%2F539658%2Fimage_5.jpg%3Fv%3D638641746379230000""]","The Clio Pleated Dot Skirt showcases a chic box pleated design crafted from luxurious printed matte Satin Fabric for a polished yet playful look. Featuring practical side seam pockets and a convenient side zip, this Skirt offers both style and functionality.",https://shop.harpersbazaar.com/clio-pleated-dot-skirt-1727982115864-69466/p
Prism Short,Live The Process,70.0,"[""https://harpersbazaarprod.vtexassets.com/unsafe/154x0/center/middle/filters:quality(60)/https%3A%2F%2Fharpersbazaarprod.vtexassets.com%2Farquivos%2Fids%2F628311%2Fimage_1.jpg%3Fv%3D638670298385500000"", ""https://harpersbazaarprod.vtexassets.com/unsafe/154x0/center/middle/filters:quality(60)/https%3A%2F%2Fharpersbazaarprod.vtexassets.com%2Farquivos%2Fids%2F628313%2Fimage_2.jpg%3Fv%3D638671068313370000"", ""https://harpersbazaarprod.vtexassets.com/unsafe/154x0/center/middle/filters:quality(60)/https%3A%2F%2Fharpersbazaarprod.vtexassets.com%2Farquivos%2Fids%2F628312%2Fimage_3.jpg%3Fv%3D638671068310400000""]",Running strong. March to the beat of your own drum in modernized classics. Our Prism Short a little longer than our Geometric Short featuring French seam always delivers.,https://shop.harpersbazaar.com/prism-short-1731433033298-90330/p
Kyra Skirt,Live The Process,290.0,"[""https://harpersbazaarprod.vtexassets.com/unsafe/154x0/center/middle/filters:quality(60)/https%3A%2F%2Fharpersbazaarprod.vtexassets.com%2Farquivos%2Fids%2F607278%2Fimage_1.jpg%3Fv%3D638670276382130000"", ""https://harpersbazaarprod.vtexassets.com/unsafe/154x0/center/middle/filters:quality(60)/https%3A%2F%2Fharpersbazaarprod.vtexassets.com%2Farquivos%2Fids%2F607280%2Fimage_2.jpg%3Fv%3D638663695695600000"", ""https://harpersbazaarprod.vtexassets.com/unsafe/154x0/center/middle/filters:quality(60)/https%3A%2F%2Fharpersbazaarprod.vtexassets.com%2Farquivos%2Fids%2F607279%2Fimage_3.jpg%3Fv%3D638670276385100000""]","Skirting the issue. Add dimension to your day—or night—with our sporty yet elegant swing skirt. Designed to be both fluttering and flattering, it takes you seamlessly from day to night.",https://shop.harpersbazaar.com/kyra-skirt-1730772767133-85393/p
Ponte Merit Pants - Black,Pari Passu,250.0,"[""https://harpersbazaarprod.vtexassets.com/unsafe/154x0/center/middle/filters:quality(60)/https%3A%2F%2Fharpersbazaarprod.vtexassets.com%2Farquivos%2Fids%2F684706%2Fimage_1.jpg%3Fv%3D638694234219000000"", ""https://harpersbazaarprod.vtexassets.com/unsafe/154x0/center/middle/filters:quality(60)/https%3A%2F%2Fharpersbazaarprod.vtexassets.com%2Farquivos%2Fids%2F684708%2Fimage_2.jpg%3Fv%3D638694234222630000"", ""https://harpersbazaarprod.vtexassets.com/unsafe/154x0/center/middle/filters:quality(60)/https%3A%2F%2Fharpersbazaarprod.vtexassets.com%2Farquivos%2Fids%2F684707%2Fimage_3.jpg%3Fv%3D638694234220870000"", ""https://harpersbazaarprod.vtexassets.com/unsafe/154x0/center/middle/filters:quality(60)/https%3A%2F%2Fharpersbazaarprod.vtexassets.com%2Farquivos%2Fids%2F684705%2Fimage_4.jpg%3Fv%3D638694234218370000""]","Clean front, cropped slim pants that sit at the natural waist with an invisible side zip and hidden tab closure. Seams down the front and back center lend a tailored look. The Merit is available in the patented Pari Passu Fit System with 21 size/shape combinations for a flawless fit.

Details
Invisible side zipper
68% Viscose, 27% Nylon, 5% Spandex
Dry Clean Only",https://shop.harpersbazaar.com/ponte-merit-pants-black-1733767211331-100789/p
Stilsman Pant - Black,Proenza Schouler,590.0,"[""https://harpersbazaarprod.vtexassets.com/unsafe/154x0/center/middle/filters:quality(60)/https%3A%2F%2Fharpersbazaarprod.vtexassets.com%2Farquivos%2Fids%2F656167%2Fimage_1.jpg%3Fv%3D638679212040700000"", ""https://harpersbazaarprod.vtexassets.com/unsafe/154x0/center/middle/filters:quality(60)/https%3A%2F%2Fharpersbazaarprod.vtexassets.com%2Farquivos%2Fids%2F656169%2Fimage_2.jpg%3Fv%3D638679212044600000"", ""https://harpersbazaarprod.vtexassets.com/unsafe/154x0/center/middle/filters:quality(60)/https%3A%2F%2Fharpersbazaarprod.vtexassets.com%2Farquivos%2Fids%2F656168%2Fimage_3.jpg%3Fv%3D638679212042230000"", ""https://harpersbazaarprod.vtexassets.com/unsafe/154x0/center/middle/filters:quality(60)/https%3A%2F%2Fharpersbazaarprod.vtexassets.com%2Farquivos%2Fids%2F656166%2Fimage_4.jpg%3Fv%3D638679212039470000""]","The Proenza Schouler Stilsman Pant in Compact Jersey is crafted in ultra-comfortable jersey to a slim silhouette. Refined with front and back seam detailing, an elasticized waistband and stirrup hems.
 
Fit Description 
•	Fits true to size, take your normal size 
•	Stretch fabrication
•	High rise
•	Elasticized waistband
•	Seam detailing
•	Stirrup hems
•	86% Polyamide, 14% Elastane
•	Charley is wearing a size 2
 
Model Measurements
•	Bust: 33”
•	Waist: 25”
•	Hips: 34”
•	Height: 5’8”",https://shop.harpersbazaar.com/stilsman-pant-black-1732324333273-97367/p
Chloe Tapered Cropped Trouser,MODISTE,75.0,"[""https://harpersbazaarprod.vtexassets.com/unsafe/154x0/center/middle/filters:quality(60)/https%3A%2F%2Fharpersbazaarprod.vtexassets.com%2Farquivos%2Fids%2F533963%2Fimage_1.jpg%3Fv%3D638634060612430000"", ""https://harpersbazaarprod.vtexassets.com/unsafe/154x0/center/middle/filters:quality(60)/https%3A%2F%2Fharpersbazaarprod.vtexassets.com%2Farquivos%2Fids%2F533965%2Fimage_2.jpg%3Fv%3D638640036111370000"", ""https://harpersbazaarprod.vtexassets.com/unsafe/154x0/center/middle/filters:quality(60)/https%3A%2F%2Fharpersbazaarprod.vtexassets.com%2Farquivos%2Fids%2F533964%2Fimage_3.jpg%3Fv%3D638640036108400000"", ""https://harpersbazaarprod.vtexassets.com/unsafe/154x0/center/middle/filters:quality(60)/https%3A%2F%2Fharpersbazaarprod.vtexassets.com%2Farquivos%2Fids%2F533961%2Fimage_4.jpg%3Fv%3D638634060606000000"", ""https://harpersbazaarprod.vtexassets.com/unsafe/154x0/center/middle/filters:quality(60)/https%3A%2F%2Fharpersbazaarprod.vtexassets.com%2Farquivos%2Fids%2F533960%2Fimage_5.jpg%3Fv%3D638640036104500000"", ""https://harpersbazaarprod.vtexassets.com/unsafe/154x0/center/middle/filters:quality(60)/https%3A%2F%2Fharpersbazaarprod.vtexassets.com%2Farquivos%2Fids%2F533962%2Fimage_6.jpg%3Fv%3D638640036106070000""]","The Chloe Trouser is this F/W season's in-house trouser. With a tapered leg and a chic front seam detail, they're perfect for pairing with a tee and sneakers or dressing up with a blouse or elegant sweater. The best part? The elasticized waist in the back.",https://shop.harpersbazaar.com/chloe-tapered-cropped-trouser-1727809250990-68502/p
The Split Second Skirt,MOTHER,248.0,"[""https://harpersbazaarprod.vtexassets.com/unsafe/154x0/center/middle/filters:quality(60)/https%3A%2F%2Fharpersbazaarprod.vtexassets.com%2Farquivos%2Fids%2F494414%2Fimage_1.jpg%3Fv%3D638618365072600000"", ""https://harpersbazaarprod.vtexassets.com/unsafe/154x0/center/middle/filters:quality(60)/https%3A%2F%2Fharpersbazaarprod.vtexassets.com%2Farquivos%2Fids%2F494416%2Fimage_2.jpg%3Fv%3D638618365076270000"", ""https://harpersbazaarprod.vtexassets.com/unsafe/154x0/center/middle/filters:quality(60)/https%3A%2F%2Fharpersbazaarprod.vtexassets.com%2Farquivos%2Fids%2F494415%2Fimage_3.jpg%3Fv%3D638622810351000000"", ""https://harpersbazaarprod.vtexassets.com/unsafe/154x0/center/middle/filters:quality(60)/https%3A%2F%2Fharpersbazaarprod.vtexassets.com%2Farquivos%2Fids%2F494413%2Fimage_4.jpg%3Fv%3D638622810348900000"", ""https://harpersbazaarprod.vtexassets.com/unsafe/154x0/center/middle/filters:quality(60)/https%3A%2F%2Fharpersbazaarprod.vtexassets.com%2Farquivos%2Fids%2F494412%2Fimage_5.jpg%3Fv%3D638618365067430000""]","Mother The Split Second Skirt in Mediterranean Muse
90% Cotton 6% Post Consumer Recycled Cott 3% Polyester 1% Elastane
Machine Wash Cold
Made in USA",https://shop.harpersbazaar.com/the-split-second-skirt-1726239706333-58539/p
Drawstring Jogger Pant - Nyon,Co,695.0,"[""https://harpersbazaarprod.vtexassets.com/unsafe/154x0/center/middle/filters:quality(60)/https%3A%2F%2Fharpersbazaarprod.vtexassets.com%2Farquivos%2Fids%2F411334%2Fimage_1.jpg%3Fv%3D638578877851900000"", ""https://harpersbazaarprod.vtexassets.com/unsafe/154x0/center/middle/filters:quality(60)/https%3A%2F%2Fharpersbazaarprod.vtexassets.com%2Farquivos%2Fids%2F411336%2Fimage_2.jpg%3Fv%3D638578877853630000"", ""https://harpersbazaarprod.vtexassets.com/unsafe/154x0/center/middle/filters:quality(60)/https%3A%2F%2Fharpersbazaarprod.vtexassets.com%2Farquivos%2Fids%2F411335%2Fimage_3.jpg%3Fv%3D638587332228270000"", ""https://harpersbazaarprod.vtexassets.com/unsafe/154x0/center/middle/filters:quality(60)/https%3A%2F%2Fharpersbazaarprod.vtexassets.com%2Farquivos%2Fids%2F411333%2Fimage_4.jpg%3Fv%3D638587332224500000""]","Elevated Jogger Pant with drawstring, metal snap closure and center front zip. Featuring turn back self waist, back flap pockets and tonal knee patches. Bias binding finish.

Details

100% Nylon
5127LWN-PS24
Black
Relaxed fit. 
28"" Inseam across all sizes.
Model is 5'9"" and wears a size Small.",https://shop.harpersbazaar.com/drawstring-jogger-pant-in-nyon-1722290959739-39874/p
